mtllib model.mtl
o geometry_0
v -0.1740425080060959 -0.046258214861154556 0.10173922032117844
v -0.17546920478343964 -0.04907801002264023 0.1032969132065773
v -0.17806148529052734 -0.05333929881453514 0.10201453417539597
v -0.013398420996963978 0.08020307123661041 0.14244623482227325
v 0.034274276345968246 0.07988594472408295 0.14215581119060516
v -0.0036553016398102045 0.06093331053853035 0.14641118049621582
v 0.033397141844034195 0.059887949377298355 0.14609922468662262
v 0.030583996325731277 0.10266461223363876 0.13607560098171234
v -0.00936138816177845 0.10442109405994415 0.1361932009458542
v -0.03970298916101456 0.09916993975639343 0.13672024011611938
v -0.031157411634922028 0.06655913591384888 0.14481057226657867
v 0.05441419780254364 0.08298677951097488 0.13994881510734558
v 0.051740437746047974 0.10474923998117447 0.13371528685092926
v -0.008050009608268738 0.13047221302986145 0.12740719318389893
v -0.05367881432175636 0.12887340784072876 0.1265324056148529
v 0.030613545328378677 0.1263273060321808 0.1276872754096985
v 0.052499886602163315 0.12507101893424988 0.12623992562294006
v -0.062392689287662506 0.10000038146972656 0.13465407490730286
v -0.04645805433392525 0.06599397212266922 0.1435582935810089
v -0.07297462224960327 0.12992316484451294 0.12604743242263794
v -0.07726604491472244 0.1073049008846283 0.13240981101989746
v -0.09230715781450272 0.13118292391300201 0.12602175772190094
v -0.10130085051059723 0.12332241982221603 0.12758968770503998
v -0.08851086348295212 0.099606953561306 0.13362334668636322
v -0.07680346071720123 0.1524394154548645 0.11740454286336899
v -0.05242712050676346 0.1620514839887619 0.11308734863996506
v -0.09394963085651398 0.14336839318275452 0.12156256288290024
v 0.030925676226615906 0.14537040889263153 0.12003716081380844
v 0.0027277544140815735 0.15582826733589172 0.11758697777986526
v 0.033661700785160065 0.1614781618118286 0.11396146565675735
v -0.02473294362425804 0.1594984382390976 0.11516139656305313
v 0.005929118953645229 0.16550828516483307 0.11530725657939911
v -0.11355948448181152 0.1434413641691208 0.11925724148750305
v -0.09220738708972931 0.16295501589775085 0.11261668056249619
v -0.03237871825695038 0.1671295464038849 0.11139313131570816
v 0.048106834292411804 0.1634659469127655 0.11140590906143188
v 0.04792189970612526 0.17000095546245575 0.1091727763414383
v 0.059515468776226044 0.15547561645507812 0.11244713515043259
v -0.07032295316457748 0.07350882887840271 0.13854247331619263
v -0.014547944068908691 0.1660810112953186 0.11460353434085846
v 0.033827874809503555 0.16761645674705505 0.11287479102611542
v 0.04233929514884949 0.17380575835704803 0.11134237051010132
v 0.07897913455963135 0.12120495736598969 0.12319320440292358
v -0.11666648834943771 0.16079601645469666 0.11063818633556366
v -0.00021252917940728366 0.03308120369911194 0.15062522888183594
v -0.03466525301337242 0.04381385073065758 0.14785252511501312
v 0.033956632018089294 0.038729794323444366 0.14891453087329865
v 0.08919166028499603 0.1418169140815735 0.11337888985872269
v 0.10292043536901474 0.1306259036064148 0.115400031208992
v 0.11210592091083527 0.16409234702587128 0.10137901455163956
v 0.09297098219394684 0.1617385894060135 0.10401017218828201
v 0.12596827745437622 0.16250893473625183 0.09937969595193863
v 0.08682311326265335 0.156729057431221 0.1059487909078598
v 0.0667482241988182 0.16481266915798187 0.10597901046276093
v 0.077238529920578 0.10688389092683792 0.12769199907779694
v 0.06901410222053528 0.0844448134303093 0.13665460050106049
v 0.12216487526893616 0.18065771460533142 0.09190988540649414
v 0.09207513183355331 0.1802961528301239 0.09432835131883621
v -0.07557905465364456 0.17706407606601715 0.10410221666097641
v -0.08563586324453354 0.18713966012001038 0.099110908806324
v -0.09286409616470337 0.18967047333717346 0.09762664884328842
v -0.0684129074215889 0.1965959668159485 0.09501953423023224
v -0.07039269804954529 0.18939757347106934 0.0973789244890213
v -0.06694626063108444 0.18440386652946472 0.09900105744600296
v -0.055178869515657425 0.17632745206356049 0.1046486645936966
v -0.042788662016391754 0.1736779659986496 0.10727885365486145
v -0.05770592391490936 0.18336087465286255 0.10193193703889847
v 0.133261039853096 0.14781810343265533 0.10250984877347946
v 0.10904602706432343 0.11740104854106903 0.11768922209739685
v 0.04548726975917816 0.04219856485724449 0.1476503610610962
v 0.08859916776418686 0.1742669939994812 0.09683378785848618
v -0.06910503655672073 0.2051612138748169 0.08972303569316864
v -0.11118193715810776 0.18469221889972687 0.09766516089439392
v 0.14062190055847168 0.15897762775421143 0.09657549113035202
v 0.14346089959144592 0.16856461763381958 0.09165952354669571
v 0.08696835488080978 0.16671784222126007 0.10006227344274521
v 0.08397737145423889 0.1669733077287674 0.1003318727016449
v 0.09195837378501892 0.09100815653800964 0.12743091583251953
v 0.06259940564632416 0.0420747809112072 0.14464299380779266
v -0.10448157787322998 0.10110693424940109 0.1310810148715973
v 0.1420736461877823 0.15178616344928741 0.09842828661203384
v 0.14071346819400787 0.1389375776052475 0.10293280333280563
v 0.14365725219249725 0.16154097020626068 0.09590624272823334
v 0.13922816514968872 0.12377412617206573 0.10720545798540115
v 0.12955279648303986 0.10963568091392517 0.1132814809679985
v 0.11356891691684723 0.09261211007833481 0.1211162731051445
v 0.1288522332906723 0.1896483302116394 0.08484923094511032
v 0.05501269921660423 0.1825488954782486 0.10002020001411438
v -0.09108792990446091 0.20014366507530212 0.0906982496380806
v 0.07974983006715775 0.1779053509235382 0.09375330805778503
v 0.07545669376850128 0.18977510929107666 0.08636029809713364
v 0.06696110218763351 0.17753814160823822 0.09704415500164032
v 0.08357344567775726 0.1817660629749298 0.09045808762311935
v 0.06572457402944565 0.19422386586666107 0.08509416878223419
v 0.1442125290632248 0.18065015971660614 0.08452018350362778
v -0.12289967387914658 0.15460172295570374 0.1118057370185852
v 0.08900057524442673 0.188541978597641 0.0880480408668518
v 0.08478258550167084 0.18339547514915466 0.0918547511100769
v 0.0741591826081276 0.06803032755851746 0.1377711445093155
v 0.018632445484399796 -0.012896722182631493 0.1532837152481079
v 0.002573153469711542 -0.01259827520698309 0.15367208421230316
v -0.02265235222876072 -0.004218761809170246 0.15170155465602875
v 0.03739822655916214 -0.008685572072863579 0.15175244212150574
v 0.05196453630924225 0.013153229840099812 0.14902743697166443
v -0.09833221137523651 0.0748516321182251 0.13520973920822144
v -0.06463984400033951 0.035144735127687454 0.14478328824043274
v -0.06039280816912651 0.014606684446334839 0.1476508229970932
v -0.052790578454732895 -0.0016614573542028666 0.14931319653987885
v 0.051268503069877625 -0.011327670887112617 0.15029704570770264
v -0.07909414917230606 0.059150513261556625 0.13877154886722565
v -0.1156134307384491 0.12735846638679504 0.12291502952575684
v 0.09896533936262131 0.06888826191425323 0.12816308438777924
v 0.021196940913796425 -0.07608219236135483 0.1544979214668274
v 0.00019311859796289355 -0.08074072748422623 0.15524818003177643
v 0.04954495280981064 -0.05289103090763092 0.15107765793800354
v 0.05143207311630249 -0.11589473485946655 0.15159229934215546
v 0.0235081035643816 -0.10642059892416 0.15451785922050476
v 0.028247252106666565 -0.15618294477462769 0.1553947627544403
v 0.05115959420800209 -0.15398123860359192 0.1529969871044159
v 0.03214942663908005 -0.17186948657035828 0.15735086798667908
v 0.0067971800453960896 -0.17263896763324738 0.15886707603931427
v -0.0024097724817693233 -0.15085244178771973 0.15681014955043793
v -0.028547581285238266 -0.11477179080247879 0.15406052768230438
v 0.05807292088866234 -0.17167134582996368 0.1540985405445099
v -0.008844081312417984 -0.1720249354839325 0.1587924212217331
v -0.03259453922510147 -0.15890945494174957 0.15672291815280914
v -0.04217709228396416 -0.17043866217136383 0.1575443148612976
v -0.04598463326692581 -0.17256540060043335 0.15807510912418365
v -0.05484646558761597 -0.1580192893743515 0.15323223173618317
v -0.06358553469181061 -0.028941212221980095 0.14868299663066864
v 0.06619478762149811 -0.1615874469280243 0.15008261799812317
v 0.06916271150112152 -0.17137238383293152 0.151844322681427
v 0.06624314188957214 -0.13054758310317993 0.14829963445663452
v 0.06742937117815018 -0.07984118163585663 0.14735840260982513
v -0.04350311681628227 -0.11109507828950882 0.15244625508785248
v -0.036403853446245193 -0.14556977152824402 0.15491561591625214
v -0.059642620384693146 -0.11220382153987885 0.15031954646110535
v -0.06730714440345764 -0.14710086584091187 0.14986801147460938
v -0.08138705044984818 -0.006483911536633968 0.14561377465724945
v -0.08162407577037811 -0.030325865373015404 0.14635944366455078
v -0.07452244311571121 0.026148460805416107 0.14382824301719666
v 0.06809058785438538 -0.016936779022216797 0.14625327289104462
v -0.06507287174463272 -0.05576341599225998 0.14853128790855408
v -0.06563111394643784 -0.1720738410949707 0.15316936373710632
v -0.10457268357276917 0.05941956117749214 0.1346527636051178
v -0.08664478361606598 0.04498768597841263 0.1381952464580536
v 0.07034048438072205 0.038508906960487366 0.14262504875659943
v -0.07896292954683304 -0.17171445488929749 0.15024374425411224
v -0.08983056992292404 -0.1622135043144226 0.14650753140449524
v -0.08683983236551285 -0.12200528383255005 0.14497974514961243
v -0.08396971225738525 -0.08091463148593903 0.14501577615737915
v 0.07310040295124054 -0.17338189482688904 0.1519404947757721
v 0.12245597690343857 0.08370842784643173 0.11889717727899551
v -0.08855754882097244 0.03621380776166916 0.1382291316986084
v -0.10127948969602585 0.04216064140200615 0.13421674072742462
v 0.11110320687294006 0.0524737685918808 0.12474630028009415
v 0.09993952512741089 0.03193293884396553 0.13167794048786163
v 0.028905335813760757 0.17321668565273285 0.11469882726669312
v -0.08784814178943634 0.014334545470774174 0.14133121073246002
v -0.06596995145082474 0.18754780292510986 0.0990234985947609
v -0.11556103825569153 0.0984552800655365 0.12778688967227936
v -0.02927253395318985 0.17159800231456757 0.1124679446220398
v 0.08893101662397385 -0.1579546332359314 0.13995452225208282
v 0.07590518146753311 -0.028943771496415138 0.1434420645236969
v 0.10885676741600037 0.03162628412246704 0.12802398204803467
v 0.08449874818325043 -0.13003644347190857 0.14098770916461945
v 0.08746451884508133 -0.08059513568878174 0.1394045352935791
v -0.09210385382175446 -0.0019800744485110044 0.1414131224155426
v -0.005585808306932449 0.173955500125885 0.11785689741373062
v 0.008923650719225407 0.17305061221122742 0.11694551259279251
v -0.11622587591409683 0.055859003216028214 0.13056707382202148
v 0.13525332510471344 0.10968828201293945 0.11050315201282501
v 0.13807865977287292 0.10063186287879944 0.11003182083368301
v 0.13514558970928192 0.0785030797123909 0.11036290228366852
v 0.09261488914489746 -0.03687965124845505 0.1357114464044571
v 0.04821555316448212 0.1764010637998581 0.1079445406794548
v 0.1265198141336441 0.07282204926013947 0.11689075082540512
v 0.0996621623635292 -0.171446293592453 0.13644713163375854
v -0.10552836954593658 0.0363641157746315 0.1312790811061859
v 0.0995507761836052 -0.13868360221385956 0.1335425227880478
v 0.11053042113780975 -0.09854520112276077 0.12769968807697296
v 0.10813586413860321 -0.046358443796634674 0.12756255269050598
v 0.13346652686595917 -0.03595710173249245 0.11460209637880325
v 0.11771431565284729 -0.01279603410512209 0.1225506067276001
v 0.13280896842479706 0.014293624088168144 0.11491174250841141
v 0.11969704926013947 0.02195052057504654 0.12187151610851288
v 0.12230603396892548 0.04692710563540459 0.1188490018248558
v -0.12757934629917145 0.1488024890422821 0.11184349656105042
v -0.12963134050369263 0.16086947917938232 0.10650913417339325
v -0.1138310506939888 0.04616144299507141 0.1294964849948883
v 0.08450910449028015 0.17282958328723907 0.09244944155216217
v 0.11413037031888962 -0.16887052357196808 0.1273816078901291
v 0.13477854430675507 -0.07835084944963455 0.11407867819070816
v 0.11974410712718964 -0.16762970387935638 0.12267039716243744
v 0.1127946525812149 -0.14434680342674255 0.12589652836322784
v -0.12366519123315811 0.07294958829879761 0.1259802281856537
v 0.12859973311424255 -0.14758823812007904 0.1157979890704155
v -0.09110797941684723 -0.17185480892658234 0.14528372883796692
v -0.09488023072481155 -0.01406737882643938 0.14018645882606506
v 0.12680520117282867 0.029018403962254524 0.1155024990439415
v 0.1388968825340271 0.016052911058068275 0.11062362045049667
v -0.13067610561847687 0.177968367934227 0.09571404755115509
v -0.13371175527572632 0.18870043754577637 0.08816467225551605
v 0.13648492097854614 -0.17154911160469055 0.11137674748897552
v -0.12350171059370041 0.0543360561132431 0.12689314782619476
v 0.06135577708482742 0.1864471584558487 0.09415098279714584
v 0.14078091084957123 -0.08487226068973541 0.10943204164505005
v 0.14250697195529938 0.1946818232536316 0.07483593374490738
v 0.13655641674995422 0.1986607015132904 0.07600535452365875
v 0.13966575264930725 0.20212383568286896 0.0741727277636528
v 0.1463012546300888 0.19980505108833313 0.07346345484256744
v 0.14125987887382507 0.20509299635887146 0.07527242600917816
v 0.1394650638103485 -0.11709466576576233 0.10922618955373764
v 0.14071358740329742 -0.1543542891740799 0.10680647939443588
v -0.0879456177353859 -0.05144469812512398 0.14220201969146729
v -0.12658526003360748 0.20434100925922394 0.07856511324644089
v -0.07126089185476303 0.22071970999240875 0.07639759033918381
v -0.1258787363767624 0.11982359737157822 0.11773889511823654
v -0.12556399405002594 0.10480803996324539 0.12107305228710175
v -0.12515361607074738 0.09382117539644241 0.12260343879461288
v 0.13172706961631775 -0.171667218208313 0.11635007709264755
v -0.06697067618370056 0.19230318069458008 0.09953797608613968
v -0.11259783059358597 0.003607815830036998 0.12938611209392548
v -0.11931394785642624 0.03899722173810005 0.12480057030916214
v -0.12483762204647064 0.04085569456219673 0.12201528996229172
v -0.1226104348897934 0.04616732522845268 0.12166184931993484
v -0.13409622013568878 0.03326293081045151 0.11744994670152664
v -0.13285355269908905 0.0383632592856884 0.11979573965072632
v -0.10021558403968811 -0.1704133301973343 0.14030340313911438
v -0.12586666643619537 -0.006295297294855118 0.12164609134197235
v -0.11011388152837753 -0.01214331854134798 0.13028499484062195
v -0.08879893273115158 -0.11010666936635971 0.1425797939300537
v -0.13720451295375824 0.20294693112373352 0.07589524984359741
v -0.09110470116138458 0.2112177312374115 0.08091139048337936
v -0.14141404628753662 0.004567264579236507 0.11246046423912048
v -0.14549720287322998 0.02809421718120575 0.11043686419725418
v -0.1094568520784378 -0.059191588312387466 0.12495864182710648
v -0.12909989058971405 -0.03446626290678978 0.11639698594808578
v -0.13840289413928986 -0.021969042718410492 0.1124754250049591
v -0.1301734298467636 -0.06445544958114624 0.11165619641542435
v -0.12442997097969055 -0.0965825766324997 0.11378352344036102
v -0.09587056934833527 -0.14588968455791473 0.14030951261520386
v -0.11045581847429276 -0.09486190229654312 0.123246930539608
v -0.12698780000209808 -0.12579381465911865 0.11244454979896545
v -0.09593479335308075 -0.05119875818490982 0.13628695905208588
v -0.10748971998691559 -0.11680396646261215 0.1261528581380844
v -0.12470968067646027 -0.14487366378307343 0.11520181596279144
v -0.12247215956449509 0.05081455409526825 0.1254158318042755
v -0.15142594277858734 0.024042043834924698 0.10591451823711395
v -0.13964900374412537 -0.03388192132115364 0.10904441028833389
v -0.13222715258598328 -0.09623178094625473 0.10785844177007675
v -0.11454027891159058 -0.15573199093341827 0.12481497973203659
v -0.029209811240434647 0.1741357296705246 0.11416541785001755
v 0.08490993082523346 0.17760266363620758 0.0884111300110817
v 0.112864188849926 -0.1731751412153244 0.13250547647476196
v 0.14769704639911652 0.20419594645500183 0.0766395702958107
v -0.04111028462648392 0.17585130035877228 0.10939357429742813
v 0.08524450659751892 -0.11494911462068558 0.2276761382818222
v 0.0764540582895279 -0.13879507780075073 0.23151496052742004
v 0.08425285667181015 -0.15915414690971375 0.2321079522371292
v 0.06963744759559631 -0.11577083170413971 0.22887499630451202
v 0.09057974815368652 -0.10228828340768814 0.2254887968301773
v 0.07605653256177902 -0.0967683270573616 0.22513040900230408
v 0.084918312728405 -0.07954300194978714 0.22332461178302765
v 0.06759969890117645 -0.14598852396011353 0.23212072253227234
v 0.06871301680803299 -0.15878845751285553 0.2326110303401947
v 0.06337208300828934 -0.11459322273731232 0.22833053767681122
v 0.060818497091531754 -0.13964217901229858 0.2329694926738739
v 0.05831203982234001 -0.15447261929512024 0.23459076881408691
v 0.09065012633800507 -0.1339658945798874 0.227464497089386
v 0.09381978958845139 -0.15869355201721191 0.2291148453950882
v 0.05813392624258995 -0.14182743430137634 0.23468725383281708
v 0.051550496369600296 -0.1553238034248352 0.2354363650083542
v 0.034179382026195526 -0.13094764947891235 0.23532719910144806
v 0.03305596858263016 -0.15627934038639069 0.23563385009765625
v 0.04813253879547119 -0.06998755782842636 0.2356976568698883
v 0.03522966057062149 -0.09093866497278214 0.23551833629608154
v 0.03682280331850052 -0.05636376142501831 0.2359265387058258
v 0.05882422253489494 -0.06981219351291656 0.2359047830104828
v 0.05767562985420227 -0.024181529879570007 0.23465876281261444
v 0.03805278614163399 -0.015167818404734135 0.23435287177562714
v 0.05785191059112549 -0.013347522355616093 0.23299594223499298
v 0.09062420576810837 -0.07903381437063217 0.22412517666816711
v 0.09096690267324448 -0.05377895012497902 0.22293205559253693
v 0.06010419502854347 -0.07211046665906906 0.2341662347316742
v 0.06114928424358368 -0.1124643012881279 0.229746475815773
v 0.029730351641774178 -0.10070966184139252 0.23356327414512634
v 0.029861677438020706 -0.08201851695775986 0.2326679676771164
v 0.025032658129930496 -0.05040857195854187 0.23437237739562988
v 0.021957455202937126 -0.083440400660038 0.23581549525260925
v 0.02506357990205288 -0.14101959764957428 0.23517103493213654
v 0.007783025968819857 -0.12023705989122391 0.23492087423801422
v 0.0025052246637642384 -0.14515812695026398 0.23450902104377747
v 0.02552994340658188 -0.15572035312652588 0.23515543341636658
v 0.004060226026922464 -0.06269989162683487 0.23536048829555511
v 0.02202022820711136 -0.04379822686314583 0.23582999408245087
v 0.0027470390778034925 -0.15566937625408173 0.23429147899150848
v 0.005362647119909525 -0.02844555675983429 0.23483817279338837
v 0.022199662402272224 -0.011930388398468494 0.23481740057468414
v 0.006741712335497141 -0.012218729592859745 0.23458805680274963
v -0.002017587423324585 -0.08998357504606247 0.23455002903938293
v -0.001658533699810505 -0.13645288348197937 0.23341619968414307
v -0.010198697447776794 -0.1401171088218689 0.23353326320648193
v -0.001190704177133739 -0.1495126187801361 0.23192578554153442
v -0.008319279178977013 -0.15830910205841064 0.23329302668571472
v -0.002368622226640582 -0.15858544409275055 0.23270055651664734
v -0.010340679436922073 -0.05845172330737114 0.23394960165023804
v 0.0002840199740603566 -0.04325627163052559 0.2329806238412857
v -0.003475683508440852 -0.02661062218248844 0.232600599527359
v -0.013322204351425171 -0.012593616731464863 0.23239988088607788
v -0.003075014567002654 -0.013032613322138786 0.2325841784477234
v 0.03062993474304676 -0.1348704844713211 0.23304985463619232
v 0.028641436249017715 -0.1548033505678177 0.23350191116333008
v -0.01354246586561203 -0.149835005402565 0.23220522701740265
v -0.016956999897956848 -0.15709371864795685 0.23253829777240753
v -0.019826559349894524 -0.10194604843854904 0.23216994106769562
v -0.0376969575881958 -0.14382994174957275 0.23268097639083862
v -0.037582848221063614 -0.1571453958749771 0.2326182723045349
v -0.035425182431936264 -0.12375558167695999 0.23212751746177673
v -0.034037474542856216 -0.09051728993654251 0.23176920413970947
v -0.02172008529305458 -0.05171480402350426 0.23056621849536896
v -0.017380258068442345 -0.05186714977025986 0.22999146580696106
v -0.033881694078445435 -0.0715169683098793 0.2307356595993042
v -0.03278537839651108 -0.04967338219285011 0.22901728749275208
v -0.03442669287323952 -0.15787704288959503 0.2303961217403412
v -0.016689283773303032 -0.10177845507860184 0.23123233020305634
v -0.01401493325829506 -0.09388042986392975 0.23127241432666779
v -0.018996024504303932 -0.048952601850032806 0.22941498458385468
v -0.013716312125325203 -0.051890723407268524 0.23107299208641052
v 0.02268228866159916 -0.015374782495200634 0.23513096570968628
v -0.012951070442795753 -0.05428381636738777 0.2327919453382492
v -0.03546931967139244 -0.06407447904348373 0.2290893942117691
v 0.03344055637717247 -0.06207728013396263 0.2341512143611908
v 0.012214940041303635 -0.15830771625041962 0.23215524852275848
v 0.02720896154642105 -0.1585806906223297 0.23246772587299347
v -0.0008747185347601771 -0.01597505435347557 0.23046176135540009
v -0.0003998886968474835 -0.02871590666472912 0.23025570809841156
v 0.0027218624018132687 -0.02865600772202015 0.23025192320346832
v -0.039391957223415375 -0.1539643257856369 0.234734907746315
v -0.038725417107343674 -0.14490778744220734 0.23391352593898773
v 0.03725048154592514 -0.013675419613718987 0.23191194236278534
v -0.041114866733551025 -0.1435660719871521 0.2299438714981079
v -0.04239969700574875 -0.1509379893541336 0.22998841106891632
v -0.04455015808343887 -0.1563093662261963 0.23027446866035461
v -0.0687546506524086 -0.1251036673784256 0.23024797439575195
v -0.053629517555236816 -0.11579806357622147 0.22937431931495667
v -0.07339330017566681 -0.09414424002170563 0.22987522184848785
v -0.06384461373090744 -0.15462760627269745 0.2294907122850418
v -0.045672185719013214 -0.09282141923904419 0.22769081592559814
v -0.08073828369379044 -0.0472007617354393 0.22848445177078247
v -0.044669900089502335 -0.039545413106679916 0.22503598034381866
v -0.039072491228580475 -0.1306735724210739 0.22874930500984192
v -0.060152094811201096 -0.01260459516197443 0.22439567744731903
v -0.08588379621505737 -0.011951323598623276 0.22652725875377655
v -0.04627123475074768 -0.013848436065018177 0.2227453887462616
v -0.03809414058923721 -0.11902964860200882 0.22779782116413116
v -0.042502351105213165 -0.043875426054000854 0.22476613521575928
v -0.039933186024427414 -0.08156149089336395 0.22514721751213074
v -0.07700128108263016 -0.08101475238800049 0.22888018190860748
v -0.0827428326010704 -0.03623749315738678 0.22819948196411133
v 0.030324643477797508 -0.15403351187705994 0.23025618493556976
v -0.008687223307788372 0.15333634614944458 0.137990802526474
v -0.035710547119379044 0.15200239419937134 0.13669773936271667
v -0.010316540487110615 0.14728613197803497 0.13987958431243896
v -0.04703012853860855 0.12489908933639526 0.14319151639938354
v -0.025939347222447395 0.12444693595170975 0.1451886147260666
v -0.008721833117306232 0.10270530730485916 0.15281639993190765
v -0.07231854647397995 0.09674491733312607 0.14711979031562805
v -0.008182602003216743 0.1302020102739334 0.14591670036315918
v -0.0054521718993783 0.10944032669067383 0.1519894003868103
v -0.07127044349908829 0.1460176706314087 0.13750174641609192
v -0.07362010329961777 0.12529107928276062 0.14195209741592407
v -0.07365840673446655 0.10858888924121857 0.14501121640205383
v -0.07438237965106964 0.08375632762908936 0.14912256598472595
v -0.01070818305015564 0.06809825450181961 0.16032759845256805
v -0.005124977324157953 0.09364120662212372 0.15518662333488464
v -0.053283751010894775 0.05221451818943024 0.1578410267829895
v -0.004686153493821621 0.0777464285492897 0.15912677347660065
v 0.00045293595758266747 0.06616730242967606 0.1626351922750473
v -0.008959149941802025 0.055442437529563904 0.1624608188867569
v -0.024068213999271393 0.04215206205844879 0.16271378099918365
v -0.04640607163310051 0.041696298867464066 0.16004891693592072
v -0.045925699174404144 0.1564069390296936 0.13582636415958405
v -0.07068771868944168 0.16170427203178406 0.13322614133358002
v -0.07745973020792007 0.0606064535677433 0.15218688547611237
v -0.06472451984882355 0.041716769337654114 0.15723320841789246
v 0.0000308846210828051 0.04139747470617294 0.16438612341880798
v -0.0838400349020958 0.041167646646499634 0.15314927697181702
v 0.009215258993208408 0.059756580740213394 0.1634666621685028
v -0.029413126409053802 0.15757417678833008 0.13679881393909454
v 0.01705879531800747 0.06506113708019257 0.16366292536258698
v -0.08332397043704987 0.07003398984670639 0.1515188366174698
v -0.0549008883535862 0.16713698208332062 0.12978465855121613
v -0.042447999119758606 0.17040753364562988 0.12971055507659912
v -0.02805384434759617 0.16610907018184662 0.1347840130329132
v -0.03570104390382767 0.17300981283187866 0.1309792697429657
v -0.036020196974277496 0.1819026917219162 0.12921583652496338
v -0.09291151911020279 0.07419098913669586 0.14826594293117523
v -0.10137242078781128 0.040391672402620316 0.1475813090801239
v -0.098068967461586 0.12470291554927826 0.14084097743034363
v -0.07969565689563751 0.09339548647403717 0.14916591346263885
v -0.08040972054004669 0.12204444408416748 0.14496824145317078
v -0.07975931465625763 0.14165130257606506 0.14128518104553223
v -0.09503640979528427 0.14212188124656677 0.13768073916435242
v -0.07845024019479752 0.15436024963855743 0.13747183978557587
v -0.1008828654885292 0.15680842101573944 0.13064326345920563
v -0.12580998241901398 0.14440114796161652 0.12734773755073547
v -0.127685084939003 0.16053438186645508 0.12157298624515533
v -0.0776396319270134 0.1681673228740692 0.13224981725215912
v -0.12522278726100922 0.1288338005542755 0.13067203760147095
v -0.1101108267903328 0.11132911592721939 0.13841576874256134
v -0.1239444762468338 0.08875259757041931 0.1358625739812851
v -0.1211712434887886 0.06199445575475693 0.13874833285808563
v 0.029757654294371605 0.04095969721674919 0.16226428747177124
v -0.0643361508846283 0.17298534512519836 0.1278490573167801
v -0.07586579769849777 0.14481660723686218 0.13878047466278076
v -0.006756034679710865 0.14441925287246704 0.14230844378471375
v -0.09967804700136185 0.17645743489265442 0.12133444100618362
v -0.13010349869728088 0.17524763941764832 0.11384205520153046
v -0.08559414744377136 0.17386701703071594 0.12726949155330658
v -0.09085944294929504 0.18793421983718872 0.11888714879751205
v -0.08130501210689545 0.18536803126335144 0.12635208666324615
v -0.06839189678430557 0.1773383915424347 0.12857766449451447
v -0.06163183972239494 0.19382350146770477 0.12408264726400375
v -0.06812194734811783 0.2017299234867096 0.11984948068857193
v 0.03265175223350525 0.05830719694495201 0.16177493333816528
v -0.008630705997347832 0.15675438940525055 0.13837356865406036
v 0.04680928215384483 0.03908030688762665 0.15983855724334717
v -0.07312806695699692 0.20746463537216187 0.11540710926055908
v -0.08453673124313354 0.20805874466896057 0.11247360706329346
v -0.13067008554935455 0.1852986216545105 0.10797630250453949
v -0.12051011621952057 0.042493075132369995 0.13964366912841797
v -0.10735122114419937 0.18965685367584229 0.11154670268297195
v -0.046254225075244904 0.18426598608493805 0.12321244180202484
v -0.05003324896097183 0.17720863223075867 0.12406529486179352
v -0.051629453897476196 0.18525056540966034 0.12248990684747696
v -0.057815611362457275 0.17771011590957642 0.12354853749275208
v -0.05509869381785393 0.18878012895584106 0.12106311321258545
v 0.022937847301363945 0.037545058876276016 0.16513006389141083
v -0.05791337415575981 0.18909747898578644 0.12353093177080154
v -0.06150099262595177 0.1803731918334961 0.12398912012577057
v -0.0010939867934212089 0.0372755229473114 0.16692914068698883
v 0.022062204778194427 0.0005468528834171593 0.1667078286409378
v 0.000466289056930691 0.004019204992800951 0.16762182116508484
v -0.010466202162206173 -0.0172712504863739 0.16800501942634583
v 0.01911959983408451 -0.01731204055249691 0.16764384508132935
v -0.002748182276263833 -0.021953819319605827 0.1693214625120163
v 0.028520043939352036 -0.022101346403360367 0.1687213033437729
v -0.033788979053497314 -0.02053152583539486 0.170131117105484
v -0.03456471860408783 -0.013184159062802792 0.16817910969257355
v -0.05736202746629715 -0.019590696319937706 0.16698138415813446
v -0.051881060004234314 0.0027240701019763947 0.1652720868587494
v -0.07506737112998962 -0.020560355857014656 0.16475535929203033
v -0.06696533411741257 0.005635874345898628 0.16259080171585083
v -0.08647757023572922 0.0045096841640770435 0.15836560726165771
v -0.03429853543639183 0.009328333660960197 0.16678659617900848
v -0.03244081512093544 0.03465382754802704 0.16619417071342468
v -0.03714023157954216 0.03875385597348213 0.16483157873153687
v -0.0522456169128418 0.036417391151189804 0.1634937971830368
v -0.08726237714290619 -0.021314028650522232 0.1618914157152176
v -0.07233887165784836 0.03748458996415138 0.1594448983669281
v -0.08822346478700638 0.03730174899101257 0.15550196170806885
v 0.036538220942020416 -0.02140127494931221 0.1664871871471405
v 0.038065843284130096 0.003013840178027749 0.16527597606182098
v 0.03534723073244095 0.037086568772792816 0.163670614361763
v 0.05803503096103668 0.013506270945072174 0.1631685346364975
v 0.05861656740307808 -0.00913210678845644 0.1650921106338501
v 0.058870118111371994 -0.021666932851076126 0.16809944808483124
v 0.0796993300318718 -0.010415241122245789 0.1640443205833435
v 0.0777309313416481 0.000048483096179552376 0.1612214595079422
v 0.082620769739151 0.0008009798475541174 0.16167405247688293
v 0.08020725846290588 0.012987358495593071 0.1587747037410736
v 0.08663211017847061 0.01688351295888424 0.15890681743621826
v 0.07658392190933228 0.031199421733617783 0.1575593650341034
v 0.04642544314265251 0.03669549524784088 0.16295278072357178
v 0.0879301205277443 0.035394735634326935 0.159037783741951
v 0.07523238658905029 0.03665899857878685 0.1563449651002884
v 0.06288701295852661 0.036851026117801666 0.15952928364276886
v 0.05420730635523796 0.053867995738983154 0.1570272445678711
v 0.05903254821896553 0.038694269955158234 0.1570543348789215
v 0.04621418938040733 0.0699571892619133 0.15877392888069153
v -0.10827044397592545 -0.019107194617390633 0.15340228378772736
v 0.07548264414072037 -0.017219258472323418 0.16762758791446686
v 0.07151193171739578 0.03885620832443237 0.15293939411640167
v 0.03200779855251312 0.06848359107971191 0.16349069774150848
v -0.10941535234451294 -0.01336460467427969 0.15176501870155334
v -0.09464548528194427 0.01344099547713995 0.15435877442359924
v -0.11983556300401688 0.0007797657162882388 0.14671136438846588
v -0.12244534492492676 0.025383422151207924 0.14338906109333038
v -0.12467976659536362 0.017075488343834877 0.14340831339359283
v -0.10372960567474365 0.03689989820122719 0.14986298978328705
v -0.12779055535793304 0.01156653743237257 0.14499472081661224
v -0.1268828809261322 0.02707931585609913 0.14242954552173615
v -0.12531526386737823 0.0411071851849556 0.13960599899291992
v -0.1150212287902832 -0.008821922354400158 0.15020686388015747
v -0.11817024648189545 0.03765678405761719 0.14386531710624695
v -0.02992778643965721 0.17857110500335693 0.1337869018316269
v 0.07556415349245071 0.057694438844919205 0.14835317432880402
v 0.05499902367591858 0.07493968307971954 0.15502038598060608
v 0.07627750933170319 0.03816555067896843 0.15146183967590332
v 0.07799013704061508 0.05542672052979469 0.14888449013233185
v 0.07779556512832642 0.07590307295322418 0.1447601616382599
v 0.07475913316011429 0.08991983532905579 0.1424659639596939
v 0.07961923629045486 0.08456725627183914 0.1435566246509552
v 0.07945775985717773 0.10246731340885162 0.1388312131166458
v 0.07655752450227737 0.11946561932563782 0.13375627994537354
v 0.08479457348585129 0.12904983758926392 0.13338156044483185
v 0.06427150219678879 0.11607544124126434 0.1377011388540268
v 0.07729951292276382 0.1463361531496048 0.12433544546365738
v 0.07974167168140411 0.1329803317785263 0.12922461330890656
v 0.08430574089288712 0.14475341141223907 0.12651176750659943
v 0.06563610583543777 0.14552125334739685 0.12699392437934875
v 0.08011672645807266 0.15466216206550598 0.12096067517995834
v 0.056514889001846313 0.1432567536830902 0.13075345754623413
v 0.05586402118206024 0.12161991745233536 0.13895171880722046
v 0.05590615049004555 0.10885888338088989 0.1436128169298172
v 0.08358023315668106 0.10059903562068939 0.1414218246936798
v -0.11233946681022644 -0.013898804783821106 0.15321320295333862
v 0.05561674013733864 0.08938103914260864 0.1516236513853073
v -0.10062400996685028 -0.021939022466540337 0.15792854130268097
v -0.08979255706071854 0.040808599442243576 0.1515078991651535
v 0.09136956185102463 0.05438685044646263 0.15670622885227203
v 0.09311506152153015 0.03341059759259224 0.15926221013069153
v 0.0888860896229744 0.03317354619503021 0.15999813377857208
v 0.09989287704229355 0.06281635910272598 0.1522413045167923
v 0.093052938580513 0.07576128840446472 0.15290208160877228
v 0.08718494325876236 0.07808582484722137 0.15022781491279602
v 0.09297727048397064 0.10273454338312149 0.1476340889930725
v 0.09938003122806549 0.09585385769605637 0.14713263511657715
v -0.02636438049376011 0.1602969765663147 0.1378479152917862
v -0.017675744369626045 0.15893109142780304 0.1384529024362564
v -0.12722042202949524 0.10394832491874695 0.13211891055107117
v -0.05470757931470871 -0.02142932079732418 0.1690950244665146
v 0.0908813625574112 0.10909637063741684 0.145061194896698
v 0.09567391872406006 0.10381049662828445 0.1493624895811081
v -0.12895351648330688 0.06088274344801903 0.13334982097148895
v -0.12811598181724548 0.045004550367593765 0.13399560749530792
v 0.0014496572548523545 0.06978140771389008 0.16444279253482819
v 0.01854277215898037 0.06913098692893982 0.16561515629291534
v 0.10256238281726837 0.0990690290927887 0.14952239394187927
v 0.04084222391247749 -0.02432478778064251 0.16993799805641174
v 0.07229894399642944 -0.02179006300866604 0.17215889692306519
v -0.029344633221626282 0.18162111937999725 0.1295076459646225
v 0.05270833522081375 0.07809880375862122 0.1576199233531952
v 0.10563734918832779 0.09481623768806458 0.14597056806087494
v 0.06669296324253082 -0.022265514358878136 0.17520572245121002
v -0.1554851233959198 -0.06393986195325851 0.12193349748849869
v -0.15737596154212952 -0.0673779621720314 0.11725080758333206
v -0.1520574539899826 -0.07029604911804199 0.12625186145305634
v -0.15418757498264313 -0.038500938564538956 0.1270231008529663
v -0.14937417209148407 -0.08524426072835922 0.12093284726142883
v -0.16583490371704102 -0.034309595823287964 0.11841826140880585
v -0.1639399528503418 -0.05799202248454094 0.11612066626548767
v -0.1750250905752182 -0.04844057187438011 0.10773392766714096
v -0.17128989100456238 -0.016775133088231087 0.1143198162317276
v -0.16372272372245789 0.0013217625673860312 0.12365598976612091
v -0.15357619524002075 -0.008178476244211197 0.13113552331924438
v -0.16040843725204468 0.010573610663414001 0.12878543138504028
v -0.15497875213623047 0.005049634724855423 0.1324194073677063
v -0.1646653115749359 0.01606084033846855 0.12548568844795227
v -0.17015613615512848 0.013145253993570805 0.11738399416208267
v -0.1791067272424698 -0.04767966642975807 0.1027216762304306
v -0.17918063700199127 -0.01905832439661026 0.10458232462406158
v -0.17710980772972107 0.00931854173541069 0.1060539036989212
v -0.16300830245018005 0.01593443937599659 0.12859782576560974
v -0.16912269592285156 -0.05683586746454239 0.10987129807472229
v -0.17422623932361603 -0.05344446748495102 0.10516141355037689
v -0.15155616402626038 0.005886028986424208 0.14762170612812042
v -0.15010085701942444 -0.008749192580580711 0.14917601644992828
v -0.14779192209243774 -0.019264495000243187 0.15674014389514923
v -0.15180616080760956 -0.04128764569759369 0.13927580416202545
v -0.1481778919696808 0.004883142653852701 0.15932849049568176
v -0.13663886487483978 0.00005926424637436867 0.1713779717683792
v -0.12754066288471222 -0.02367836982011795 0.1784384399652481
v -0.1359986662864685 -0.07652280479669571 0.16823378205299377
v -0.12574216723442078 -0.05725979432463646 0.17960141599178314
v -0.14535611867904663 -0.07773878425359726 0.15666452050209045
v -0.13454201817512512 -0.11250129342079163 0.16633926331996918
v -0.14203166961669922 -0.10928206145763397 0.15709324181079865
v -0.13678127527236938 -0.13711540400981903 0.15739642083644867
v -0.13018694519996643 -0.13621734082698822 0.16644521057605743
v -0.1350315511226654 -0.14952915906906128 0.15600018203258514
v -0.1268489956855774 -0.16498886048793793 0.1621837168931961
v -0.13203132152557373 -0.1656951904296875 0.15314844250679016
v -0.12385822087526321 -0.11904928833246231 0.176290363073349
v -0.15032035112380981 -0.06695514917373657 0.1393125057220459
v -0.11093040555715561 -0.16403312981128693 0.1795491874217987
v -0.10898849368095398 -0.14071330428123474 0.18636028468608856
v -0.12124389410018921 -0.08738935738801956 0.18205074965953827
v -0.10553738474845886 -0.1614106297492981 0.18505088984966278
v -0.11714769154787064 -0.020803188905119896 0.1878902018070221
v -0.1220281571149826 -0.01493728719651699 0.18401587009429932
v -0.1267949938774109 -0.008179656229913235 0.17972441017627716
v -0.1332307755947113 0.0030870025511831045 0.17552624642848969
v -0.14206551015377045 -0.12128236144781113 0.1467740684747696
v -0.14848792552947998 -0.0881095752120018 0.1356755793094635
v -0.1161981001496315 -0.16445134580135345 0.17384254932403564
v -0.11229773610830307 -0.06533589214086533 0.18955685198307037
v -0.10902214050292969 -0.10388552397489548 0.18962694704532623
v -0.10802153497934341 -0.13532491028308868 0.18756292760372162
v -0.1457844227552414 -0.10225175321102142 0.13905882835388184
v -0.15171584486961365 0.014170046895742416 0.15976034104824066
v -0.17546920478343964 -0.04907801002264023 0.1032969132065773
v -0.13775752484798431 -0.13862791657447815 0.1460029035806656
v -0.17859649658203125 -0.007716653402894735 0.10312971472740173
v -0.15593986213207245 -0.07340378314256668 0.11203955113887787
v -0.16187356412410736 -0.06363789737224579 0.10196378082036972
v -0.15442191064357758 -0.08453411608934402 0.11020338535308838
v -0.1644943505525589 -0.08040273189544678 0.09246308356523514
v -0.16663435101509094 -0.0633307695388794 0.09287729114294052
v -0.16530248522758484 -0.09141944348812103 0.09028789401054382
v -0.14181499183177948 -0.1126386970281601 0.1294703632593155
v -0.14521196484565735 -0.09733202308416367 0.1260492354631424
v -0.16544274985790253 -0.058854617178440094 0.0952526405453682
v -0.15639033913612366 -0.13458098471164703 0.10445623099803925
v -0.16649605333805084 -0.11347505450248718 0.08726049959659576
v -0.16432827711105347 -0.16094331443309784 0.08684246987104416
v -0.14274285733699799 -0.14673270285129547 0.1258256435394287
v -0.13914357125759125 -0.11996404081583023 0.13357223570346832
v -0.1598132848739624 -0.1692458838224411 0.09672608971595764
v -0.15106649696826935 -0.1690836250782013 0.11282124370336533
v -0.13943283259868622 -0.1688033938407898 0.130939781665802
v -0.13445352017879486 -0.14671504497528076 0.13853569328784943
v -0.13195599615573883 -0.1579759120941162 0.14229388535022736
v -0.13711418211460114 -0.1300385594367981 0.13542141020298004
v -0.16707144677639008 -0.132941335439682 0.0832962691783905
v -0.16652846336364746 -0.16914014518260956 0.08289635926485062
v -0.16702473163604736 -0.16203981637954712 0.07912219315767288
v -0.1648726463317871 -0.0533086359500885 0.10028517246246338
v -0.13327175378799438 -0.16895821690559387 0.14229075610637665
v -0.1435490846633911 -0.10293909907341003 0.1295386105775833
v -0.16596443951129913 -0.050544314086437225 0.09316685050725937
v -0.14134550094604492 -0.11480601131916046 0.13376359641551971
v -0.15204937756061554 0.016129974275827408 0.1648871898651123
v -0.14455637335777283 0.013840134255588055 0.1747545599937439
v -0.14123159646987915 0.0025859568268060684 0.16729740798473358
v -0.1351163536310196 -0.1438126415014267 0.14222334325313568
v -0.12991885840892792 -0.1619429886341095 0.14410583674907684
v -0.15504804253578186 0.01611407846212387 0.15645672380924225
v -0.16037099063396454 0.016044003888964653 0.14683154225349426
v -0.14137116074562073 -0.12310247868299484 0.14276005327701569
v -0.16877225041389465 -0.15826815366744995 0.07862547039985657
v -0.14057429134845734 0.012259061448276043 0.17684811353683472
v -0.11177560687065125 -0.023068886250257492 0.19094546139240265
v -0.16155394911766052 -0.06289436668157578 0.1092296689748764
v -0.1642780601978302 -0.05732431262731552 0.10201096534729004
v -0.12905526161193848 -0.16691409051418304 0.1444953829050064
v -0.1619112342596054 0.014191243797540665 0.13980330526828766
v -0.16632814705371857 0.017857739701867104 0.1323871910572052
v -0.17106693983078003 -0.1650630086660385 0.07798866927623749
v -0.15063752233982086 0.017675666138529778 0.1584181785583496
v 0.029310371726751328 -0.020786607638001442 0.19868899881839752
v 0.014355646446347237 -0.01941967010498047 0.19525258243083954
v 0.03362160176038742 -0.02207055315375328 0.2072829306125641
v 0.019623294472694397 -0.021513745188713074 0.20795804262161255
v 0.03514956682920456 -0.02114175818860531 0.20028844475746155
v -0.003472894197329879 -0.01906116120517254 0.20471008121967316
v -0.006631216965615749 -0.01750883087515831 0.19634348154067993
v 0.057948898524045944 -0.025004306808114052 0.20888641476631165
v 0.057756684720516205 -0.022187190130352974 0.19637946784496307
v 0.07472435384988785 -0.025697652250528336 0.20907290279865265
v 0.07359579205513 -0.02340894564986229 0.19484704732894897
v 0.0814700722694397 -0.024773115292191505 0.20304730534553528
v 0.0796765685081482 -0.022826125845313072 0.18897797167301178
v 0.09264423698186874 -0.02415875531733036 0.18792065978050232
v -0.025808775797486305 -0.019574405625462532 0.20522655546665192
v -0.03303057327866554 -0.019645337015390396 0.19927512109279633
v -0.02983781322836876 -0.018605535849928856 0.19610455632209778
v 0.0894993245601654 -0.024083349853754044 0.17416809499263763
v 0.1073446199297905 -0.024159878492355347 0.1716625988483429
v 0.10180249065160751 -0.025475159287452698 0.1579234004020691
v 0.1186193898320198 -0.025057725608348846 0.1588580459356308
v 0.12106984853744507 -0.02550199255347252 0.16712826490402222
v 0.12961944937705994 -0.02502315863966942 0.15148283541202545
v 0.11721526831388474 -0.026254406198859215 0.14780442416667938
v 0.11147931963205338 -0.02568768337368965 0.14814242720603943
v 0.12373416125774384 -0.025896107777953148 0.13950027525424957
v 0.114551842212677 -0.026179349049925804 0.17536740005016327
v 0.09974444657564163 -0.025854503735899925 0.18758657574653625
v 0.09508636593818665 -0.026591140776872635 0.196748286485672
v -0.036306433379650116 -0.021376824006438255 0.20795533061027527
v 0.13205496966838837 -0.028111767023801804 0.13562536239624023
v -0.037336114794015884 -0.02065153606235981 0.2006922960281372
v -0.0475752167403698 -0.020051922649145126 0.1997665911912918
v -0.04162270203232765 -0.02020515315234661 0.20850946009159088
v 0.08948735892772675 -0.027757197618484497 0.20244541764259338
v 0.026303209364414215 -0.018736455589532852 0.19266563653945923
v 0.0821024626493454 -0.023687463253736496 0.21083423495292664
v 0.08641482144594193 -0.027801768854260445 0.21075379848480225
v 0.09038596600294113 -0.027712637558579445 0.21211251616477966
v 0.13585171103477478 -0.021560460329055786 0.1668594479560852
v 0.13598720729351044 -0.024939918890595436 0.14417563378810883
v 0.15985922515392303 -0.021896246820688248 0.1236325055360794
v 0.16172870993614197 -0.020283348858356476 0.13988682627677917
v 0.1689600646495819 -0.02031143195927143 0.12633033096790314
v 0.13907520473003387 -0.02025817707180977 0.1776556819677353
v 0.11743555217981339 -0.02201167494058609 0.19003376364707947
v 0.17518815398216248 -0.01990385912358761 0.14007851481437683
v 0.1665588915348053 -0.019508637487888336 0.16141879558563232
v 0.1535450518131256 -0.01945481449365616 0.18343231081962585
v 0.1197221577167511 -0.02075119875371456 0.20552508533000946
v 0.13748608529567719 -0.020305363461375237 0.2051772177219391
v 0.1127084419131279 -0.021258749067783356 0.22615227103233337
v 0.10013014078140259 -0.022433776408433914 0.22047697007656097
v 0.09316195547580719 -0.02460946887731552 0.2152022272348404
v 0.13756726682186127 -0.028277628123760223 0.13278654217720032
v 0.14135967195034027 -0.027083827182650566 0.12557868659496307
v 0.1533334106206894 -0.02729322575032711 0.11678247898817062
v 0.15370863676071167 -0.027141746133565903 0.11283978074789047
v 0.10909286141395569 -0.024548862129449844 0.18865321576595306
v 0.14804507791996002 -0.024680832400918007 0.12744122743606567
v 0.15823692083358765 -0.023890331387519836 0.11874669045209885
v 0.05718224495649338 -0.02580292895436287 0.2108299881219864
v -0.013698156923055649 -0.021124469116330147 0.20867784321308136
v 0.17495189607143402 -0.02249569445848465 0.129814013838768
v 0.07425574213266373 -0.021799255162477493 0.1921919584274292
v 0.052461352199316025 -0.02364165149629116 0.21006809175014496
v 0.18175964057445526 -0.026813901960849762 0.1356249749660492
v 0.1538897305727005 -0.02625817060470581 0.19365261495113373
v 0.16439557075500488 -0.026457924395799637 0.17799055576324463
v 0.14134550094604492 -0.02673875167965889 0.2092517614364624
v 0.11741316318511963 -0.027651024982333183 0.22916460037231445
v 0.11161290109157562 -0.028120502829551697 0.23311682045459747
v 0.00029634410748258233 0.1917644441127777 -0.1432839334011078
v -0.02118741348385811 0.18376058340072632 -0.14630922675132751
v -0.0026672433596104383 0.18173952400684357 -0.14834794402122498
v -0.0007801548927091062 0.20546379685401917 -0.13811950385570526
v -0.0058402144350111485 0.2109476774930954 -0.1351080983877182
v -0.0309156347066164 0.20866242051124573 -0.133123978972435
v -0.015451156534254551 0.2217726856470108 -0.12793956696987152
v -0.023632491007447243 0.2336016595363617 -0.12072984874248505
v -0.04762639105319977 0.18011142313480377 -0.14258886873722076
v -0.051240261644124985 0.2052801251411438 -0.13033999502658844
v -0.06044435501098633 0.17466822266578674 -0.14241787791252136
v -0.05154513940215111 0.22916917502880096 -0.11749362200498581
v -0.07788485288619995 0.23282809555530548 -0.10923299938440323
v -0.06916581839323044 0.23715636134147644 -0.10880933701992035
v -0.06835716217756271 0.20786108076572418 -0.12440203875303268
v -0.08655869960784912 0.16391392052173615 -0.13991063833236694
v -0.07155723869800568 0.158131405711174 -0.14642786979675293
v -0.05915643274784088 0.16722753643989563 -0.14576028287410736
v -0.03279193490743637 0.17811770737171173 -0.14520925283432007
v -0.02394815906882286 0.1714581698179245 -0.15068821609020233
v -0.04685746878385544 0.1529110074043274 -0.1559952050447464
v -0.029383158311247826 0.140602707862854 -0.16651877760887146
v -0.05442589893937111 0.11537043750286102 -0.17361105978488922
v -0.06518828123807907 0.11965664476156235 -0.1685301661491394
v -0.04302322864532471 0.11214301735162735 -0.17724710702896118
v -0.018195774406194687 0.10874568670988083 -0.18328233063220978
v -0.0022482203785330057 0.1524878889322281 -0.16690266132354736
v -0.003703850321471691 0.13199160993099213 -0.17722827196121216
v 0.0010911659337580204 0.11778321117162704 -0.18455277383327484
v -0.002367389854043722 0.16870249807834625 -0.15728986263275146
v -0.08135095983743668 0.14755043387413025 -0.1483229398727417
v -0.07331731170415878 0.1324111819267273 -0.15915963053703308
v -0.08575372397899628 0.15942679345607758 -0.14117108285427094
v -0.09016205370426178 0.1969776600599289 -0.12194328010082245
v -0.08206059783697128 0.22022098302841187 -0.11334531009197235
v -0.09331844747066498 0.1751396358013153 -0.13223432004451752
v -0.1010405421257019 0.19053494930267334 -0.12293865531682968
v 0.0014343372313305736 0.15993547439575195 -0.1640019416809082
v 0.0017634424148127437 0.14235231280326843 -0.1742447465658188
v 0.0007861743215471506 0.17608819901943207 -0.15395981073379517
v 0.0009940960444509983 0.12908732891082764 -0.18055684864521027
v -0.0390116423368454 0.2494964748620987 -0.10575519502162933
v -0.03165842965245247 0.24212370812892914 -0.1128489077091217
v -0.07217692583799362 0.12414899468421936 -0.16471785306930542
v -0.0810612216591835 0.23640181124210358 -0.10573553293943405
v -0.108477883040905 0.20429544150829315 -0.11034133285284042
v -0.10479753464460373 0.2123652547597885 -0.10537706315517426
v -0.11793415993452072 0.2153235822916031 -0.09897128492593765
v 0.0022387427743524313 0.11043588072061539 -0.18671815097332
v -0.04581586644053459 0.2558389902114868 -0.09912282228469849
v -0.064443439245224 0.11386284232139587 -0.17038469016551971
v -0.08026980608701706 0.25114309787750244 -0.093282550573349
v -0.05140658840537071 0.2619897127151489 -0.09181114286184311
v -0.11592380702495575 0.22228603065013885 -0.09220928698778152
v -0.07113093882799149 0.11974049359560013 -0.16869132220745087
v 0.006734225898981094 0.18487949669361115 -0.1454939842224121
v 0.0015323866391554475 0.2076653242111206 -0.1377309411764145
v 0.002405951963737607 0.18470065295696259 -0.14540715515613556
v 0.005481792148202658 0.17464420199394226 -0.15324115753173828
v -0.09819904714822769 0.2501866817474365 -0.08318080008029938
v -0.09743209928274155 0.2421242743730545 -0.09072914719581604
v -0.12721899151802063 0.22677120566368103 -0.08267146348953247
v -0.12519745528697968 0.2350127100944519 -0.07474427670240402
v -0.13324889540672302 0.23399204015731812 -0.07267626374959946
v -0.03734280541539192 0.10808362811803818 -0.17900942265987396
v -0.08633620291948318 0.15263354778289795 -0.1457117199897766
v -0.0560251884162426 0.2665426731109619 -0.08427447825670242
v -0.11021408438682556 0.19934895634651184 -0.11520843207836151
v -0.11899320036172867 0.2121807336807251 -0.10313966125249863
v 0.03335817530751228 0.19832849502563477 -0.13646356761455536
v 0.038643643260002136 0.18327005207538605 -0.14203236997127533
v 0.011227856390178204 0.21620449423789978 -0.13252437114715576
v 0.03041287697851658 0.1793777048587799 -0.1442505568265915
v 0.020331306383013725 0.16504605114459991 -0.15677711367607117
v 0.0459146574139595 0.21616703271865845 -0.12572342157363892
v 0.024190692231059074 0.2306850552558899 -0.1220400258898735
v 0.029637902975082397 0.14552375674247742 -0.16607223451137543
v 0.04868599399924278 0.22166867554187775 -0.12177210301160812
v 0.024817120283842087 0.12603728473186493 -0.17665357887744904
v 0.02369413524866104 0.10837318748235703 -0.18351006507873535
v 0.05855480208992958 0.18626992404460907 -0.13620159029960632
v 0.059242475777864456 0.17446589469909668 -0.141132190823555
v 0.034340791404247284 0.24001869559288025 -0.11288350820541382
v 0.04831437021493912 0.15639224648475647 -0.15451818704605103
v -0.10242833942174911 0.18669939041137695 -0.12710437178611755
v 0.05248822644352913 0.17343808710575104 -0.14237655699253082
v 0.0569126233458519 0.1714179962873459 -0.14219459891319275
v 0.04240364208817482 0.24983400106430054 -0.10354170203208923
v -0.07729056477546692 0.1362449824810028 -0.1576698273420334
v 0.08430269360542297 0.19158853590488434 -0.12618282437324524
v 0.07912557572126389 0.1499783843755722 -0.14866408705711365
v 0.05983634293079376 0.13409443199634552 -0.1625112146139145
v 0.07380334287881851 0.1348889023065567 -0.15858858823776245
v 0.07863964885473251 0.13951532542705536 -0.1557578444480896
v 0.08697722852230072 0.15135899186134338 -0.14823228120803833
v 0.08406028896570206 0.16261619329452515 -0.13910959661006927
v 0.08025917410850525 0.1622212678194046 -0.13970470428466797
v 0.08961199969053268 0.1614353209733963 -0.14187036454677582
v 0.07397374510765076 0.12628185749053955 -0.16223794221878052
v 0.08970623463392258 0.16553902626037598 -0.1378122717142105
v 0.09265856444835663 0.18517597019672394 -0.12824267148971558
v 0.09621908515691757 0.173829585313797 -0.1346958726644516
v 0.10325069725513458 0.1930672824382782 -0.12388459593057632
v 0.09074105322360992 0.20263923704624176 -0.1182197779417038
v 0.11325128376483917 0.20981049537658691 -0.11132292449474335
v 0.10272304713726044 0.22150662541389465 -0.10182511061429977
v 0.1179831475019455 0.22328132390975952 -0.09876840561628342
v 0.1282881200313568 0.22780399024486542 -0.09564729779958725
v 0.10925254970788956 0.2347089797258377 -0.08764349669218063
v 0.08764105290174484 0.22761504352092743 -0.10255450755357742
v 0.06728865206241608 0.23268048465251923 -0.1071736291050911
v 0.06327514350414276 0.11741668730974197 -0.1688692420721054
v 0.11140982061624527 0.20021329820156097 -0.11990344524383545
v 0.12596778571605682 0.2320777177810669 -0.0876883789896965
v 0.08904066681861877 0.2385004758834839 -0.09341219067573547
v 0.03614678233861923 0.10911229997873306 -0.17995357513427734
v 0.04925866797566414 0.1126161441206932 -0.17491236329078674
v 0.059727784246206284 0.2493349015712738 -0.09729249030351639
v 0.04948141425848007 0.25680506229400635 -0.0946822538971901
v 0.07172973453998566 0.11998160183429718 -0.16529597342014313
v -0.09329454600811005 0.17125362157821655 -0.13580691814422607
v -0.08845977485179901 0.1623065173625946 -0.14174233376979828
v 0.05544433370232582 0.260797917842865 -0.08852595835924149
v -0.12540435791015625 0.22218865156173706 -0.0901007428765297
v 0.11147671192884445 0.24018381536006927 -0.08014170825481415
v 0.08977153897285461 0.25063201785087585 -0.08057177811861038
v 0.11762778460979462 0.20896342396736145 -0.1145738959312439
v -0.06185818463563919 0.2707602381706238 -0.07618439942598343
v -0.08628935366868973 0.2588842213153839 -0.07981894165277481
v 0.10606962442398071 0.18819236755371094 -0.129700168967247
v 0.11200308799743652 0.19867117702960968 -0.12255727499723434
v 0.13011473417282104 0.23523730039596558 -0.08214189112186432
v 0.1249057948589325 0.2382853925228119 -0.07663027942180634
v 0.0653388574719429 0.26267847418785095 -0.07984770089387894
v 0.11327186971902847 0.2438763976097107 -0.07342810928821564
v 0.08414001017808914 0.13668298721313477 -0.16284988820552826
v -0.1343291848897934 0.23904180526733398 -0.06359740346670151
v -0.13777568936347961 0.24061454832553864 -0.06050390005111694
v -0.12470720708370209 0.24447815120220184 -0.06164459511637688
v -0.10055597871541977 0.2529517412185669 -0.07765791565179825
v -0.11689229309558868 0.24400146305561066 -0.07222159206867218
v 0.060903336852788925 0.267781525850296 -0.07984454184770584
v 0.09514249861240387 0.25258737802505493 -0.07305502146482468
v 0.07495730370283127 0.2626875638961792 -0.07116521894931793
v 0.06553202867507935 0.27109313011169434 -0.068666011095047
v -0.001753543852828443 0.20998407900333405 -0.13825011253356934
v 0.005271811969578266 0.10678759962320328 -0.18612295389175415
v -0.06383580714464188 0.272823303937912 -0.07160140573978424
v -0.009172413498163223 0.21801075339317322 -0.13220669329166412
v -0.021118473261594772 0.23268963396549225 -0.12287312746047974
v 0.08872953802347183 0.14847590029239655 -0.15428733825683594
v 0.09917744994163513 0.1763235628604889 -0.13609658181667328
v 0.09032416343688965 0.1622108668088913 -0.1432257443666458
v 0.1301591992378235 0.24580204486846924 0.00567020894959569
v 0.12574486434459686 0.2467872053384781 0.008956288918852806
v 0.12945517897605896 0.24072091281414032 0.02715987339615822
v 0.119977205991745 0.24371834099292755 0.026596497744321823
v 0.0930556058883667 0.26173415780067444 0.002502966206520796
v 0.10111340880393982 0.2645813822746277 -0.025740811601281166
v 0.0861358717083931 0.25899630784988403 0.017533984035253525
v 0.07569770514965057 0.2754370868206024 -0.016253715381026268
v 0.07571584731340408 0.2695282995700836 0.005291886627674103
v 0.07564657926559448 0.2785002589225769 -0.03174236789345741
v 0.12853804230690002 0.25135669112205505 -0.024292930960655212
v 0.09122664481401443 0.2710356116294861 -0.03692559152841568
v 0.13018964231014252 0.23636583983898163 0.03930776193737984
v 0.12573087215423584 0.254138708114624 -0.04723742604255676
v 0.07473014295101166 0.2795711159706116 -0.054188914597034454
v 0.10245709866285324 0.26601144671440125 -0.05685688555240631
v 0.07438786327838898 0.2616669535636902 0.02445397339761257
v 0.10283937305212021 0.2453812211751938 0.03564945608377457
v 0.09563378244638443 0.2687190771102905 -0.0696462094783783
v 0.1275409311056137 0.2519686818122864 -0.06872586905956268
v 0.13817663490772247 0.2326166033744812 0.029774662107229233
v 0.08304332196712494 0.2516782581806183 0.034979384392499924
v 0.11470004171133041 0.23454712331295013 0.05239081010222435
v 0.13056333363056183 0.23059014976024628 0.05217927321791649
v 0.13596703112125397 0.24307309091091156 -0.012190124951303005
v 0.07421647757291794 0.27726131677627563 -0.07147428393363953
v 0.0829232856631279 0.2432154268026352 0.048834215849637985
v 0.07303041219711304 0.25569814443588257 0.035000137984752655
v 0.07172226160764694 0.27949750423431396 -0.04647012799978256
v 0.13772879540920258 0.22106878459453583 0.05923822149634361
v 0.13069161772727966 0.2208717316389084 0.0677817165851593
v 0.13829675316810608 0.20572206377983093 0.08224610984325409
v 0.07141034305095673 0.2462424784898758 0.04848494008183479
v 0.13159747421741486 0.20665811002254486 0.08636444807052612
v 0.13412776589393616 0.20595771074295044 0.08752100169658661
v 0.13732467591762543 0.2010737806558609 0.09121927618980408
v 0.10885124653577805 0.2253146916627884 0.06709232926368713
v 0.13781656324863434 0.23825743794441223 0.004971496760845184
v 0.07052076607942581 0.27877572178840637 -0.06784012913703918
v 0.14011703431606293 0.21751125156879425 0.059573832899332047
v 0.06854841858148575 0.2746703624725342 -0.08222933858633041
v 0.14125987887382507 0.20509299635887146 0.07527242600917816
v 0.14700499176979065 0.20583541691303253 0.0858050286769867
v 0.14769704639911652 0.20419594645500183 0.0766395702958107
v 0.1423606127500534 0.20609551668167114 0.08865857124328613
v 0.14425460994243622 0.2059158831834793 0.10917004197835922
v 0.14685751497745514 0.20506784319877625 0.11641371250152588
v 0.13899016380310059 0.2036605328321457 0.10628164559602737
v -0.1718014031648636 -0.005690140184015036 -0.10798750817775726
v -0.1717013567686081 -0.00539019238203764 -0.11161642521619797
v -0.17489498853683472 -0.011539852246642113 -0.09245769679546356
v -0.16855767369270325 -0.0002578565909061581 -0.1129930317401886
v -0.16564811766147614 0.008473038673400879 -0.13165493309497833
v -0.15543101727962494 0.01456149946898222 -0.1319344937801361
v -0.1593233048915863 0.011329983361065388 -0.12787500023841858
v -0.16063915193080902 0.007473742589354515 -0.12191017717123032
v -0.1582476794719696 0.017544621601700783 -0.14495989680290222
v -0.14500978589057922 0.024344952777028084 -0.14592143893241882
v -0.1475742906332016 0.026214390993118286 -0.15806318819522858
v -0.13548246026039124 0.031769029796123505 -0.15680420398712158
v -0.1369180530309677 0.035029537975788116 -0.16973541676998138
v -0.12566125392913818 0.040758490562438965 -0.1665794998407364
v -0.11986786872148514 0.04987332597374916 -0.17714452743530273
v -0.1250077784061432 0.04683777317404747 -0.17970716953277588
v -0.1194598600268364 0.05211438238620758 -0.1822468638420105
v -0.11630375683307648 0.0490519218146801 -0.17360363900661469
v -0.1634143441915512 -0.00047592981718480587 -0.11274130642414093
v -0.1438198685646057 -0.014236482791602612 -0.1280689537525177
v -0.15549419820308685 -0.01937052793800831 -0.10870424658060074
v -0.1407652050256729 -0.030569976195693016 -0.11807583272457123
v -0.13216015696525574 -0.019888758659362793 -0.13713404536247253
v -0.1634143441915512 -0.00047592981718480587 -0.11274130642414093
v -0.16063915193080902 0.007473742589354515 -0.12191017717123032
v -0.1353120654821396 -0.006668595597147942 -0.14247944951057434
v -0.15543101727962494 0.01456149946898222 -0.1319344937801361
v -0.13896848261356354 0.004225036129355431 -0.14427727460861206
v -0.11928625404834747 -0.012236961163580418 -0.1539253145456314
v -0.14678454399108887 -0.03485993295907974 -0.10509256273508072
v -0.12068148702383041 -0.025760045275092125 -0.14281822741031647
v -0.11431027948856354 -0.019420839846134186 -0.1528640240430832
v -0.1088557168841362 -0.01434776745736599 -0.16097533702850342
v -0.12923845648765564 -0.03359571844339371 -0.12678596377372742
v -0.10707593709230423 0.0020320951007306576 -0.17121712863445282
v -0.10130389034748077 -0.007143836934119463 -0.17106907069683075
v -0.09021157026290894 0.001600682851858437 -0.18394140899181366
v -0.14500978589057922 0.024344952777028084 -0.14592143893241882
v -0.13548246026039124 0.031769029796123505 -0.15680420398712158
v -0.10229172557592392 0.01287931203842163 -0.1785159558057785
v -0.08063673228025436 0.00843890942633152 -0.19455811381340027
v -0.12566125392913818 0.040758490562438965 -0.1665794998407364
v -0.10284658521413803 0.025382723659276962 -0.18028773367404938
v -0.08973053097724915 0.023757293820381165 -0.18990686535835266
v -0.11630375683307648 0.0490519218146801 -0.17360363900661469
v -0.07774487882852554 0.014574658125638962 -0.19697080552577972
v -0.09776102006435394 0.032227642834186554 -0.18425413966178894
v -0.10767284035682678 0.041164886206388474 -0.1782892793416977
v -0.1647871434688568 -0.0028130102436989546 -0.10767827928066254
v -0.1417672038078308 -0.0412227101624012 -0.10377300530672073
v -0.13484497368335724 -0.038070712238550186 -0.1156308650970459
v -0.14014078676700592 -0.04488601163029671 -0.10605651140213013
v -0.14756986498832703 -0.046229131519794464 -0.08598276972770691
v -0.1575099229812622 -0.020137423649430275 -0.10035528987646103
v -0.15581108629703522 -0.04045874997973442 -0.0719379112124443
v -0.1523352563381195 -0.048557452857494354 -0.07185924798250198
v -0.158454030752182 -0.046678751707077026 -0.055175378918647766
v -0.16287459433078766 -0.032458994537591934 -0.060235295444726944
v -0.1691196858882904 -0.012130877934396267 -0.07792124152183533
v -0.16666734218597412 -0.00846900325268507 -0.09088397026062012
v -0.07894352078437805 0.0031508048996329308 -0.1976270228624344
v -0.08665299415588379 0.001514668227173388 -0.188834547996521
v -0.16997824609279633 -0.01597628928720951 -0.06426028162240982
v -0.06635107845067978 0.005524883512407541 -0.20647713541984558
v -0.06980633735656738 0.003132166573777795 -0.20403656363487244
v 0.0463159903883934 0.015940647572278976 0.19816803932189941
v 0.04019371047616005 -0.0009640760254114866 0.19848835468292236
v 0.061162516474723816 0.005491107702255249 0.19493792951107025
v 0.04961464926600456 0.02906450815498829 0.1974598914384842
v 0.057756684720516205 -0.022187190130352974 0.19637946784496307
v 0.03514956682920456 -0.02114175818860531 0.20028844475746155
v 0.057510338723659515 0.036745257675647736 0.19536441564559937
v 0.07693569362163544 0.03790616989135742 0.1910771131515503
v 0.07425574213266373 -0.021799255162477493 0.1921919584274292
v 0.08680357784032822 0.016293233260512352 0.18841201066970825
v 0.0894322395324707 0.03570786863565445 0.18791353702545166
v 0.03683553263545036 -0.0017259267624467611 0.19787590205669403
v 0.040662746876478195 0.009012575261294842 0.19728299975395203
v 0.04464489966630936 0.019347038120031357 0.19720540940761566
v 0.030984895303845406 -0.017348144203424454 0.197871595621109
v 0.029310371726751328 -0.020786607638001442 0.19868899881839752
v -0.22278578579425812 -0.06038419529795647 0.02537934109568596
v -0.2003961056470871 -0.08705905079841614 0.010132653638720512
v -0.22509720921516418 -0.08683259040117264 0.024296855553984642
v -0.2114148586988449 -0.06635580956935883 0.018444349989295006
v -0.19676396250724792 -0.07134675979614258 0.009386435151100159
v -0.22435817122459412 -0.10798501968383789 0.023190414533019066
v -0.19996277987957 -0.11926573514938354 0.009050576947629452
v -0.20041999220848083 -0.14383357763290405 0.009390515275299549
v -0.21259759366512299 -0.1611364632844925 0.015804758295416832
v -0.20041294395923615 -0.1615900844335556 0.009081856347620487
v -0.2232075035572052 -0.16063469648361206 0.02240714058279991
v -0.1982104331254959 -0.09291564673185349 0.009525383822619915
v -0.20453804731369019 -0.05835319682955742 0.01975707896053791
v -0.19888991117477417 -0.0635916143655777 0.01643984764814377
v -0.19496886432170868 -0.06883647292852402 0.010898655280470848
v -0.18502944707870483 -0.06307897716760635 0.01640017330646515
v -0.18750591576099396 -0.0652170330286026 0.012660172767937183
v -0.08745583146810532 0.2657338082790375 -0.01743900403380394
v -0.07840308547019958 0.2651683986186981 0.0015967621002346277
v -0.12236625701189041 0.24689045548439026 0.0070477682165801525
v -0.07774802297353745 0.2676175534725189 -0.00853560958057642
v -0.10397987067699432 0.2536914646625519 0.008455701172351837
v -0.11362893134355545 0.244357168674469 0.027700936421751976
v -0.1398882418870926 0.23615394532680511 0.028968188911676407
v -0.14102482795715332 0.24060982465744019 0.005150234792381525
v -0.07723596692085266 0.2716580331325531 -0.032855961471796036
v -0.12369941920042038 0.2486671358346939 -0.011640592478215694
v -0.08953073620796204 0.2663458287715912 -0.03559619560837746
v -0.13963617384433746 0.24260278046131134 -0.011143648065626621
v -0.12438633292913437 0.2491520792245865 -0.03159904479980469
v -0.1401250809431076 0.24327018857002258 -0.029670342803001404
v -0.0767478346824646 0.272779643535614 -0.05434997007250786
v -0.1018776074051857 0.2598649263381958 -0.05114167928695679
v -0.13880851864814758 0.24252231419086456 -0.04903094843029976
v -0.12417576462030411 0.2480592578649521 -0.05007265508174896
v -0.07297680526971817 0.2752625346183777 -0.053035520017147064
v -0.07490889728069305 0.26808860898017883 0.0023705216590315104
v -0.10197685658931732 0.256832093000412 -0.06660628318786621
v -0.08127666264772415 0.268124520778656 -0.06435038894414902
v -0.07758525013923645 0.2579364478588104 0.019962266087532043
v -0.11195669323205948 0.24047371745109558 0.03808831423521042
v -0.07662752270698547 0.2542145550251007 0.02911514788866043
v -0.12463334947824478 0.23378442227840424 0.04699375480413437
v -0.1414337158203125 0.23115640878677368 0.03959350287914276
v -0.14074930548667908 0.22590363025665283 0.049546003341674805
v -0.13993977010250092 0.22127512097358704 0.05768623575568199
v -0.1034911498427391 0.23614758253097534 0.049790460616350174
v -0.0766320750117302 0.2475379854440689 0.04117957130074501
v -0.07416334748268127 0.27458900213241577 -0.03165045008063316
v -0.12470720708370209 0.24447815120220184 -0.06164459511637688
v -0.1343291848897934 0.23904180526733398 -0.06359740346670151
v -0.06383580714464188 0.272823303937912 -0.07160140573978424
v -0.07434886693954468 0.2364232838153839 0.05800553411245346
v -0.1286437064409256 0.2204807698726654 0.06298379600048065
v -0.13912875950336456 0.21669991314411163 0.06392988562583923
v -0.14321179687976837 0.23755259811878204 0.02662619575858116
v -0.08628935366868973 0.2588842213153839 -0.07981894165277481
v -0.10055597871541977 0.2529517412185669 -0.07765791565179825
v -0.06185818463563919 0.2707602381706238 -0.07618439942598343
v -0.0733930692076683 0.22774578630924225 0.0682121217250824
v -0.07126089185476303 0.22071970999240875 0.07639759033918381
v -0.09110470116138458 0.2112177312374115 0.08091139048337936
v -0.12658526003360748 0.20434100925922394 0.07856511324644089
v -0.13720451295375824 0.20294693112373352 0.07589524984359741
v -0.0731736570596695 0.25998666882514954 0.03289308398962021
v -0.07071777433156967 0.22751963138580322 0.07264542579650879
v -0.13777568936347961 0.24061454832553864 -0.06050390005111694
v -0.06910503655672073 0.2051612138748169 0.08972303569316864
v 0.0871046781539917 0.25928425788879395 -0.03416824713349342
v 0.10382134467363358 0.2497612088918686 -0.030820105224847794
v 0.09012405574321747 0.25356778502464294 -0.014205233193933964
v 0.10782092064619064 0.2436826080083847 -0.007250474765896797
v 0.12438789755105972 0.23879842460155487 -0.01935235969722271
v 0.12289217114448547 0.2358226478099823 0.0035600815899670124
v 0.12462475150823593 0.24104119837284088 -0.04902371019124985
v 0.10008544474840164 0.2530105412006378 -0.049234092235565186
v 0.07909329235553741 0.26462244987487793 -0.051183100789785385
v 0.11286478489637375 0.24601559340953827 -0.06549789011478424
v 0.08188515901565552 0.26139748096466064 -0.06246046721935272
v 0.10142796486616135 0.2514864206314087 -0.06676824390888214
v 0.12542954087257385 0.2403171956539154 -0.06824269145727158
v 0.07381152361631393 0.26825645565986633 -0.03097975067794323
v 0.06945638358592987 0.2683137357234955 -0.06601893156766891
v 0.07785113155841827 0.25836431980133057 -0.006624176632612944
v 0.08763883262872696 0.2495543509721756 0.0026045257691293955
v 0.10994700342416763 0.23858137428760529 0.010069360956549644
v 0.12319211661815643 0.2292044758796692 0.02645731158554554
v 0.0752217173576355 0.2517964541912079 0.012798442505300045
v 0.08567724376916885 0.2450343817472458 0.016306335106492043
v 0.10714379698038101 0.23023205995559692 0.03249470144510269
v 0.0697435662150383 0.2726188600063324 -0.04858184978365898
v 0.06915761530399323 0.26699528098106384 -0.008265540935099125
v 0.06847546249628067 0.27474743127822876 -0.03632717207074165
v 0.06932207942008972 0.25915151834487915 0.010237609036266804
v 0.07622063159942627 0.23910151422023773 0.03330398350954056
v 0.09284131228923798 0.23368971049785614 0.03373341262340546
v 0.12582311034202576 0.21837235987186432 0.04948163032531738
v 0.0665244311094284 0.24786582589149475 0.033052925020456314
v 0.13013164699077606 0.2341139018535614 0.00920695811510086
v 0.12682566046714783 0.23946337401866913 -0.03223700076341629
v 0.1291859745979309 0.2407924085855484 -0.05290492996573448
v 0.10435891151428223 0.22098495066165924 0.04992546886205673
v 0.1289714276790619 0.23807349801063538 -0.01564672403037548
v 0.1310841590166092 0.22764213383197784 0.0298976581543684
v 0.07815840095281601 0.2287583351135254 0.04740127921104431
v 0.07123557478189468 0.2402666062116623 0.036486733704805374
v 0.07143601030111313 0.22759564220905304 0.0527605265378952
v 0.12996897101402283 0.23959150910377502 -0.06907731294631958
v 0.06565112620592117 0.2355930656194687 0.04978756234049797
v 0.07599714398384094 0.21736106276512146 0.061716631054878235
v 0.06611562520265579 0.22011598944664001 0.06457874923944473
v 0.12837091088294983 0.2069246768951416 0.06530250608921051
v 0.10181093961000443 0.21369192004203796 0.06005202233791351
v 0.09160525351762772 0.20396970212459564 0.0729113295674324
v 0.10653312504291534 0.20088797807693481 0.07425083220005035
v 0.13526718318462372 0.21870148181915283 0.05099455639719963
v 0.07399678230285645 0.20727130770683289 0.07184609770774841
v 0.1288522332906723 0.1896483302116394 0.08484923094511032
v 0.08900057524442673 0.188541978597641 0.0880480408668518
v 0.06563657522201538 0.20528121292591095 0.07656202465295792
v 0.06572457402944565 0.19422386586666107 0.08509416878223419
v 0.07545669376850128 0.18977510929107666 0.08636029809713364
v 0.06226949766278267 0.195533886551857 0.08672039955854416
v 0.13655641674995422 0.1986607015132904 0.07600535452365875
v 0.13842076063156128 0.21048492193222046 0.06353436410427094
v 0.06135577708482742 0.1864471584558487 0.09415098279714584
v 0.13475404679775238 0.23642627894878387 0.003273667534813285
v 0.13847583532333374 0.2299705594778061 0.030775900930166245
v 0.13781656324863434 0.23825743794441223 0.004971496760845184
v 0.11327186971902847 0.2438763976097107 -0.07342810928821564
v 0.1249057948589325 0.2382853925228119 -0.07663027942180634
v 0.13011473417282104 0.23523730039596558 -0.08214189112186432
v 0.09514249861240387 0.25258737802505493 -0.07305502146482468
v 0.07495730370283127 0.2626875638961792 -0.07116521894931793
v 0.06553202867507935 0.27109313011169434 -0.068666011095047
v 0.13531149923801422 0.24173244833946228 -0.017925536260008812
v 0.06695099920034409 0.2755899131298065 -0.052741266787052155
v 0.138840451836586 0.2203136682510376 0.051394280046224594
v 0.13966575264930725 0.20212383568286896 0.0741727277636528
v 0.06306617707014084 0.20582030713558197 0.08128312975168228
v -0.09178348630666733 0.01179549004882574 -0.2309693843126297
v -0.06849902868270874 0.004192511551082134 -0.20955035090446472
v -0.09797710180282593 0.002892694901674986 -0.20537595450878143
v -0.10433810949325562 0.007825237698853016 -0.2193668782711029
v -0.09205295145511627 0.00022657685622107238 -0.1983962506055832
v -0.07068275660276413 0.008751485496759415 -0.22372972965240479
v -0.07548119872808456 0.011397048830986023 -0.23192955553531647
v -0.08072924613952637 0.00042170059168711305 -0.1996140033006668
v -0.1046113669872284 0.011110830120742321 -0.225374236702919
v -0.09257157146930695 -0.0032540904358029366 -0.19292429089546204
v -0.06980633735656738 0.003132166573777795 -0.20403656363487244
v -0.08007150888442993 0.013933639042079449 -0.23365530371665955
v -0.06635107845067978 0.005524883512407541 -0.20647713541984558
v -0.12068148702383041 -0.025760045275092125 -0.14281822741031647
v -0.12923845648765564 -0.03359571844339371 -0.12678596377372742
v -0.1249496191740036 -0.029996557161211967 -0.13657055795192719
v -0.12043692171573639 -0.02814941294491291 -0.15441927313804626
v -0.11431027948856354 -0.019420839846134186 -0.1528640240430832
v -0.124908447265625 -0.032263558357954025 -0.14771783351898193
v -0.11496631801128387 -0.021796349436044693 -0.16276125609874725
v -0.1088557168841362 -0.01434776745736599 -0.16097533702850342
v -0.10916535556316376 -0.01608523540198803 -0.16991543769836426
v -0.13491784036159515 -0.04059756547212601 -0.13108637928962708
v -0.14014078676700592 -0.04488601163029671 -0.10605651140213013
v -0.09841696172952652 -0.007008196320384741 -0.1776505708694458
v -0.14317528903484344 -0.04809005185961723 -0.11683283001184464
v -0.14593146741390228 -0.051781754940748215 -0.10549085587263107
v -0.14371882379055023 -0.04883383959531784 -0.10274098813533783
v -0.10158176720142365 -0.009990748949348927 -0.1810605674982071
v -0.08665299415588379 0.001514668227173388 -0.188834547996521
v -0.14771145582199097 -0.05248074233531952 -0.11149117350578308
v -0.14742672443389893 -0.05112296715378761 -0.10041370242834091
v -0.15371012687683105 -0.05257337540388107 -0.07886262238025665
v -0.1523352563381195 -0.048557452857494354 -0.07185924798250198
v -0.15722066164016724 -0.05400695651769638 -0.0669264867901802
v -0.15811920166015625 -0.05444728210568428 -0.060146819800138474
v -0.14756986498832703 -0.046229131519794464 -0.08598276972770691
v -0.10130389034748077 -0.007143836934119463 -0.17106907069683075
v -0.09021157026290894 0.001600682851858437 -0.18394140899181366
v -0.07894352078437805 0.0031508048996329308 -0.1976270228624344
v -0.158454030752182 -0.046678751707077026 -0.055175378918647766
v -0.13484497368335724 -0.038070712238550186 -0.1156308650970459
v -0.14523564279079437 -0.04733412340283394 -0.11751917004585266
v 0.123407743871212 0.16509471833705902 0.14479123055934906
v 0.11164918541908264 0.14518895745277405 0.16102831065654755
v 0.13120931386947632 0.11722590774297714 0.1657876819372177
v 0.14624853432178497 0.13007302582263947 0.15295721590518951
v 0.1458337903022766 0.15213091671466827 0.1408478319644928
v 0.1034364178776741 0.1287984549999237 0.17265990376472473
v 0.10776535421609879 0.17107343673706055 0.14873488247394562
v 0.1461189091205597 0.10510547459125519 0.16521723568439484
v 0.10282483696937561 0.11172399669885635 0.18054620921611786
v 0.13779720664024353 0.16811974346637726 0.1374187469482422
v 0.14669862389564514 0.16600646078586578 0.13477522134780884
v 0.1267046332359314 0.09931039065122604 0.17434869706630707
v 0.09927380084991455 0.16085462272167206 0.15667317807674408
v 0.10786636918783188 0.10012883692979813 0.18206733465194702
v 0.1038629487156868 0.10258494317531586 0.18309129774570465
v 0.1252650022506714 0.1764179915189743 0.14067775011062622
v 0.10242296755313873 0.17453406751155853 0.14946000277996063
v 0.11071526259183884 0.20324237644672394 0.13116364181041718
v 0.09168308228254318 0.1901429146528244 0.1453155130147934
v 0.09045219421386719 0.20263519883155823 0.13917048275470734
v 0.09515939652919769 0.17558123171329498 0.15249022841453552
v 0.1373007893562317 0.19547265768051147 0.12734797596931458
v 0.1470533311367035 0.18756628036499023 0.12814247608184814
v 0.147780179977417 0.1738494336605072 0.13313138484954834
v 0.14617863297462463 0.20395271480083466 0.12061242014169693
v 0.12980011105537415 0.20470689237117767 0.12387246638536453
v 0.1433643400669098 0.2080717831850052 0.11719769984483719
v 0.114567831158638 0.22010305523872375 0.12158302217721939
v 0.09178237617015839 0.20741255581378937 0.13504508137702942
v 0.1429058462381363 0.21880781650543213 0.1135721206665039
v 0.09242343157529831 0.22122740745544434 0.12713156640529633
v 0.13018451631069183 0.17381598055362701 0.14042410254478455
v 0.098322294652462 0.17243900895118713 0.14989720284938812
v 0.12221920490264893 0.22168849408626556 0.11781637370586395
v 0.09327134490013123 0.22338351607322693 0.12495730817317963
v 0.09981945902109146 0.13971692323684692 0.16702695190906525
v 0.09181269258260727 0.1770322620868683 0.15141281485557556
v 0.14548371732234955 0.09964956343173981 0.1655793935060501
v 0.08740673214197159 0.2043708711862564 0.13718874752521515
v 0.10027243196964264 0.11636311560869217 0.17737361788749695
v 0.14177294075489044 0.22116631269454956 0.10946080833673477
v 0.14685751497745514 0.20506784319877625 0.11641371250152588
v 0.14295484125614166 0.20956571400165558 0.11034451425075531
v -0.05342014506459236 0.010676782578229904 0.19434677064418793
v -0.06703778356313705 0.014989241026341915 0.19150754809379578
v -0.06809167563915253 -0.001314801163971424 0.19046875834465027
v -0.06021325662732124 0.03667131066322327 0.193158358335495
v -0.07976702600717545 0.039096899330616 0.19037728011608124
v -0.0415801964700222 0.03588031977415085 0.19456294178962708
v -0.034753505140542984 0.008659644983708858 0.19639627635478973
v -0.03785861283540726 -0.0035380276385694742 0.19783221185207367
v -0.04705164209008217 -0.015159260481595993 0.1974603235721588
v -0.07419443130493164 -0.019815713167190552 0.18921487033367157
v -0.037336114794015884 -0.02065153606235981 0.2006922960281372
v -0.08582374453544617 0.011782974936068058 0.1839296519756317
v -0.08253505080938339 -0.02070053294301033 0.1858786642551422
v -0.08795929700136185 0.03900619223713875 0.18713612854480743
v -0.08846795558929443 -0.006594509351998568 0.1824914813041687
v -0.08909093588590622 0.01911046914756298 0.18241152167320251
v -0.031058933585882187 0.000542975147254765 0.19734758138656616
v -0.03303057327866554 -0.019645337015390396 0.19927512109279633
v -0.03287964314222336 0.03480388969182968 0.1940455287694931
v -0.06458491832017899 -0.019820095971226692 0.19292496144771576
v -0.05173436924815178 -0.019626107066869736 0.19702628254890442
v -0.0475752167403698 -0.020051922649145126 0.1997665911912918
v -0.030268466100096703 0.024985911324620247 0.19303356111049652
v -0.03030858188867569 0.003706335322931409 0.1950896829366684
v -0.06238165870308876 0.03846777603030205 0.19092495739459991
v 0.058297157287597656 -0.0388687402009964 0.21766197681427002
v 0.05897952616214752 -0.0450778603553772 0.2333761602640152
v 0.06021702289581299 -0.06117915362119675 0.2212800830602646
v 0.05785191059112549 -0.013347522355616093 0.23299594223499298
v 0.057226620614528656 -0.013881059363484383 0.21585875749588013
v 0.05718224495649338 -0.02580292895436287 0.2108299881219864
v 0.06010419502854347 -0.07211046665906906 0.2341662347316742
v 0.06151134893298149 -0.08418034017086029 0.22114895284175873
v 0.06138306111097336 -0.10821416229009628 0.2260722666978836
v 0.06114928424358368 -0.1124643012881279 0.229746475815773
v 0.060818497091531754 -0.13964217901229858 0.2329694926738739
v 0.06142071634531021 -0.062215715646743774 0.2173444777727127
v 0.05956052243709564 -0.04086602106690407 0.21412378549575806
v 0.06164393946528435 -0.06918706744909286 0.21863166987895966
v 0.05767562985420227 -0.024181529879570007 0.23465876281261444
v 0.05882422253489494 -0.06981219351291656 0.2359047830104828
v 0.06337208300828934 -0.11459322273731232 0.22833053767681122
v -0.14132295548915863 -0.017045380547642708 -0.14944958686828613
v -0.12043692171573639 -0.02814941294491291 -0.15441927313804626
v -0.124908447265625 -0.032263558357954025 -0.14771783351898193
v -0.135320246219635 -0.003958120476454496 -0.1650911420583725
v -0.11496631801128387 -0.021796349436044693 -0.16276125609874725
v -0.12789174914360046 -0.0010495277820155025 -0.17223377525806427
v -0.10158176720142365 -0.009990748949348927 -0.1810605674982071
v -0.13833962380886078 -0.03905903920531273 -0.13061770796775818
v -0.1096561923623085 0.0009344551945105195 -0.18355903029441833
v -0.09257157146930695 -0.0032540904358029366 -0.19292429089546204
v -0.13491784036159515 -0.04059756547212601 -0.13108637928962708
v -0.14523564279079437 -0.04733412340283394 -0.11751917004585266
v -0.15268412232398987 -0.034474410116672516 -0.12086328864097595
v -0.14771145582199097 -0.05248074233531952 -0.11149117350578308
v -0.14650526642799377 -0.005184195004403591 -0.15306298434734344
v -0.15533794462680817 -0.0432707704603672 -0.11063361912965775
v -0.16162298619747162 -0.030029961839318275 -0.11298208683729172
v -0.15691886842250824 -0.001142441644333303 -0.14151085913181305
v -0.09408463537693024 0.009117222391068935 -0.19649210572242737
v -0.11225887387990952 0.00883619487285614 -0.18381814658641815
v -0.16809184849262238 -0.015906114131212234 -0.11247261613607407
v -0.1582476794719696 0.017544621601700783 -0.14495989680290222
v -0.1475742906332016 0.026214390993118286 -0.15806318819522858
v -0.1369180530309677 0.035029537975788116 -0.16973541676998138
v -0.16564811766147614 0.008473038673400879 -0.13165493309497833
v -0.09838684648275375 0.0187663696706295 -0.19484466314315796
v -0.1250077784061432 0.04683777317404747 -0.17970716953277588
v -0.10996461659669876 0.0374181792140007 -0.18854208290576935
v -0.10510855168104172 0.032920002937316895 -0.19160611927509308
v -0.11278203129768372 0.047090254724025726 -0.1876344233751297
v -0.11726254224777222 0.05089632421731949 -0.18527325987815857
v -0.1717013567686081 -0.00539019238203764 -0.11161642521619797
v -0.09205295145511627 0.00022657685622107238 -0.1983962506055832
v -0.16959857940673828 -0.013170264661312103 -0.10808569937944412
v -0.17489498853683472 -0.011539852246642113 -0.09245769679546356
v -0.17404896020889282 -0.012225380167365074 -0.09425169229507446
v -0.16235655546188354 -0.02784581668674946 -0.10055537521839142
v -0.17321451008319855 -0.02852153405547142 -0.06839510798454285
v -0.1792934238910675 -0.018683243542909622 -0.06518673151731491
v -0.15371012687683105 -0.05257337540388107 -0.07886262238025665
v -0.15722066164016724 -0.05400695651769638 -0.0669264867901802
v -0.16017405688762665 -0.054922398179769516 -0.05793345347046852
v -0.157130166888237 -0.035039182752370834 -0.10327190160751343
v -0.15024545788764954 -0.04716546833515167 -0.10331584513187408
v -0.16843219101428986 -0.044129472225904465 -0.051388759166002274
v -0.16813720762729645 -0.05636509880423546 -0.029362792149186134
v -0.1727275401353836 -0.042061641812324524 -0.036219511181116104
v -0.1744959056377411 -0.03271067887544632 -0.05242009460926056
v -0.1780102550983429 -0.03352809697389603 -0.02187279425561428
v -0.1717226356267929 -0.056919775903224945 -0.016720732674002647
v -0.1811600923538208 -0.02041551284492016 -0.03224979713559151
v -0.18050865828990936 -0.02051394060254097 -0.04917886108160019
v -0.17217135429382324 -0.05605749413371086 -0.0070531475357711315
v -0.1577424854040146 -0.034738607704639435 -0.10776912420988083
v -0.1817094385623932 -0.017155947163701057 -0.02365402691066265
v -0.17177262902259827 -0.05524265393614769 0.008253103122115135
v -0.17480123043060303 -0.01699802465736866 0.028003940358757973
v -0.17084960639476776 -0.050064992159605026 0.030621657148003578
v -0.17953914403915405 -0.013578412123024464 -0.006410459987819195
v -0.17103682458400726 -0.018288154155015945 0.05631272867321968
v -0.16881117224693298 -0.04763365536928177 0.04966295510530472
v -0.16773585975170135 -0.04601000249385834 0.06306904554367065
v -0.16835668683052063 -0.01973356306552887 0.08271871507167816
v -0.16568662226200104 -0.027777668088674545 0.09466028213500977
v -0.16822625696659088 -0.00821458175778389 0.09526749700307846
v -0.16705787181854248 -0.012605621479451656 0.09991524368524551
v -0.16608355939388275 -0.037038784474134445 0.09973835200071335
v -0.16452953219413757 -0.04678807780146599 0.09724874049425125
v -0.1648726463317871 -0.0533086359500885 0.10028517246246338
v -0.16596443951129913 -0.050544314086437225 0.09316685050725937
v -0.1667281687259674 -0.04834181070327759 0.0849231705069542
v -0.17054034769535065 -0.049896832555532455 0.040869180113077164
v -0.17007622122764587 -0.05285761132836342 0.033402759581804276
v -0.17178189754486084 -0.006022482179105282 0.0798763707280159
v -0.1688748002052307 -0.05477841943502426 0.020721174776554108
v -0.16964735090732574 0.002947636181488633 0.09963314980268478
v -0.17110943794250488 -0.007519504055380821 0.10097337514162064
v -0.17170701920986176 0.010814670473337173 0.10308757424354553
v -0.17033062875270844 0.011502684094011784 0.10083512961864471
v -0.17272499203681946 0.0061259022913873196 0.09075278788805008
v -0.17484256625175476 -0.0004064291133545339 0.0745394378900528
v -0.17632411420345306 -0.0029792163986712694 0.06046262010931969
v -0.17845498025417328 -0.010309439152479172 0.011694373562932014
v -0.17695368826389313 -0.00742750708013773 0.03461145609617233
v -0.1194598600268364 0.05211438238620758 -0.1822468638420105
v -0.11366952955722809 0.04725850746035576 -0.19807521998882294
v -0.10868153721094131 0.030842920765280724 -0.2093120962381363
v -0.10851696878671646 0.03221376612782478 -0.21179112792015076
v -0.10433810949325562 0.007825237698853016 -0.2193668782711029
v -0.1046113669872284 0.011110830120742321 -0.225374236702919
v -0.09797710180282593 0.002892694901674986 -0.20537595450878143
v -0.10074852406978607 0.014471059665083885 -0.2030549943447113
v -0.15135377645492554 -0.04764070361852646 -0.10893046110868454
v -0.14742672443389893 -0.05112296715378761 -0.10041370242834091
v -0.14593146741390228 -0.051781754940748215 -0.10549085587263107
v -0.11834035813808441 0.052699971944093704 -0.19013695418834686
v -0.18306002020835876 -0.04929414764046669 0.06041232869029045
v -0.220128133893013 -0.05451089143753052 0.05531668663024902
v -0.18310055136680603 -0.04899423569440842 0.07211815565824509
v -0.2178756594657898 -0.053937457501888275 0.06813313812017441
v -0.21978618204593658 -0.055741894990205765 0.0349016897380352
v -0.19570763409137726 -0.05128937587141991 0.09016773104667664
v -0.16773585975170135 -0.04601000249385834 0.06306904554367065
v -0.1667281687259674 -0.04834181070327759 0.0849231705069542
v -0.18300138413906097 -0.05030233412981033 0.09611044079065323
v -0.18329046666622162 -0.0518246591091156 0.04049830883741379
v -0.21804527938365936 -0.056644901633262634 0.027565492317080498
v -0.17054034769535065 -0.049896832555532455 0.040869180113077164
v -0.18380267918109894 -0.05573594570159912 0.025008732452988625
v -0.17007622122764587 -0.05285761132836342 0.033402759581804276
v -0.2086680680513382 -0.0568464994430542 0.023447547107934952
v -0.20453804731369019 -0.05835319682955742 0.01975707896053791
v -0.16596443951129913 -0.050544314086437225 0.09316685050725937
v -0.22278578579425812 -0.06038419529795647 0.02537934109568596
v -0.20912237465381622 -0.05520462989807129 0.08240116387605667
v -0.18502944707870483 -0.06307897716760635 0.01640017330646515
v 0.000760229246225208 0.02150017023086548 0.18242791295051575
v 0.02061990275979042 0.021878283470869064 0.1815415471792221
v 0.0017865716945379972 -0.0007600719109177589 0.18116098642349243
v 0.022888900712132454 -0.0017770203994587064 0.17931048572063446
v 0.0014775393065065145 -0.01165708713233471 0.17884862422943115
v -0.00740995304659009 0.022043047472834587 0.18184876441955566
v -0.02093346230685711 -0.004068069625645876 0.17902323603630066
v -0.016163786873221397 0.022359885275363922 0.18070214986801147
v -0.024256104603409767 0.01915058307349682 0.1810315102338791
v -0.027382778003811836 -0.0024635151494294405 0.17943236231803894
v 0.026072856038808823 0.010479161515831947 0.1811002492904663
v 0.030822880566120148 0.00953642837703228 0.181263267993927
v -0.015507635660469532 -0.01985217072069645 0.17521604895591736
v -0.028398845344781876 -0.013632075861096382 0.1762118637561798
v 0.026726191863417625 -0.019550543278455734 0.1736585646867752
v -0.034081652760505676 -0.01656496152281761 0.17467547953128815
v 0.012556699104607105 -0.02182772569358349 0.1739097684621811
v 0.03183858469128609 -0.009743883274495602 0.1749432384967804
v 0.035432927310466766 0.0007990663289092481 0.17756414413452148
v 0.0345713347196579 -0.018274936825037003 0.1737290322780609
v -0.03610404208302498 -0.009924822486937046 0.17950986325740814
v 0.03520525246858597 -0.022497721016407013 0.1713591367006302
v -0.031952258199453354 0.001113365520723164 0.18219244480133057
v -0.04180435091257095 -0.0013650290202349424 0.18290163576602936
v -0.033714525401592255 0.024247173219919205 0.18553565442562103
v -0.05315583944320679 0.0019377382704988122 0.1826246976852417
v -0.04753515496850014 -0.015843503177165985 0.17902803421020508
v -0.07108739018440247 -0.01664544641971588 0.17632102966308594
v -0.05149674788117409 0.020259840413928032 0.1834799349308014
v -0.044985707849264145 0.030047519132494926 0.18619877099990845
v -0.032281339168548584 0.035294998437166214 0.1895958036184311
v -0.06805930286645889 -0.021163837984204292 0.17489030957221985
v -0.08295471221208572 -0.021523652598261833 0.1753145158290863
v -0.08138099312782288 -0.008618363179266453 0.17708659172058105
v -0.06732772290706635 0.002236391184851527 0.17945927381515503
v -0.06161676347255707 0.0302010215818882 0.18042708933353424
v -0.0761437639594078 0.03238373249769211 0.17755456268787384
v -0.08469618111848831 0.012127164751291275 0.17619618773460388
v -0.08822298049926758 0.034652482718229294 0.1771111637353897
v -0.0890621617436409 0.014407790265977383 0.17710645496845245
v -0.08622962236404419 -0.015418819151818752 0.17821238934993744
v -0.06686265766620636 0.037543054670095444 0.18128472566604614
v -0.028258245438337326 0.02901989035308361 0.18871435523033142
v -0.04125261306762695 0.037308916449546814 0.19033655524253845
v -0.05364334583282471 0.03739907592535019 0.18726810812950134
v 0.04735564440488815 -0.02169993706047535 0.17365118861198425
v 0.04730059206485748 -0.010368652641773224 0.17917118966579437
v 0.06378976255655289 -0.014468002133071423 0.1785401552915573
v 0.04824427515268326 0.00844967644661665 0.1841067671775818
v 0.057241883128881454 0.011026430875062943 0.18310149013996124
v 0.06950061768293381 0.0007007553358562291 0.18033912777900696
v 0.04988271743059158 0.01730978861451149 0.18558073043823242
v 0.07337556034326553 0.0176876001060009 0.18092294037342072
v 0.06439525634050369 0.03163731098175049 0.18235647678375244
v 0.07468254119157791 -0.012314043007791042 0.17649725079536438
v 0.06669296324253082 -0.022265514358878136 0.17520572245121002
v 0.08043363690376282 0.03419201448559761 0.17884887754917145
v 0.05424952879548073 0.03325771167874336 0.18556411564350128
v 0.059336788952350616 0.03694333881139755 0.18546117842197418
v 0.07334604114294052 0.036969900131225586 0.18238314986228943
v 0.08069906383752823 0.014012168161571026 0.17712616920471191
v -0.02558474987745285 0.026787377893924713 0.18589162826538086
v 0.080601766705513 0.03071766532957554 0.17811104655265808
v -0.008355332538485527 0.026040159165859222 0.18455971777439117
v 0.023288104683160782 0.025565773248672485 0.1845543533563614
v 0.044143177568912506 0.016781756654381752 0.18849670886993408
v 0.04779110103845596 0.024036185815930367 0.18838119506835938
v 0.0404776968061924 0.007101926952600479 0.18511748313903809
v 0.0377824492752552 0.015998855233192444 0.17803457379341125
v -0.05404273793101311 -0.021670283749699593 0.1743733137845993
v 0.07229894399642944 -0.02179006300866604 0.17215889692306519
v 0.04084222391247749 -0.02432478778064251 0.16993799805641174
v -0.033788979053497314 -0.02053152583539486 0.170131117105484
v -0.0019921078346669674 -0.0221923366189003 0.17264831066131592
v -0.09094946086406708 0.02723756618797779 0.17960530519485474
v -0.08821653574705124 -0.018485594540834427 0.18063312768936157
v -0.09020785987377167 -0.022064829245209694 0.18037773668766022
v -0.0913105309009552 0.03754661604762077 0.181477889418602
v 0.04351033642888069 0.007037322968244553 0.1836257427930832
v 0.028520043939352036 -0.022101346403360367 0.1687213033437729
v 0.058870118111371994 -0.021666932851076126 0.16809944808483124
v 0.2089739888906479 -0.13681717216968536 0.0952436774969101
v 0.2207050919532776 -0.14567117393016815 0.099342942237854
v 0.2124556452035904 -0.16136673092842102 0.09735909849405289
v 0.21781949698925018 -0.13630470633506775 0.09811384975910187
v 0.2142207771539688 -0.21717827022075653 0.09758506715297699
v 0.22583195567131042 -0.20423342287540436 0.09984885901212692
v 0.21494145691394806 -0.2415187805891037 0.09722166508436203
v 0.2262185961008072 -0.2330593764781952 0.10040391236543655
v 0.23055508732795715 -0.1952042281627655 0.10217086970806122
v 0.22827985882759094 -0.24356815218925476 0.10281703621149063
v 0.22173207998275757 -0.25573527812957764 0.09966222196817398
v 0.20923657715320587 -0.1587706208229065 0.09575220197439194
v 0.20577174425125122 -0.1383957713842392 0.0944177582859993
v 0.20267686247825623 -0.12656629085540771 0.0912800133228302
v 0.21255145967006683 -0.21437916159629822 0.0964423343539238
v 0.21155865490436554 -0.12195641547441483 0.09180793166160583
v 0.20159180462360382 -0.11922057718038559 0.0908350944519043
v 0.21558330953121185 -0.1267053782939911 0.09433913230895996
v 0.21575629711151123 -0.11735454201698303 0.0947125032544136
v 0.20674929022789001 -0.10955977439880371 0.08917895704507828
v 0.21379953622817993 -0.11200142651796341 0.09110871702432632
v 0.2106936275959015 -0.10244426131248474 0.08839718252420425
v 0.2013128250837326 -0.10499618202447891 0.08578946441411972
v 0.20988161861896515 -0.08809774369001389 0.08318597078323364
v 0.21010440587997437 -0.21077214181423187 0.09464135020971298
v 0.2285124659538269 -0.16260236501693726 0.10390998423099518
v 0.211716428399086 -0.23030781745910645 0.09357836097478867
v 0.23201590776443481 -0.2001902461051941 0.10392554104328156
v 0.2230772078037262 -0.13885968923568726 0.10363832116127014
v 0.21786001324653625 -0.12956839799880981 0.10132420808076859
v 0.19964593648910522 -0.10516639053821564 0.08336413651704788
v 0.20068885385990143 -0.0918075293302536 0.0802321657538414
v 0.19649329781532288 -0.08291349560022354 0.07674046605825424
v 0.20578613877296448 -0.07872714847326279 0.07972043752670288
v 0.19731438159942627 -0.07126889377832413 0.0739620104432106
v 0.20598870515823364 -0.071772500872612 0.07963380962610245
v 0.1976250410079956 -0.09372927248477936 0.07739477604627609
v 0.193436399102211 -0.0674644187092781 0.06971003115177155
v 0.19996331632137299 -0.057214632630348206 0.07311155647039413
v 0.19577813148498535 -0.04872550442814827 0.06786637008190155
v 0.20847594738006592 -0.07959575206041336 0.0831306055188179
v 0.19059845805168152 -0.05131836608052254 0.05834801495075226
v 0.19267943501472473 -0.039623260498046875 0.061817508190870285
v 0.18782828748226166 -0.04279831424355507 0.05599307641386986
v 0.1872996985912323 -0.032699670642614365 0.0586409717798233
v 0.21251124143600464 -0.10372862219810486 0.09170204401016235
v 0.2113954871892929 -0.09559494256973267 0.08855525404214859
v 0.19285911321640015 -0.03312787413597107 0.06724753975868225
v 0.19253979623317719 -0.0248701274394989 0.06475572288036346
v 0.18984465301036835 -0.02601294033229351 0.06108243390917778
v 0.18632881343364716 -0.028208130970597267 0.05367086082696915
v 0.18458017706871033 -0.024018265306949615 0.052241403609514236
v 0.2188984751701355 -0.2571260631084442 0.09294533729553223
v 0.194056436419487 -0.02223334088921547 0.07121901214122772
v 0.19328023493289948 -0.01228388398885727 0.06821867823600769
v 0.1972898691892624 -0.050101183354854584 0.07760433852672577
v 0.2029038667678833 -0.06312324106693268 0.07833338528871536
v 0.1928590089082718 -0.03208412602543831 0.07198045402765274
v 0.19302420318126678 -0.02879643812775612 0.07907812297344208
v 0.19288410246372223 -0.027189476415514946 0.0873340368270874
v 0.19205741584300995 -0.011157326400279999 0.08446968346834183
v 0.19073191285133362 -0.00575355626642704 0.07210857421159744
v 0.19143198430538177 -0.03618749603629112 0.07785855233669281
v 0.189365953207016 -0.005833493545651436 0.08751881122589111
v 0.18863193690776825 -0.03458133339881897 0.08310135453939438
v 0.21400649845600128 -0.1273246854543686 0.10665417462587357
v 0.21127444505691528 -0.12245385348796844 0.10213652998209
v 0.21145175397396088 -0.12106866389513016 0.10858400166034698
v 0.20768965780735016 -0.11594478040933609 0.10127046704292297
v 0.20546935498714447 -0.10810401290655136 0.10845848172903061
v 0.20435085892677307 -0.1066138744354248 0.097901850938797
v 0.2067890614271164 -0.11498464643955231 0.09884683042764664
v 0.20257918536663055 -0.10248271375894547 0.09536781162023544
v 0.19988815486431122 -0.09211701154708862 0.09311151504516602
v 0.19856981933116913 -0.0884072333574295 0.10606580227613449
v 0.19395595788955688 -0.0732736587524414 0.10315711796283722
v 0.19577020406723022 -0.08191630244255066 0.08951570838689804
v 0.19803175330162048 -0.08957801014184952 0.09075853228569031
v 0.19421754777431488 -0.07745466381311417 0.08799351006746292
v 0.19198882579803467 -0.06916599720716476 0.08718658238649368
v 0.18734650313854218 -0.05013677850365639 0.08509349822998047
v 0.18655985593795776 -0.05257517471909523 0.10005547851324081
v 0.18344013392925262 -0.039288755506277084 0.08904876559972763
v 0.18106068670749664 -0.042468346655368805 0.09862365573644638
v 0.1807493418455124 -0.03429530933499336 0.09006946533918381
v 0.18733546137809753 -0.04077915847301483 0.08311827480792999
v 0.20543910562992096 -0.07686667889356613 0.0843217596411705
v 0.18430018424987793 -0.033772386610507965 0.08802949637174606
v 0.19136646389961243 -0.05888428911566734 0.08363999426364899
v 0.19670239090919495 -0.05907897278666496 0.08104652911424637
v 0.205477774143219 -0.08837105333805084 0.08861424773931503
v -0.0024933693930506706 0.10874000191688538 0.17026138305664062
v -0.0031712381169199944 0.12367752939462662 0.16639268398284912
v -0.003675204934552312 0.10435134917497635 0.16299468278884888
v -0.005466479808092117 0.13429579138755798 0.14737792313098907
v -0.0036196266300976276 0.14389486610889435 0.1607704907655716
v -0.0054521718993783 0.10944032669067383 0.1519894003868103
v -0.004471460822969675 0.15682196617126465 0.15542356669902802
v -0.0021972882095724344 0.09458835422992706 0.17326673865318298
v -0.005124977324157953 0.09364120662212372 0.15518662333488464
v -0.006756034679710865 0.14441925287246704 0.14230844378471375
v -0.005998152773827314 0.16148710250854492 0.14864961802959442
v -0.003324191551655531 0.08381503820419312 0.15953916311264038
v -0.0011111587518826127 0.08305434137582779 0.17754410207271576
v -0.0019095605239272118 0.07516013085842133 0.16201406717300415
v -0.008687223307788372 0.15333634614944458 0.137990802526474
v -0.008630705997347832 0.15675438940525055 0.13837356865406036
v 0.0005623875767923892 0.07806376367807388 0.17700645327568054
v 0.0014496572548523545 0.06978140771389008 0.16444279253482819
v 0.0024453294463455677 0.07027217745780945 0.16997797787189484
v 0.002713222522288561 0.06949429959058762 0.17482247948646545
v 0.004460501950234175 0.07151415944099426 0.17971768975257874
v -0.004686153493821621 0.0777464285492897 0.15912677347660065
v 0.00045293595758266747 0.06616730242967606 0.1626351922750473
v -0.008182602003216743 0.1302020102739334 0.14591670036315918
v 0.005822286009788513 0.07470414787530899 0.1807730793952942
v -0.07530083507299423 0.03643294796347618 -0.2257392853498459
v -0.07139602303504944 0.04991728067398071 -0.2158389389514923
v -0.0704895406961441 0.03226950019598007 -0.21815121173858643
v -0.07663377374410629 0.02294771745800972 -0.2311801016330719
v -0.07548119872808456 0.011397048830986023 -0.23192955553531647
v -0.07068275660276413 0.008751485496759415 -0.22372972965240479
v -0.06478457897901535 0.05345763638615608 -0.20160149037837982
v -0.07117513567209244 0.06989534944295883 -0.21046879887580872
v -0.06497282534837723 0.06908764690160751 -0.1969120055437088
v -0.0629313588142395 0.03154291957616806 -0.20035451650619507
v -0.06617171317338943 0.009073067456483841 -0.2125469446182251
v -0.07493988424539566 0.04917532205581665 -0.22114625573158264
v -0.07258057594299316 0.07593520730733871 -0.20716555416584015
v -0.06936781853437424 0.07712161540985107 -0.19628871977329254
v -0.06635107845067978 0.005524883512407541 -0.20647713541984558
v -0.06088228151202202 0.05192488804459572 -0.1992267519235611
v -0.05971281975507736 0.03601374104619026 -0.1986544132232666
v -0.06271820515394211 0.07891076803207397 -0.19163718819618225
v -0.06849902868270874 0.004192511551082134 -0.20955035090446472
v -0.08007150888442993 0.013933639042079449 -0.23365530371665955
v -0.07383514940738678 0.08011377602815628 -0.19497625529766083
v -0.22362487018108368 -0.10408931970596313 0.03687397763133049
v -0.22350533306598663 -0.11346214264631271 0.028904618695378304
v -0.2202635258436203 -0.13286492228507996 0.03541301563382149
v -0.2189067006111145 -0.149068683385849 0.0339011587202549
v -0.21786141395568848 -0.1613466441631317 0.03647005185484886
v -0.22427774965763092 -0.0805809423327446 0.034576088190078735
v -0.22509720921516418 -0.08683259040117264 0.024296855553984642
v -0.22317996621131897 -0.1613907814025879 0.02478024736046791
v -0.2232075035572052 -0.16063469648361206 0.02240714058279991
v -0.22278578579425812 -0.06038419529795647 0.02537934109568596
v -0.22530244290828705 -0.0608268566429615 0.053141579031944275
v -0.2261347770690918 -0.09950214624404907 0.05298059806227684
v -0.22573256492614746 -0.1109776422381401 0.053515877574682236
v -0.2232614904642105 -0.13884301483631134 0.05034767836332321
v -0.22492615878582 -0.08849698305130005 0.06055906414985657
v -0.22413019835948944 -0.06053541600704193 0.06339056044816971
v -0.22075015306472778 -0.16172730922698975 0.046191148459911346
v -0.2210521101951599 -0.16017977893352509 0.048881854861974716
v -0.22435817122459412 -0.10798501968383789 0.023190414533019066
v -0.2233429253101349 -0.10296487808227539 0.060971807688474655
v -0.21978618204593658 -0.055741894990205765 0.0349016897380352
v -0.220128133893013 -0.05451089143753052 0.05531668663024902
v -0.2178756594657898 -0.053937457501888275 0.06813313812017441
v -0.21652841567993164 -0.059429269284009933 0.07599436491727829
v -0.20912237465381622 -0.05520462989807129 0.08240116387605667
v 0.14880472421646118 -0.1733889877796173 0.08048819750547409
v 0.14622002840042114 -0.16470551490783691 0.06179563328623772
v 0.16630807518959045 -0.1798275262117386 0.06192973256111145
v 0.16219818592071533 -0.18200348317623138 0.07583919167518616
v 0.1543915569782257 -0.16414983570575714 0.04682890325784683
v 0.16489346325397491 -0.16835293173789978 0.033456943929195404
v 0.1718767136335373 -0.18012577295303345 0.04958139359951019
v 0.1367691606283188 -0.15813884139060974 0.05994664877653122
v 0.15836355090141296 -0.18235677480697632 0.08232134580612183
v 0.1417769342660904 -0.16565829515457153 0.07070008665323257
v 0.15175729990005493 -0.1770145297050476 0.08470005542039871
v 0.17435817420482635 -0.17578881978988647 0.023529822006821632
v 0.17717275023460388 -0.181062251329422 0.0340413972735405
v 0.13724830746650696 -0.1605297476053238 0.06175542250275612
v 0.14831358194351196 -0.15783821046352386 0.045527394860982895
v 0.1584053635597229 -0.15755487978458405 0.031281307339668274
v 0.17521172761917114 -0.17157457768917084 0.01382453739643097
v 0.14552591741085052 -0.17080286145210266 0.07807948440313339
v 0.16938373446464539 -0.15888425707817078 0.01262669824063778
v 0.17707224190235138 -0.18176010251045227 0.04223209246993065
v 0.18116512894630432 -0.18508784472942352 0.03744911029934883
v 0.18298231065273285 -0.18410922586917877 0.0434669591486454
v 0.16939741373062134 -0.04494515061378479 -0.028262635692954063
v 0.17440952360630035 -0.03905722126364708 -0.03149857744574547
v 0.1732858568429947 -0.052641816437244415 -0.03614247590303421
v 0.16416703164577484 -0.056289009749889374 -0.026811735704541206
v 0.17914408445358276 -0.04810534417629242 -0.039279304444789886
v 0.16823385655879974 -0.059591811150312424 -0.031715624034404755
v 0.18301083147525787 -0.05536852031946182 -0.04366784170269966
v 0.17444132268428802 -0.061899494379758835 -0.037020813673734665
v 0.18910861015319824 -0.0678802877664566 -0.04764978215098381
v 0.19319216907024384 -0.07683955878019333 -0.049351856112480164
v 0.16739951074123383 -0.04160427674651146 -0.02734195627272129
v 0.16443604230880737 -0.061018265783786774 -0.025833068415522575
v 0.18669408559799194 -0.10398659855127335 -0.03139590471982956
v 0.19803158938884735 -0.10079008340835571 -0.04502352327108383
v 0.19886815547943115 -0.11266236752271652 -0.04107319191098213
v 0.17025981843471527 -0.09206264466047287 -0.018897663801908493
v 0.1745433658361435 -0.13271357119083405 -0.0038615865632891655
v 0.16100160777568817 -0.088885098695755 -0.008515994995832443
v 0.16542606055736542 -0.12433300167322159 0.0030340556986629963
v 0.16710029542446136 -0.1395752727985382 0.007945694029331207
v 0.1630229651927948 -0.11045356839895248 -0.00047261008876375854
v 0.18792711198329926 -0.15206876397132874 -0.010215632617473602
v 0.19413168728351593 -0.13339363038539886 -0.024469127878546715
v 0.2009221762418747 -0.14913322031497955 -0.025654220953583717
v 0.2000582367181778 -0.13125793635845184 -0.032261934131383896
v 0.18221668899059296 -0.1579141914844513 -0.0028000243473798037
v 0.1779240220785141 -0.17015524208545685 0.005648771766573191
v 0.1595803052186966 -0.06556573510169983 -0.016194850206375122
v 0.18456237018108368 -0.17445416748523712 -0.0027038247790187597
v 0.19275160133838654 -0.18484772741794586 -0.012020908296108246
v 0.1826900988817215 -0.18172551691532135 0.0013666624436154962
v 0.2016911655664444 -0.18135689198970795 -0.02154531329870224
v 0.1972455382347107 -0.2050524801015854 -0.015386381186544895
v 0.18757125735282898 -0.214471697807312 -0.0065070101991295815
v 0.19461378455162048 -0.22253476083278656 -0.0117588359862566
v 0.18669505417346954 -0.2327379286289215 -0.004562676418572664
v 0.1844179630279541 -0.20295464992523193 -0.0007793414406478405
v 0.16520698368549347 -0.14478658139705658 0.017130432650446892
v 0.16023066639900208 -0.14008691906929016 0.027062706649303436
v 0.16419830918312073 -0.13021373748779297 0.01901254802942276
v 0.15256989002227783 -0.1339154839515686 0.0398455485701561
v 0.13863706588745117 -0.13738571107387543 0.05809400975704193
v 0.14043118059635162 -0.10854194313287735 0.05660995468497276
v 0.16360189020633698 -0.07984913140535355 0.024781793355941772
v 0.1521977335214615 -0.05941074341535568 0.04455552622675896
v 0.15917590260505676 -0.04853295534849167 0.033214300870895386
v 0.1627209633588791 -0.04417039826512337 0.02380538359284401
v 0.16046342253684998 -0.033221833407878876 0.03192450851202011
v 0.14527492225170135 -0.039562541991472244 0.06029682233929634
v 0.18007291853427887 -0.18646341562271118 0.015733974054455757
v 0.164140984416008 -0.0192253477871418 0.025025557726621628
v 0.16215583682060242 -0.013531411997973919 0.032870788127183914
v 0.16623245179653168 -0.011596794240176678 0.020850447937846184
v 0.15475896000862122 -0.011273571290075779 0.0481526255607605
v 0.16516751050949097 0.0025858632288873196 0.029638629406690598
v 0.148465096950531 -0.01181876566261053 0.06250528991222382
v 0.16181139647960663 -0.0030549713410437107 0.04037877172231674
v 0.1614508330821991 0.006206351798027754 0.041162922978401184
v 0.1582460254430771 0.009045626036822796 0.050339069217443466
v 0.15429073572158813 0.003599731484428048 0.061758533120155334
v 0.15820296108722687 -0.0064432076178491116 0.04634516313672066
v 0.14334866404533386 -0.07586440443992615 0.056796904653310776
v 0.14903539419174194 -0.09782467037439346 0.0464896485209465
v 0.15636052191257477 0.011552892625331879 0.06440311670303345
v 0.1432417929172516 -0.08099991083145142 0.058378830552101135
v 0.15592852234840393 0.013770049437880516 0.07606121897697449
v 0.155218705534935 0.005795000120997429 0.06873936206102371
v 0.1583046168088913 0.0036740947980433702 0.07870467007160187
v 0.15308915078639984 0.016336165368556976 0.08624672144651413
v 0.1561242938041687 0.005297951865941286 0.08609889447689056
v 0.15779754519462585 -0.003477503312751651 0.07897535711526871
v 0.15721887350082397 -0.017985640093684196 0.08365651965141296
v 0.1528833657503128 -0.0324815958738327 0.09341942518949509
v 0.15727320313453674 -0.0511375330388546 0.08424943685531616
v 0.15429599583148956 -0.07606619596481323 0.09050192683935165
v 0.1565934419631958 -0.07327256351709366 0.08329823613166809
v 0.15582235157489777 -0.10285958647727966 0.08352723717689514
v 0.15335288643836975 -0.1412038654088974 0.09023565798997879
v 0.15183410048484802 0.008031350560486317 0.0940622091293335
v 0.15686027705669403 -0.02570192888379097 0.08048488199710846
v 0.1542709469795227 -0.1267668604850769 0.0843200534582138
v 0.15254861116409302 -0.15659888088703156 0.08636043220758438
v 0.15102075040340424 -0.15577024221420288 0.0941375344991684
v 0.15120020508766174 -0.17167750000953674 0.09334999322891235
v 0.15214815735816956 -0.17341943085193634 0.08866172283887863
v 0.15122951567173004 -0.09395255893468857 0.0949312373995781
v 0.1469833254814148 -0.07122814655303955 0.1021248921751976
v 0.14532935619354248 -0.17149201035499573 0.10314637422561646
v 0.14596907794475555 0.02164999023079872 0.09711963683366776
v 0.14238296449184418 0.013926654122769833 0.10722331702709198
v 0.14078091084957123 -0.08487226068973541 0.10943204164505005
v 0.1394650638103485 -0.11709466576576233 0.10922618955373764
v 0.14071358740329742 -0.1543542891740799 0.10680647939443588
v 0.13921114802360535 0.02590722218155861 0.10436610132455826
v 0.1388968825340271 0.016052911058068275 0.11062362045049667
v 0.1355847269296646 0.028642823919653893 0.10713626444339752
v 0.14653365314006805 -0.038027409464120865 0.06398981809616089
v 0.13648492097854614 -0.17154911160469055 0.11137674748897552
v 0.12680520117282867 0.029018403962254524 0.1155024990439415
v 0.12230603396892548 0.04692710563540459 0.1188490018248558
v 0.13406912982463837 0.04596838355064392 0.10863447934389114
v 0.13514558970928192 0.0785030797123909 0.11036290228366852
v 0.15456117689609528 -0.003199067199602723 0.0724513977766037
v 0.15010617673397064 -0.04221339896321297 0.0697585716843605
v 0.1484423577785492 -0.09308363497257233 0.0681697204709053
v 0.14451079070568085 -0.13177789747714996 0.06606300175189972
v 0.1492418795824051 -0.1442435085773468 0.07881470024585724
v 0.14394918084144592 -0.16439001262187958 0.07587374746799469
v 0.15882468223571777 -0.061679765582084656 -0.019463777542114258
v -0.011215370148420334 -0.03219028189778328 0.21431636810302734
v -0.015428483486175537 -0.04544700309634209 0.2140389233827591
v -0.013739954680204391 -0.03973182663321495 0.2152506560087204
v -0.0112017672508955 -0.03079088404774666 0.21090374886989594
v -0.014143411070108414 -0.0487406849861145 0.2180391401052475
v -0.013716312125325203 -0.051890723407268524 0.23107299208641052
v -0.013322204351425171 -0.012593616731464863 0.23239988088607788
v -0.01308299321681261 -0.01353138592094183 0.21930961310863495
v -0.012951070442795753 -0.05428381636738777 0.2327919453382492
v -0.01401493325829506 -0.09388042986392975 0.23127241432666779
v -0.01354246586561203 -0.149835005402565 0.23220522701740265
v 0.07472435384988785 -0.025697652250528336 0.20907290279865265
v 0.05718224495649338 -0.02580292895436287 0.2108299881219864
v 0.07711398601531982 -0.04587336257100105 0.2136656939983368
v 0.05956052243709564 -0.04086602106690407 0.21412378549575806
v 0.06142071634531021 -0.062215715646743774 0.2173444777727127
v 0.06164393946528435 -0.06918706744909286 0.21863166987895966
v 0.06384818255901337 -0.08947771787643433 0.2222956269979477
v 0.07685817778110504 -0.06453733146190643 0.21766231954097748
v 0.06151134893298149 -0.08418034017086029 0.22114895284175873
v 0.06138306111097336 -0.10821416229009628 0.2260722666978836
v 0.06963744759559631 -0.11577083170413971 0.22887499630451202
v 0.07605653256177902 -0.0967683270573616 0.22513040900230408
v 0.06337208300828934 -0.11459322273731232 0.22833053767681122
v 0.084918312728405 -0.07954300194978714 0.22332461178302765
v 0.08179938048124313 -0.03164904564619064 0.21389338374137878
v 0.0821024626493454 -0.023687463253736496 0.21083423495292664
v 0.08641482144594193 -0.027801768854260445 0.21075379848480225
v 0.08911193907260895 -0.033113423734903336 0.2141799032688141
v 0.09038596600294113 -0.027712637558579445 0.21211251616477966
v 0.0800613984465599 -0.04712957888841629 0.21561244130134583
v 0.08277017623186111 -0.06753725558519363 0.221383199095726
v 0.09096690267324448 -0.05377895012497902 0.22293205559253693
v 0.08393034338951111 -0.04880716651678085 0.21976324915885925
v 0.09228666871786118 -0.036934781819581985 0.22061540186405182
v 0.08442849665880203 -0.035728391259908676 0.21860773861408234
v 0.10329987108707428 -0.04982313513755798 0.23111553490161896
v 0.09062420576810837 -0.07903381437063217 0.22412517666816711
v 0.09821939468383789 -0.1046496108174324 0.2292608618736267
v 0.11171139031648636 -0.05933656170964241 0.23626108467578888
v 0.09057974815368652 -0.10228828340768814 0.2254887968301773
v 0.09706316888332367 -0.13021640479564667 0.22919930517673492
v 0.09065012633800507 -0.1339658945798874 0.227464497089386
v 0.09381978958845139 -0.15869355201721191 0.2291148453950882
v 0.10804825276136398 -0.15832281112670898 0.23386958241462708
v 0.1118864044547081 -0.1394108533859253 0.23572246730327606
v 0.11208941042423248 -0.15835979580879211 0.23575638234615326
v 0.1119077280163765 -0.03882821276783943 0.23492752015590668
v 0.11161290109157562 -0.028120502829551697 0.23311682045459747
v 0.09908263385295868 -0.029458625242114067 0.22546245157718658
v 0.10013014078140259 -0.022433776408433914 0.22047697007656097
v 0.09316195547580719 -0.02460946887731552 0.2152022272348404
v 0.1127084419131279 -0.021258749067783356 0.22615227103233337
v 0.11413996666669846 -0.0818580761551857 0.23505906760692596
v 0.05111493170261383 0.08028985559940338 0.17410007119178772
v 0.03247968107461929 0.08885161578655243 0.17446964979171753
v 0.024709578603506088 0.07384131848812103 0.18008391559123993
v 0.05135371536016464 0.09219183772802353 0.17054788768291473
v 0.018634561449289322 0.09553223103284836 0.17388714849948883
v 0.054229240864515305 0.11265988647937775 0.16506162285804749
v 0.03542458638548851 0.12066514790058136 0.1660366952419281
v 0.054513826966285706 0.1308690458536148 0.16036738455295563
v 0.03653915226459503 0.16192251443862915 0.15479816496372223
v 0.042878422886133194 0.16464179754257202 0.15297392010688782
v 0.015989437699317932 0.13070090115070343 0.16456465423107147
v 0.05428842082619667 0.14568845927715302 0.1561703085899353
v 0.03883740305900574 0.07216992229223251 0.17792929708957672
v -0.0004735567781608552 0.09492272883653641 0.1744951456785202
v 0.005822286009788513 0.07470414787530899 0.1807730793952942
v -0.0024933693930506706 0.10874000191688538 0.17026138305664062
v -0.0031712381169199944 0.12367752939462662 0.16639268398284912
v -0.0036196266300976276 0.14389486610889435 0.1607704907655716
v 0.010188442654907703 0.16184942424297333 0.15409764647483826
v -0.004471460822969675 0.15682196617126465 0.15542356669902802
v -0.0011111587518826127 0.08305434137582779 0.17754410207271576
v 0.054824404418468475 0.1601140946149826 0.15095005929470062
v 0.05484788119792938 0.17041712999343872 0.14729627966880798
v 0.052208587527275085 0.07528378069400787 0.17364154756069183
v 0.054587025195360184 0.10418498516082764 0.16631005704402924
v 0.04722904786467552 0.07118144631385803 0.1745184361934662
v 0.05386221408843994 0.09266452491283417 0.16860102117061615
v 0.05343276634812355 0.08547552675008774 0.1704706996679306
v 0.004460501950234175 0.07151415944099426 0.17971768975257874
v -0.0021972882095724344 0.09458835422992706 0.17326673865318298
v 0.007242940831929445 -0.1682770848274231 0.16316267848014832
v -0.036471229046583176 -0.16609352827072144 0.16380968689918518
v -0.00939821545034647 -0.17120099067687988 0.16212554275989532
v -0.03499085456132889 -0.17076770961284637 0.1620015949010849
v 0.010235121473670006 -0.17280960083007812 0.16128049790859222
v 0.03513002023100853 -0.17193728685379028 0.15974394977092743
v 0.04189414903521538 -0.16360528767108917 0.1622786521911621
v 0.05642015114426613 -0.17205773293972015 0.15823233127593994
v 0.06056996062397957 -0.16320471465587616 0.16178317368030548
v -0.05923585221171379 -0.16398492455482483 0.16279593110084534
v -0.07617630064487457 -0.1722930520772934 0.15973812341690063
v 0.061193596571683884 -0.17004159092903137 0.15844257175922394
v -0.07220125943422318 -0.1661604791879654 0.16308066248893738
v -0.07148429751396179 -0.1626025140285492 0.16480417549610138
v -0.09924443066120148 -0.1623327136039734 0.16544969379901886
v -0.10575642436742783 -0.16646002233028412 0.1638553887605667
v -0.11569986492395401 -0.16571161150932312 0.16451339423656464
v -0.08465397357940674 -0.17374294996261597 0.1627139449119568
v -0.10736844688653946 -0.1721491664648056 0.16161809861660004
v -0.1032281219959259 -0.1746886521577835 0.1604086309671402
v 0.07614915817975998 -0.17320170998573303 0.15352918207645416
v 0.0657230019569397 -0.16357216238975525 0.15874497592449188
v 0.0762610137462616 -0.1630554497241974 0.15535959601402283
v -0.04262103885412216 -0.16313830018043518 0.16604487597942352
v 0.02037389762699604 -0.16307951509952545 0.16672459244728088
v -0.04280906915664673 -0.1727127730846405 0.16018669307231903
v -0.11172696202993393 -0.16784685850143433 0.16073249280452728
v 0.036095429211854935 -0.030919183045625687 0.2155604511499405
v 0.034349605441093445 -0.045761507004499435 0.2193489670753479
v 0.03600519523024559 -0.04877568781375885 0.23245728015899658
v 0.03537619858980179 -0.031049082055687904 0.21129663288593292
v 0.03725048154592514 -0.013675419613718987 0.23191194236278534
v 0.03720148652791977 -0.014174173586070538 0.22173979878425598
v 0.037194106727838516 -0.017482100054621696 0.21747229993343353
v 0.03805278614163399 -0.015167818404734135 0.23435287177562714
v 0.03682280331850052 -0.05636376142501831 0.2359265387058258
v 0.03201300650835037 -0.05335152521729469 0.22289283573627472
v 0.03344055637717247 -0.06207728013396263 0.2341512143611908
v 0.03025462105870247 -0.06390980631113052 0.22435781359672546
v 0.03108803741633892 -0.0656069964170456 0.228624165058136
v 0.029861677438020706 -0.08201851695775986 0.2326679676771164
v 0.040553830564022064 -0.02325609140098095 0.21127480268478394
v 0.039303842931985855 -0.024270227178931236 0.2086639553308487
v 0.19461378455162048 -0.22253476083278656 -0.0117588359862566
v 0.21671928465366364 -0.24068045616149902 -0.0022480229381471872
v 0.18834373354911804 -0.2406093180179596 -0.00411582738161087
v 0.18261761963367462 -0.25736239552497864 0.004197591450065374
v 0.20111221075057983 -0.2059324085712433 -0.017220258712768555
v 0.22321800887584686 -0.22584901750087738 -0.006530786864459515
v 0.2143743932247162 -0.24842886626720428 0.002539816778153181
v 0.1812838315963745 -0.2632644474506378 0.007865902036428452
v 0.21901878714561462 -0.21290461719036102 -0.01089378260076046
v 0.20547421276569366 -0.2599901556968689 0.010656306520104408
v 0.18474122881889343 -0.24681083858013153 -0.0005258093005977571
v 0.20128506422042847 -0.2649531364440918 0.017168132588267326
v 0.18831193447113037 -0.26528507471084595 0.012800605967640877
v 0.17717215418815613 -0.27157583832740784 0.014686217531561852
v 0.1972455382347107 -0.2050524801015854 -0.015386381186544895
v 0.2016911655664444 -0.18135689198970795 -0.02154531329870224
v 0.18669505417346954 -0.2327379286289215 -0.004562676418572664
v -0.1791067272424698 -0.04767966642975807 0.1027216762304306
v -0.16608355939388275 -0.037038784474134445 0.09973835200071335
v -0.1740425080060959 -0.046258214861154556 0.10173922032117844
v -0.1648726463317871 -0.0533086359500885 0.10028517246246338
v -0.17859649658203125 -0.007716653402894735 0.10312971472740173
v -0.16705787181854248 -0.012605621479451656 0.09991524368524551
v -0.17110943794250488 -0.007519504055380821 0.10097337514162064
v -0.17806148529052734 -0.05333929881453514 0.10201453417539597
v -0.17170701920986176 0.010814670473337173 0.10308757424354553
v -0.17710980772972107 0.00931854173541069 0.1060539036989212
v -0.08055106550455093 -0.08702655136585236 0.21903569996356964
v -0.08313346654176712 -0.07552554458379745 0.2147926390171051
v -0.07907652854919434 -0.10114216059446335 0.21309222280979156
v -0.07832641899585724 -0.10403139889240265 0.2173796445131302
v -0.0754651129245758 -0.12209763377904892 0.21293655037879944
v -0.07460687309503555 -0.12927201390266418 0.2169935256242752
v -0.06919342279434204 -0.1525958925485611 0.20909665524959564
v -0.06955897808074951 -0.15446601808071136 0.21824313700199127
v -0.08249761909246445 -0.07591939717531204 0.21163511276245117
v -0.08544311672449112 -0.041381657123565674 0.2102455496788025
v -0.06745543330907822 -0.1555485725402832 0.2036532312631607
v -0.07153290510177612 -0.12380743771791458 0.20388762652873993
v -0.0742315873503685 -0.12249065190553665 0.20948943495750427
v -0.0871979147195816 -0.0407402329146862 0.21506322920322418
v -0.08808993548154831 -0.035647351294755936 0.21222926676273346
v -0.0754629597067833 -0.08591581135988235 0.20281797647476196
v -0.07731013745069504 -0.07795657217502594 0.20430345833301544
v -0.07740132510662079 -0.0651644617319107 0.1991739124059677
v -0.07811440527439117 -0.048809804022312164 0.2017422467470169
v -0.08068729937076569 -0.04223235696554184 0.20429280400276184
v -0.0807502493262291 -0.02111165225505829 0.19986189901828766
v -0.08749217540025711 -0.015735553577542305 0.20726943016052246
v -0.08959430456161499 -0.016740621998906136 0.21514418721199036
v -0.07936394214630127 -0.04522356390953064 0.19956330955028534
v -0.08923791348934174 -0.012434212490916252 0.22274675965309143
v -0.06866007298231125 -0.15336716175079346 0.22387464344501495
v -0.06703145056962967 -0.15537047386169434 0.22638706862926483
v -0.0827428326010704 -0.03623749315738678 0.22819948196411133
v -0.07420620322227478 -0.10649459064006805 0.22664344310760498
v -0.07700128108263016 -0.08101475238800049 0.22888018190860748
v -0.08073828369379044 -0.0472007617354393 0.22848445177078247
v -0.0687546506524086 -0.1251036673784256 0.23024797439575195
v -0.07339330017566681 -0.09414424002170563 0.22987522184848785
v -0.08588379621505737 -0.011951323598623276 0.22652725875377655
v -0.06384461373090744 -0.15462760627269745 0.2294907122850418
v -0.07634764909744263 -0.08454641699790955 0.1996951848268509
v -0.08517078310251236 -0.09021039307117462 0.19264014065265656
v -0.07332972437143326 -0.12130419164896011 0.20047412812709808
v -0.08942963927984238 -0.16057953238487244 0.1875641942024231
v -0.09711301326751709 -0.13340753316879272 0.18191014230251312
v -0.06907696276903152 -0.15582410991191864 0.2018279731273651
v -0.09923699498176575 -0.08206913620233536 0.1808241605758667
v -0.08137492835521698 -0.05919491499662399 0.19568492472171783
v -0.09959594160318375 -0.03518354147672653 0.18096177279949188
v -0.08858367800712585 -0.022545134648680687 0.19094158709049225
v -0.0824456661939621 -0.02144739031791687 0.19626668095588684
v -0.09769067913293839 -0.15338484942913055 0.18043723702430725
v -0.0968993678689003 -0.02527058869600296 0.18320232629776
v -0.0762941837310791 -0.15975674986839294 0.1963832527399063
v -0.10205451399087906 -0.025159932672977448 0.17751353979110718
v -0.09912163019180298 -0.13392606377601624 0.1809571087360382
v -0.09655212610960007 -0.16121849417686462 0.1836162954568863
v -0.09822821617126465 -0.02367071993649006 0.17788410186767578
v 0.00963617768138647 0.08443126082420349 -0.20800244808197021
v 0.019353728741407394 0.08110299706459045 -0.1988505870103836
v 0.012411016039550304 0.07785635441541672 -0.19357870519161224
v 0.001493534306064248 0.07829752564430237 -0.19457969069480896
v -0.008564090356230736 0.08078419417142868 -0.201398566365242
v -0.010318252258002758 0.08673129975795746 -0.22432877123355865
v 0.0004680871788877994 0.07762133330106735 -0.19178380072116852
v 0.002973741851747036 0.08725762367248535 -0.22563689947128296
v 0.032744113355875015 0.09003017097711563 -0.22075797617435455
v 0.025624753907322884 0.09029116481542587 -0.22386029362678528
v 0.023715343326330185 0.085873544216156 -0.20367366075515747
v 0.043398015201091766 0.08877164125442505 -0.20724260807037354
v 0.0334910973906517 0.08484859019517899 -0.19897714257240295
v 0.03971894830465317 0.09002313762903214 -0.21586516499519348
v 0.05013979971408844 0.08903030306100845 -0.20267659425735474
v 0.0534556582570076 0.08725106716156006 -0.19868439435958862
v -0.012851041741669178 0.0740371122956276 -0.19552184641361237
v -0.01763886958360672 0.07318376004695892 -0.19211457669734955
v 0.047162577509880066 0.09290635585784912 -0.2103261500597
v -0.012879950925707817 0.08462754637002945 -0.21197156608104706
v -0.019590385258197784 0.07533573359251022 -0.19877557456493378
v 0.05644390732049942 0.09463948756456375 -0.20459240674972534
v 0.06781154870986938 0.09447625279426575 -0.19939957559108734
v -0.021230513229966164 0.07057572156190872 -0.1966378092765808
v -0.028396975249052048 0.0664961189031601 -0.19678252935409546
v 0.03094884566962719 0.07424001395702362 -0.19624455273151398
v 0.020732471719384193 0.07555852830410004 -0.19217300415039062
v -0.011863534338772297 0.08265284448862076 -0.20200084149837494
v -0.03255097568035126 0.06678159534931183 -0.19139371812343597
v 0.012087099254131317 0.07962104678153992 -0.1900416612625122
v -0.03297707810997963 0.06196345388889313 -0.19688251614570618
v 0.011254535056650639 0.1978200078010559 -0.23150035738945007
v -0.010271761566400528 0.19813095033168793 -0.23149077594280243
v 0.010095721110701561 0.1980532705783844 -0.20837761461734772
v -0.011911511421203613 0.19787803292274475 -0.20869144797325134
v -0.014585684053599834 0.19739210605621338 -0.21345368027687073
v -0.015600176528096199 0.19640538096427917 -0.2319897711277008
v 0.013676762580871582 0.19690518081188202 -0.2182719111442566
v 0.007360326591879129 0.19689330458641052 -0.2339385598897934
v -0.012264356948435307 0.19658386707305908 -0.23364761471748352
v -0.006281351670622826 0.1769195944070816 -0.23323029279708862
v 0.006065454334020615 0.17256805300712585 -0.23278430104255676
v 0.0050620632246136665 0.14193695783615112 -0.2304350882768631
v -0.006718181539326906 0.14380164444446564 -0.23030370473861694
v 0.004182520322501659 0.13442903757095337 -0.2297559380531311
v 0.007360326591879129 0.19689330458641052 -0.2339385598897934
v -0.012264356948435307 0.19658386707305908 -0.23364761471748352
v -0.00866747461259365 0.1354261040687561 -0.22852486371994019
v 0.009851974435150623 0.13675543665885925 -0.2286464422941208
v 0.011922122910618782 0.13496874272823334 -0.2280677706003189
v 0.011812984943389893 0.11416114866733551 -0.22820504009723663
v -0.012387852184474468 0.18426278233528137 -0.23183850944042206
v -0.008693336509168148 0.13268542289733887 -0.229610413312912
v -0.008518603630363941 0.1066669374704361 -0.22902658581733704
v 0.011798705905675888 0.1090002954006195 -0.2288627326488495
v 0.013569045811891556 0.09170585125684738 -0.22720852494239807
v -0.008018105290830135 0.09304814040660858 -0.22689411044120789
v 0.002973741851747036 0.08725762367248535 -0.22563689947128296
v 0.025624753907322884 0.09029116481542587 -0.22386029362678528
v -0.010318252258002758 0.08673129975795746 -0.22432877123355865
v 0.020673010498285294 0.11167187243700027 -0.22447627782821655
v 0.011254535056650639 0.1978200078010559 -0.23150035738945007
v 0.03099418431520462 0.10401491075754166 -0.21988025307655334
v 0.032744113355875015 0.09003017097711563 -0.22075797617435455
v -0.015600176528096199 0.19640538096427917 -0.2319897711277008
v 0.0117074279114604 0.13848747313022614 -0.22680485248565674
v -0.010689608752727509 0.144826740026474 -0.22805368900299072
v 0.05164656043052673 0.2615925967693329 -0.1052752211689949
v 0.0366038978099823 0.24686339497566223 -0.12046949565410614
v 0.029924510046839714 0.23804382979869843 -0.11759228259325027
v 0.04240364208817482 0.24983400106430054 -0.10354170203208923
v 0.04948141425848007 0.25680506229400635 -0.0946822538971901
v 0.029268234968185425 0.23951619863510132 -0.1291559636592865
v 0.015886353328824043 0.22335845232009888 -0.1307307332754135
v 0.05912056937813759 0.26773813366889954 -0.08632943779230118
v 0.020804433152079582 0.2299230396747589 -0.13700416684150696
v 0.006950561888515949 0.2149011194705963 -0.136552631855011
v 0.014248416759073734 0.222166508436203 -0.14354296028614044
v 0.0019677618984133005 0.2101171761751175 -0.14630812406539917
v 0.0015323866391554475 0.2076653242111206 -0.1377309411764145
v 0.06194153055548668 0.269566148519516 -0.093407541513443
v 0.07052076607942581 0.27877572178840637 -0.06784012913703918
v 0.06465134024620056 0.27334776520729065 -0.07168714702129364
v 0.07172226160764694 0.27949750423431396 -0.04647012799978256
v 0.06695099920034409 0.2755899131298065 -0.052741266787052155
v 0.06847546249628067 0.27474743127822876 -0.03632717207074165
v 0.06927474588155746 0.27272602915763855 -0.025376098230481148
v 0.07569770514965057 0.2754370868206024 -0.016253715381026268
v 0.07571584731340408 0.2695282995700836 0.005291886627674103
v 0.06915761530399323 0.26699528098106384 -0.008265540935099125
v 0.07011211663484573 0.26424533128738403 0.003451163414865732
v 0.06863605231046677 0.25748884677886963 0.017292145639657974
v 0.07438786327838898 0.2616669535636902 0.02445397339761257
v 0.07303041219711304 0.25569814443588257 0.035000137984752655
v 0.0665244311094284 0.24786582589149475 0.033052925020456314
v 0.07141034305095673 0.2462424784898758 0.04848494008183479
v 0.06802581995725632 0.23817402124404907 0.056431062519550323
v 0.06932207942008972 0.25915151834487915 0.010237609036266804
v 0.060903336852788925 0.267781525850296 -0.07984454184770584
v 0.05544433370232582 0.260797917842865 -0.08852595835924149
v 0.024190692231059074 0.2306850552558899 -0.1220400258898735
v 0.011227856390178204 0.21620449423789978 -0.13252437114715576
v 0.07564657926559448 0.2785002589225769 -0.03174236789345741
v 0.06553202867507935 0.27109313011169434 -0.068666011095047
v 0.004643179476261139 0.208889439702034 -0.1525028795003891
v 0.034340791404247284 0.24001869559288025 -0.11288350820541382
v 0.06854841858148575 0.2746703624725342 -0.08222933858633041
v 0.04621206223964691 0.2545296549797058 -0.11340351402759552
v 0.0131203792989254 0.15293900668621063 -0.22195518016815186
v 0.012566979974508286 0.15585339069366455 -0.21191973984241486
v 0.012541773729026318 0.13967695832252502 -0.21121442317962646
v 0.013676762580871582 0.19690518081188202 -0.2182719111442566
v 0.013540465384721756 0.19468963146209717 -0.22750362753868103
v 0.012756386771798134 0.1945807933807373 -0.2119806855916977
v 0.0117074279114604 0.13848747313022614 -0.22680485248565674
v 0.011922122910618782 0.13496874272823334 -0.2280677706003189
v 0.015607314184308052 0.13157078623771667 -0.21114905178546906
v 0.013243245892226696 0.12613947689533234 -0.22370246052742004
v 0.011812984943389893 0.11416114866733551 -0.22820504009723663
v 0.015837490558624268 0.12414020299911499 -0.21637071669101715
v 0.01559046097099781 0.1170879676938057 -0.22025443613529205
v 0.011254535056650639 0.1978200078010559 -0.23150035738945007
v 0.010129707865417004 0.14032259583473206 -0.20545294880867004
v 0.013387149199843407 0.13256198167800903 -0.2055239975452423
v 0.010095721110701561 0.1980532705783844 -0.20837761461734772
v 0.009669283404946327 0.16357526183128357 -0.2077663391828537
v 0.11594749242067337 0.10757172852754593 0.14044009149074554
v 0.12437709420919418 0.10469043999910355 0.1416568160057068
v 0.12415806204080582 0.09557671844959259 0.14879576861858368
v 0.13617998361587524 0.09721686691045761 0.14652930200099945
v 0.13854582607746124 0.09235276281833649 0.15035824477672577
v 0.1289079189300537 0.08817435055971146 0.15280504524707794
v 0.11245157569646835 0.11979205161333084 0.13475553691387177
v 0.1300751119852066 0.1182047501206398 0.13270847499370575
v 0.11715124547481537 0.12476205825805664 0.1309444159269333
v 0.13564468920230865 0.1101667732000351 0.1353071928024292
v 0.13558323681354523 0.1041727215051651 0.13918299973011017
v 0.1242339089512825 0.12793728709220886 0.1258050799369812
v 0.1378333568572998 0.11611085385084152 0.1308281123638153
v 0.1304248571395874 0.12333502620458603 0.12754304707050323
v 0.11266309767961502 0.12466948479413986 0.1303054541349411
v 0.11863129585981369 0.0874931812286377 0.15132443606853485
v 0.11087340861558914 0.0923718810081482 0.1479591727256775
v 0.1096859723329544 0.0940166637301445 0.14575259387493134
v 0.11079014837741852 0.10114330053329468 0.14277788996696472
v 0.11044330894947052 0.10930871963500977 0.13774269819259644
v 0.1074257418513298 0.113639697432518 0.13575275242328644
v 0.13891781866550446 0.10822343826293945 0.13851435482501984
v 0.14020855724811554 0.09944441169500351 0.14759813249111176
v 0.13016347587108612 0.12775810062885284 0.12030933052301407
v 0.10969356447458267 0.09034138172864914 0.15393196046352386
v 0.10719918459653854 0.09439506381750107 0.14991870522499084
v 0.12051892280578613 0.1275591254234314 0.12396524846553802
v 0.10256238281726837 0.0990690290927887 0.14952239394187927
v 0.09610586613416672 0.10222237557172775 0.153476744890213
v 0.10076896846294403 0.09061810374259949 0.1636325865983963
v 0.09567391872406006 0.10381049662828445 0.1493624895811081
v 0.10563734918832779 0.09481623768806458 0.14597056806087494
v 0.08595830202102661 0.17556506395339966 0.1407066136598587
v 0.08318965137004852 0.1805485188961029 0.13190212845802307
v 0.0836067646741867 0.16300325095653534 0.1365058720111847
v 0.08325126022100449 0.20169390738010406 0.13027945160865784
v 0.08062827587127686 0.18473386764526367 0.12210145592689514
v 0.08202741295099258 0.19851535558700562 0.12420779466629028
v 0.08199005573987961 0.1755017191171646 0.12299128621816635
v 0.08250094950199127 0.16791775822639465 0.11876866221427917
v 0.08406303822994232 0.155213862657547 0.12628896534442902
v 0.08492794632911682 0.15383169054985046 0.13830526173114777
v 0.08785290271043777 0.13437756896018982 0.13675066828727722
v 0.08703657239675522 0.14531703293323517 0.14547640085220337
v 0.08890428394079208 0.1296871155500412 0.15185031294822693
v 0.08855019509792328 0.12091442197561264 0.13984204828739166
v 0.0908813625574112 0.10909637063741684 0.145061194896698
v 0.09036355465650558 0.11829482018947601 0.15523147583007812
v 0.09208071231842041 0.10870975255966187 0.1563808172941208
v 0.09386879205703735 0.10602220892906189 0.16516244411468506
v 0.08430574089288712 0.14475341141223907 0.12651176750659943
v 0.09599122405052185 0.09750471264123917 0.16251882910728455
v 0.09838328510522842 0.09249930083751678 0.16883592307567596
v 0.09381663799285889 0.12780606746673584 0.1640845090150833
v 0.09858471155166626 0.10133384168148041 0.17545151710510254
v 0.08732756227254868 0.1616976112127304 0.14225925505161285
v 0.10027243196964264 0.11636311560869217 0.17737361788749695
v 0.08074051141738892 0.16652482748031616 0.11557507514953613
v 0.09506143629550934 0.15246598422527313 0.15777161717414856
v 0.08810275793075562 0.19222725927829742 0.140278622508049
v 0.08818020671606064 0.17766359448432922 0.1463560163974762
v 0.08740673214197159 0.2043708711862564 0.13718874752521515
v 0.08479457348585129 0.12904983758926392 0.13338156044483185
v 0.1038629487156868 0.10258494317531586 0.18309129774570465
v 0.08011672645807266 0.15466216206550598 0.12096067517995834
v 0.09358327090740204 0.17009218037128448 0.14780163764953613
v 0.0830564945936203 0.17590123414993286 0.11563721299171448
v 0.08308789879083633 0.17366692423820496 0.11212026327848434
v 0.08363854885101318 0.19782261550426483 0.11425618827342987
v 0.08429766446352005 0.20559175312519073 0.11377643048763275
v 0.09981945902109146 0.13971692323684692 0.16702695190906525
v 0.08499448746442795 0.2052565962076187 0.1193343997001648
v 0.09168308228254318 0.1901429146528244 0.1453155130147934
v 0.09181269258260727 0.1770322620868683 0.15141281485557556
v 0.09045219421386719 0.20263519883155823 0.13917048275470734
v 0.08358023315668106 0.10059903562068939 0.1414218246936798
v 0.10282483696937561 0.11172399669885635 0.18054620921611786
v 0.08836591988801956 0.20729759335517883 0.1264951229095459
v 0.09242343157529831 0.22122740745544434 0.12713156640529633
v 0.09178237617015839 0.20741255581378937 0.13504508137702942
v 0.08905213326215744 0.21480537950992584 0.11250688880681992
v 0.08654826879501343 0.2065490186214447 0.11555862426757812
v 0.09927380084991455 0.16085462272167206 0.15667317807674408
v 0.098322294652462 0.17243900895118713 0.14989720284938812
v 0.09610586613416672 0.10222237557172775 0.153476744890213
v 0.09567391872406006 0.10381049662828445 0.1493624895811081
v 0.08689954876899719 0.18062211573123932 0.11152514070272446
v 0.10076896846294403 0.09061810374259949 0.1636325865983963
v 0.2000582367181778 -0.13125793635845184 -0.032261934131383896
v 0.21698786318302155 -0.1297856718301773 -0.022041359916329384
v 0.2009221762418747 -0.14913322031497955 -0.025654220953583717
v 0.21538788080215454 -0.14772242307662964 -0.016358541324734688
v 0.19886815547943115 -0.11266236752271652 -0.04107319191098213
v 0.21946284174919128 -0.1176895946264267 -0.024320174008607864
v 0.19803158938884735 -0.10079008340835571 -0.04502352327108383
v 0.21012403070926666 -0.09508182853460312 -0.03658156096935272
v 0.19682960212230682 -0.08797144144773483 -0.04753078147768974
v 0.21638625860214233 -0.09729940444231033 -0.03039398416876793
v 0.21511653065681458 -0.17798295617103577 -0.015686891973018646
v 0.2016911655664444 -0.18135689198970795 -0.02154531329870224
v 0.21396546065807343 -0.19371765851974487 -0.015409113839268684
v 0.22382678091526031 -0.20187480747699738 -0.00970354676246643
v 0.21901878714561462 -0.21290461719036102 -0.01089378260076046
v 0.22321800887584686 -0.22584901750087738 -0.006530786864459515
v 0.20111221075057983 -0.2059324085712433 -0.017220258712768555
v 0.21817216277122498 -0.16046755015850067 -0.012760225683450699
v 0.21818552911281586 -0.14289164543151855 -0.014362283982336521
v 0.22702786326408386 -0.2097659409046173 -0.005258252378553152
v 0.19319216907024384 -0.07683955878019333 -0.049351856112480164
v 0.2115204930305481 -0.08660249412059784 -0.03369852527976036
v 0.22871847450733185 -0.2204941213130951 -0.0006333003984764218
v 0.22391706705093384 -0.15065798163414001 -0.006146907806396484
v 0.2269071340560913 -0.17436420917510986 -0.0025672290939837694
v 0.22389809787273407 -0.23462939262390137 -0.0015087859937921166
v 0.21671928465366364 -0.24068045616149902 -0.0022480229381471872
v 0.22740718722343445 -0.15857328474521637 -0.0011559606064110994
v 0.23126347362995148 -0.1727435439825058 0.004186499398201704
v 0.23297183215618134 -0.19152873754501343 0.006028098985552788
v 0.23763775825500488 -0.20696736872196198 0.0152082908898592
v 0.2143743932247162 -0.24842886626720428 0.002539816778153181
v 0.19757866859436035 -0.06853723526000977 -0.0386345237493515
v 0.18910861015319824 -0.0678802877664566 -0.04764978215098381
v 0.20730382204055786 -0.07628049701452255 -0.031224144622683525
v 0.18301083147525787 -0.05536852031946182 -0.04366784170269966
v 0.19840678572654724 -0.060536883771419525 -0.027787750586867332
v 0.18909527361392975 -0.04389835149049759 -0.021630633622407913
v 0.1785343438386917 -0.033225759863853455 -0.022168658673763275
v 0.17966285347938538 -0.029347959905862808 -0.015818879008293152
v 0.17761270701885223 -0.039359480142593384 -0.031742699444293976
v 0.17914408445358276 -0.04810534417629242 -0.039279304444789886
v 0.17440952360630035 -0.03905722126364708 -0.03149857744574547
v 0.12187675386667252 -0.022424230352044106 -0.15657445788383484
v 0.10265471041202545 -0.022747932001948357 -0.16446365416049957
v 0.10665439814329147 -0.012057056650519371 -0.17484445869922638
v 0.11117130517959595 -0.03228114917874336 -0.151266947388649
v 0.1297079175710678 -0.0358838215470314 -0.13863472640514374
v 0.1181427463889122 -0.04006802663207054 -0.13832752406597137
v 0.12724202871322632 -0.04583347216248512 -0.1268678903579712
v 0.1367838829755783 -0.04075998440384865 -0.13083051145076752
v 0.14048798382282257 -0.04607473686337471 -0.12292276322841644
v 0.12926234304904938 -0.05390646681189537 -0.11688365042209625
v 0.13348089158535004 -0.054410260170698166 -0.11504458636045456
v 0.14122313261032104 -0.05306129902601242 -0.11410804092884064
v 0.0985557809472084 -0.018259994685649872 -0.1691102832555771
v 0.09746500104665756 -0.002393601695075631 -0.18753916025161743
v 0.09167782962322235 -0.007636122405529022 -0.18044665455818176
v 0.09202512353658676 -0.0006988966488279402 -0.19063298404216766
v 0.12121643871068954 -0.00547276996076107 -0.16894960403442383
v 0.13377779722213745 -0.019640376791357994 -0.14905288815498352
v 0.11143691092729568 0.004279471933841705 -0.18159213662147522
v 0.14291299879550934 -0.02144571579992771 -0.1385273039340973
v 0.13356925547122955 -0.0007793684490025043 -0.1598903238773346
v 0.12588894367218018 0.012937779538333416 -0.17337314784526825
v 0.10505430400371552 0.01462872140109539 -0.18904432654380798
v 0.11742530763149261 0.022879987955093384 -0.18322277069091797
v 0.1395542323589325 0.00597277469933033 -0.155673086643219
v 0.15309932827949524 -0.011590669862926006 -0.1301349401473999
v 0.10438673943281174 0.03208531066775322 -0.1917315125465393
v 0.09339715540409088 0.02071821130812168 -0.19442692399024963
v 0.12738095223903656 0.025825563818216324 -0.17374911904335022
v 0.08255792409181595 0.009137286804616451 -0.19476518034934998
v 0.09095781296491623 0.03507627546787262 -0.19623754918575287
v 0.07602284848690033 0.020720327273011208 -0.19782057404518127
v 0.1191411018371582 0.03944164887070656 -0.18081244826316833
v 0.10896837711334229 -0.032617177814245224 -0.14980705082416534
v 0.16256001591682434 -0.0447450652718544 -0.044516101479530334
v 0.16250525414943695 -0.055894557386636734 -0.03002186119556427
v 0.15305176377296448 -0.055895689874887466 -0.05252610146999359
v 0.15887151658535004 -0.030862655490636826 -0.09276536107063293
v 0.15347450971603394 -0.042013563215732574 -0.08506595343351364
v 0.15086199343204498 -0.03865495324134827 -0.1068793386220932
v 0.16442231833934784 -0.026025772094726562 -0.08078805357217789
v 0.15807045996189117 -0.019814016297459602 -0.11635784804821014
v 0.1652514934539795 -0.010058568790555 -0.10488022118806839
v 0.16842791438102722 -0.024254467338323593 -0.0629769116640091
v 0.16794009506702423 -0.0377822071313858 -0.031795814633369446
v 0.1682816743850708 -0.014081398956477642 -0.0852096825838089
v 0.16355687379837036 -0.007400209084153175 -0.11436443030834198
v 0.16739951074123383 -0.04160427674651146 -0.02734195627272129
v 0.17007650434970856 -0.03770005330443382 -0.02328113466501236
v 0.1491759866476059 -0.041814759373664856 -0.11502455919981003
v 0.17074328660964966 -0.016905253753066063 -0.05819160118699074
v 0.16930419206619263 -0.028266677632927895 -0.04135134071111679
v 0.1712043434381485 -0.02736004814505577 -0.021662557497620583
v 0.14954571425914764 -0.027580490335822105 -0.1258714646100998
v 0.1706496775150299 -0.017478682100772858 -0.04238966479897499
v 0.1601182520389557 -0.0009110594401136041 -0.12440681457519531
v 0.1626020073890686 -0.000587725080549717 -0.11874543130397797
v 0.16416703164577484 -0.056289009749889374 -0.026811735704541206
v 0.1419428437948227 -0.05527881905436516 -0.08043857663869858
v 0.1438724845647812 -0.04660850390791893 -0.10386800020933151
v 0.14815017580986023 -0.05752376466989517 -0.058419838547706604
v 0.13978803157806396 -0.053930867463350296 -0.09229736030101776
v 0.1401851773262024 -0.052513156086206436 -0.10929776728153229
v 0.1542428731918335 0.009330036118626595 -0.13633400201797485
v 0.17391513288021088 -0.028588425368070602 -0.017287982627749443
v 0.14513373374938965 0.022599346935749054 -0.15043102204799652
v 0.14937183260917664 0.0212356336414814 -0.1428942233324051
v 0.14263789355754852 0.03327757492661476 -0.15259230136871338
v 0.13165166974067688 0.03652588278055191 -0.1679460108280182
v 0.1315975934267044 0.0497545525431633 -0.1634368896484375
v 0.15349486470222473 -0.058769334107637405 -0.04100950062274933
v 0.15697552263736725 -0.06023445352911949 -0.029357952997088432
v 0.15882468223571777 -0.061679765582084656 -0.019463777542114258
v 0.16939741373062134 -0.04494515061378479 -0.028262635692954063
v -0.0425022654235363 -0.03383832797408104 0.22200258076190948
v -0.042502351105213165 -0.043875426054000854 0.22476613521575928
v -0.04123922064900398 -0.031971003860235214 0.21215704083442688
v -0.04162270203232765 -0.02020515315234661 0.20850946009159088
v -0.04379536584019661 -0.013424543663859367 0.22139990329742432
v -0.03935520350933075 -0.04411359876394272 0.2138517051935196
v -0.0386892706155777 -0.05417688190937042 0.2182491272687912
v -0.039978526532649994 -0.05751606076955795 0.22165681421756744
v -0.037891581654548645 -0.07943212240934372 0.22329406440258026
v -0.04150395467877388 -0.025169067084789276 0.20926526188850403
v -0.042981017380952835 -0.016813915222883224 0.21090808510780334
v -0.04387304186820984 -0.013384779915213585 0.21756920218467712
v -0.044669900089502335 -0.039545413106679916 0.22503598034381866
v -0.03675178810954094 -0.06451504677534103 0.22254015505313873
v -0.039933186024427414 -0.08156149089336395 0.22514721751213074
v -0.04627123475074768 -0.013848436065018177 0.2227453887462616
v -0.0475752167403698 -0.020051922649145126 0.1997665911912918
v -0.011469423770904541 0.15641042590141296 -0.2106275111436844
v -0.011262583546340466 0.13681137561798096 -0.22120098769664764
v -0.011238397099077702 0.13849887251853943 -0.20889155566692352
v -0.012894967570900917 0.16413187980651855 -0.21604904532432556
v -0.015426608733832836 0.1953182816505432 -0.2202465832233429
v -0.014585684053599834 0.19739210605621338 -0.21345368027687073
v -0.0145270936191082 0.18724191188812256 -0.22633995115756989
v -0.015600176528096199 0.19640538096427917 -0.2319897711277008
v -0.010689608752727509 0.144826740026474 -0.22805368900299072
v -0.012387852184474468 0.18426278233528137 -0.23183850944042206
v -0.00866747461259365 0.1354261040687561 -0.22852486371994019
v -0.012775019742548466 0.1335778385400772 -0.20878688991069794
v -0.011202186346054077 0.1337183117866516 -0.22592149674892426
v -0.012980776838958263 0.11218283325433731 -0.2134501188993454
v -0.01270788162946701 0.12617918848991394 -0.20711186528205872
v -0.011295109055936337 0.10421247780323029 -0.22484181821346283
v -0.014565421268343925 0.09415343403816223 -0.21335212886333466
v -0.010318252258002758 0.08673129975795746 -0.22432877123355865
v -0.012879950925707817 0.08462754637002945 -0.21197156608104706
v -0.014499327167868614 0.08846861869096756 -0.20283138751983643
v -0.011863534338772297 0.08265284448862076 -0.20200084149837494
v -0.011146754957735538 0.1304859220981598 -0.203374981880188
v -0.008518603630363941 0.1066669374704361 -0.22902658581733704
v -0.008693336509168148 0.13268542289733887 -0.229610413312912
v -0.014723386615514755 0.10968097299337387 -0.21189475059509277
v -0.008018105290830135 0.09304814040660858 -0.22689411044120789
v -0.011911511421203613 0.19787803292274475 -0.20869144797325134
v -0.008198663592338562 0.13968588411808014 -0.20434024930000305
v -0.00681264279410243 0.16193397343158722 -0.2064833641052246
v -0.01724856160581112 0.09611617773771286 -0.21234804391860962
v 0.05525831878185272 0.14657962322235107 0.14569495618343353
v 0.0556219145655632 0.12765955924987793 0.15555764734745026
v 0.054175011813640594 0.12377579510211945 0.14265917241573334
v 0.05400267243385315 0.14187677204608917 0.13646021485328674
v 0.05460911616683006 0.10674392431974411 0.14973165094852448
v 0.05566461756825447 0.11361651122570038 0.15955722332000732
v 0.055085185915231705 0.09619364142417908 0.14974093437194824
v 0.05618223175406456 0.15660689771175385 0.1345716416835785
v 0.056264180690050125 0.16560369729995728 0.14589819312095642
v 0.0557265467941761 0.17063945531845093 0.14263246953487396
v 0.05386221408843994 0.09266452491283417 0.16860102117061615
v 0.05270833522081375 0.07809880375862122 0.1576199233531952
v 0.05343276634812355 0.08547552675008774 0.1704706996679306
v 0.05246863514184952 0.07244403660297394 0.1682475507259369
v 0.054587025195360184 0.10418498516082764 0.16631005704402924
v 0.052208587527275085 0.07528378069400787 0.17364154756069183
v 0.05428842082619667 0.14568845927715302 0.1561703085899353
v 0.054824404418468475 0.1601140946149826 0.15095005929470062
v 0.054513826966285706 0.1308690458536148 0.16036738455295563
v 0.05590615049004555 0.10885888338088989 0.1436128169298172
v 0.054229240864515305 0.11265988647937775 0.16506162285804749
v 0.05484788119792938 0.17041712999343872 0.14729627966880798
v 0.0552646666765213 0.13691750168800354 0.1343216598033905
v 0.05586402118206024 0.12161991745233536 0.13895171880722046
v 0.05322454124689102 0.14738845825195312 0.13246896862983704
v 0.05561674013733864 0.08938103914260864 0.1516236513853073
v 0.05499902367591858 0.07493968307971954 0.15502038598060608
v 0.056514889001846313 0.1432567536830902 0.13075345754623413
v -0.03354119881987572 0.09838108718395233 -0.20645566284656525
v -0.014499327167868614 0.08846861869096756 -0.20283138751983643
v -0.03811294585466385 0.08593370765447617 -0.19581660628318787
v -0.04851623252034187 0.09727319329977036 -0.20115162432193756
v -0.05999846011400223 0.08358338475227356 -0.1909864991903305
v -0.06651657074689865 0.09486475586891174 -0.19533373415470123
v -0.0705648884177208 0.09095489978790283 -0.19331765174865723
v -0.03454846143722534 0.08288196474313736 -0.19553977251052856
v -0.023875227198004723 0.0976548120379448 -0.20996764302253723
v -0.01724856160581112 0.09611617773771286 -0.21234804391860962
v -0.023494871333241463 0.0794985219836235 -0.1989968717098236
v -0.011863534338772297 0.08265284448862076 -0.20200084149837494
v -0.019590385258197784 0.07533573359251022 -0.19877557456493378
v -0.008564090356230736 0.08078419417142868 -0.201398566365242
v -0.028396975249052048 0.0664961189031601 -0.19678252935409546
v -0.021230513229966164 0.07057572156190872 -0.1966378092765808
v -0.03613820672035217 0.06534063816070557 -0.19890427589416504
v -0.03297707810997963 0.06196345388889313 -0.19688251614570618
v -0.07237465679645538 0.08340688049793243 -0.19331936538219452
v -0.0600879080593586 0.06904465705156326 -0.19616025686264038
v -0.05718623846769333 0.058047521859407425 -0.1986462026834488
v -0.06088228151202202 0.05192488804459572 -0.1992267519235611
v -0.06497282534837723 0.06908764690160751 -0.1969120055437088
v -0.03851470351219177 0.05084262415766716 -0.1988024264574051
v -0.043749693781137466 0.043527405709028244 -0.19816432893276215
v -0.05971281975507736 0.03601374104619026 -0.1986544132232666
v -0.06271820515394211 0.07891076803207397 -0.19163718819618225
v -0.07383514940738678 0.08011377602815628 -0.19497625529766083
v -0.03714950382709503 0.05327214300632477 -0.19700318574905396
v -0.001814416260458529 0.14479614794254303 -0.19404789805412292
v 0.002199278213083744 0.13461576402187347 -0.20007339119911194
v -0.0031178107019513845 0.13549378514289856 -0.19969426095485687
v -0.018221696838736534 0.13039939105510712 -0.19644415378570557
v -0.008099326863884926 0.15307167172431946 -0.1863095760345459
v -0.018091347068548203 0.14258572459220886 -0.1891714483499527
v -0.032269153743982315 0.1300140768289566 -0.1912778615951538
v -0.047169141471385956 0.14242742955684662 -0.17756779491901398
v -0.05390821397304535 0.16546112298965454 -0.16181012988090515
v -0.020600896328687668 0.1747841089963913 -0.1678612381219864
v -0.0670236274600029 0.15219463407993317 -0.16441474854946136
v -0.0012342737754806876 0.1725105494260788 -0.1760399043560028
v -0.072111576795578 0.12731021642684937 -0.17849014699459076
v -0.05386617034673691 0.12869617342948914 -0.18421834707260132
v -0.08048322051763535 0.1330571174621582 -0.17131024599075317
v -0.08900865912437439 0.15083307027816772 -0.15666399896144867
v -0.07467056065797806 0.16867709159851074 -0.15273228287696838
v -0.05127144232392311 0.1767480969429016 -0.15652860701084137
v -0.026392120867967606 0.186279758810997 -0.15860548615455627
v -0.0006858105189166963 0.18533538281917572 -0.167057067155838
v -0.0790148675441742 0.15664415061473846 -0.1563999503850937
v -0.001857547671534121 0.15876683592796326 -0.18593311309814453
v -0.050314757972955704 0.18041729927062988 -0.15411588549613953
v -0.09033654630184174 0.16612756252288818 -0.1483643501996994
v -0.08321638405323029 0.18574611842632294 -0.14299334585666656
v -0.09622243046760559 0.17614828050136566 -0.1418735682964325
v -0.1031867116689682 0.18706396222114563 -0.1343361884355545
v -0.06816080957651138 0.20633624494075775 -0.13899673521518707
v -0.0856272503733635 0.21901999413967133 -0.1254514455795288
v -0.11112754046916962 0.1976034939289093 -0.1256873607635498
v -0.05993988364934921 0.23117005825042725 -0.1275048851966858
v -0.049875304102897644 0.21337346732616425 -0.14101462066173553
v -0.04436538740992546 0.21874070167541504 -0.1396580934524536
v -0.08361012488603592 0.24337860941886902 -0.110688216984272
v -0.038925860077142715 0.20223382115364075 -0.1493155062198639
v -0.05824815481901169 0.18609502911567688 -0.15055283904075623
v -0.12025512754917145 0.21802808344364166 -0.10977388918399811
v -0.09857229888439178 0.2375858575105667 -0.10799764096736908
v -0.06669913232326508 0.254752516746521 -0.10895275324583054
v -0.1248960793018341 0.23103603720664978 -0.09930291026830673
v -0.03423992544412613 0.2406424731016159 -0.1277579367160797
v -0.04561030864715576 0.2518863379955292 -0.11686518788337708
v 0.0007404398638755083 0.19831274449825287 -0.15924206376075745
v -0.005214603617787361 0.21293699741363525 -0.1504034847021103
v -0.0076286280527710915 0.1915224939584732 -0.16089878976345062
v 0.0008610180811956525 0.18723727762699127 -0.16559182107448578
v -0.018470987677574158 0.22641436755657196 -0.1403222531080246
v -0.08307557553052902 0.2627594769001007 -0.09648667275905609
v -0.05417958274483681 0.2602618634700775 -0.10838450491428375
v -0.09793002903461456 0.25633418560028076 -0.09466134011745453
v -0.12707170844078064 0.2388010025024414 -0.09270860999822617
v -0.06614013016223907 0.27026188373565674 -0.09611483663320541
v -0.1163032203912735 0.2628169357776642 -0.07874924689531326
v -0.09986528754234314 0.2714521288871765 -0.08016051352024078
v -0.07836899161338806 0.2731286287307739 -0.08857782185077667
v -0.1315557360649109 0.24929854273796082 -0.08056492358446121
v -0.08314242959022522 0.13748213648796082 -0.16761212050914764
v -0.11721615493297577 0.20594638586044312 -0.11758837103843689
v -0.12827244400978088 0.22388017177581787 -0.10060417652130127
v 0.004643179476261139 0.208889439702034 -0.1525028795003891
v -0.0780547708272934 0.1282120645046234 -0.17433299124240875
v -0.13765817880630493 0.2552601397037506 -0.06914519518613815
v -0.13530927896499634 0.23255643248558044 -0.08919651061296463
v -0.12187938392162323 0.2136269211769104 -0.11021751165390015
v -0.14216093719005585 0.24632342159748077 -0.07205267995595932
v -0.0789809599518776 0.27837738394737244 -0.08131518214941025
v -0.023106547072529793 0.2360074371099472 -0.1310490369796753
v -0.03736808896064758 0.2510867416858673 -0.11653976142406464
v -0.11455122381448746 0.2671813666820526 -0.07259315252304077
v -0.061833664774894714 0.27652212977409363 -0.0832219198346138
v -0.07441510260105133 0.1259300708770752 -0.18011316657066345
v -0.07917030155658722 0.1263037472963333 -0.17671628296375275
v -0.08428208529949188 0.11024311184883118 -0.18029645085334778
v -0.08464211970567703 0.12349501252174377 -0.17467433214187622
v -0.06376177072525024 0.10766863822937012 -0.1922473907470703
v -0.04491965100169182 0.1274404376745224 -0.1925542652606964
v -0.03179468959569931 0.12789510190486908 -0.19844810664653778
v -0.03440793231129646 0.11216671764850616 -0.20354393124580383
v -0.01270788162946701 0.12617918848991394 -0.20711186528205872
v -0.07523716241121292 0.09404829889535904 -0.191297709941864
v -0.09110543876886368 0.08470409363508224 -0.1879793107509613
v -0.10277242958545685 0.08844214677810669 -0.18023331463336945
v -0.014723386615514755 0.10968097299337387 -0.21189475059509277
v -0.10439679771661758 0.0788036435842514 -0.1832418292760849
v -0.09625136107206345 0.07989659160375595 -0.18786144256591797
v -0.08259952068328857 0.08072198182344437 -0.19206100702285767
v -0.09655419737100601 0.10505950450897217 -0.17486488819122314
v -0.08977565169334412 0.11851988732814789 -0.17334489524364471
v -0.011146754957735538 0.1304859220981598 -0.203374981880188
v -0.1051882654428482 0.08063817024230957 -0.18159954249858856
v -0.10663436353206635 0.06968489289283752 -0.1872594803571701
v -0.014565421268343925 0.09415343403816223 -0.21335212886333466
v -0.09180133789777756 0.07738946378231049 -0.19709797203540802
v -0.1023552268743515 0.06954670697450638 -0.19734904170036316
v -0.09110237658023834 0.06399140506982803 -0.20710650086402893
v -0.07258057594299316 0.07593520730733871 -0.20716555416584015
v -0.07359541207551956 0.06806979328393936 -0.21218228340148926
v -0.07493988424539566 0.04917532205581665 -0.22114625573158264
v -0.09220559149980545 0.04176650196313858 -0.21815644204616547
v -0.10376680642366409 0.04079534858465195 -0.21297191083431244
v -0.10569868236780167 0.05447477847337723 -0.2047760933637619
v -0.09062681347131729 0.017662689089775085 -0.2294931411743164
v -0.10045051574707031 0.02739647589623928 -0.22038191556930542
v -0.1046113669872284 0.011110830120742321 -0.225374236702919
v -0.07663377374410629 0.02294771745800972 -0.2311801016330719
v -0.08007150888442993 0.013933639042079449 -0.23365530371665955
v -0.09178348630666733 0.01179549004882574 -0.2309693843126297
v -0.10851696878671646 0.03221376612782478 -0.21179112792015076
v -0.08134526759386063 0.0796445906162262 -0.19829171895980835
v -0.10536389797925949 0.0657963976264 -0.1965125948190689
v -0.11368966102600098 0.051170069724321365 -0.196524977684021
v -0.11834035813808441 0.052699971944093704 -0.19013695418834686
v -0.11366952955722809 0.04725850746035576 -0.19807521998882294
v -0.07117513567209244 0.06989534944295883 -0.21046879887580872
v -0.01240681391209364 0.22385869920253754 -0.14117424190044403
v -0.052409037947654724 0.2672177255153656 -0.09814343601465225
v -0.1100553423166275 0.07220426946878433 -0.1791294515132904
v -0.11741742491722107 0.056916944682598114 -0.18395909667015076
v 0.20313924551010132 -0.269899845123291 0.07695133239030838
v 0.21011370420455933 -0.2643685042858124 0.08401133865118027
v 0.2065347582101822 -0.26540419459342957 0.08831412345170975
v 0.21510352194309235 -0.2608964145183563 0.09369448572397232
v 0.21815243363380432 -0.2585913836956024 0.1021817997097969
v 0.2188984751701355 -0.2571260631084442 0.09294533729553223
v 0.22173207998275757 -0.25573527812957764 0.09966222196817398
v 0.22531244158744812 -0.2564515769481659 0.10573586821556091
v 0.22315636277198792 -0.25717052817344666 0.11228960752487183
v 0.21687017381191254 -0.2576930522918701 0.11337301880121231
v 0.20547421276569366 -0.2585623860359192 0.10383155196905136
v 0.19519291818141937 -0.26603561639785767 0.08775963634252548
v 0.19073085486888885 -0.2698596119880676 0.07969055324792862
v 0.19085508584976196 -0.27613621950149536 0.06568985432386398
v 0.18545210361480713 -0.27701497077941895 0.06461931020021439
v 0.18187512457370758 -0.2784111201763153 0.04997359216213226
v 0.1900802105665207 -0.27676260471343994 0.045488473027944565
v 0.17788736522197723 -0.27817538380622864 0.031221291050314903
v 0.18737490475177765 -0.27644145488739014 0.028522111475467682
v 0.20128506422042847 -0.2649531364440918 0.017168132588267326
v 0.17677736282348633 -0.27597281336784363 0.019439226016402245
v 0.20398855209350586 -0.2616215646266937 0.03010091744363308
v 0.21296341717243195 -0.2520216703414917 0.007036833092570305
v 0.20547421276569366 -0.2599901556968689 0.010656306520104408
v 0.200331911444664 -0.26452645659446716 0.04530704393982887
v 0.19935446977615356 -0.26960107684135437 0.06387140601873398
v 0.22158753871917725 -0.24052269756793976 0.01627606526017189
v 0.2143743932247162 -0.24842886626720428 0.002539816778153181
v 0.22389809787273407 -0.23462939262390137 -0.0015087859937921166
v 0.20755773782730103 -0.25348225235939026 0.04899973049759865
v 0.20850613713264465 -0.2565017640590668 0.06587597727775574
v 0.21213160455226898 -0.2563391923904419 0.07867464423179626
v 0.2306833267211914 -0.2242012619972229 0.01302913948893547
v 0.21432285010814667 -0.24254867434501648 0.04998737946152687
v 0.2133454829454422 -0.24478350579738617 0.06564854085445404
v 0.22671695053577423 -0.22820022702217102 0.026366958394646645
v 0.22105957567691803 -0.23411962389945984 0.036941900849342346
v 0.21491533517837524 -0.2525397539138794 0.0842929556965828
v 0.23763775825500488 -0.20696736872196198 0.0152082908898592
v 0.22871847450733185 -0.2204941213130951 -0.0006333003984764218
v 0.22827985882759094 -0.24356815218925476 0.10281703621149063
v 0.17717215418815613 -0.27157583832740784 0.014686217531561852
v 0.18831193447113037 -0.26528507471084595 0.012800605967640877
v 0.20036354660987854 -0.2610097825527191 0.09807504713535309
v 0.18760088086128235 -0.05658826604485512 -0.00575185427442193
v 0.19240446388721466 -0.07209769636392593 0.0037846851628273726
v 0.1935480386018753 -0.0762922465801239 0.00040298400563187897
v 0.19250322878360748 -0.07500597834587097 0.013703418895602226
v 0.19566044211387634 -0.08986438810825348 0.018073225393891335
v 0.2035273313522339 -0.10603682696819305 0.0029411036521196365
v 0.20228956639766693 -0.10834559798240662 0.01857788860797882
v 0.20835399627685547 -0.12405027449131012 0.005174889229238033
v 0.1893461048603058 -0.080198734998703 0.032435160130262375
v 0.20414145290851593 -0.1268024444580078 0.025549866259098053
v 0.21219997107982635 -0.13540500402450562 0.0010952269658446312
v 0.20652204751968384 -0.1431233137845993 0.031951818615198135
v 0.21157081425189972 -0.14430974423885345 0.012283725664019585
v 0.2115158885717392 -0.15630659461021423 0.021919280290603638
v 0.21199430525302887 -0.1765139251947403 0.03147255256772041
v 0.2074718028306961 -0.15966889262199402 0.048501789569854736
v 0.1904485821723938 -0.09331174194812775 0.03579861670732498
v 0.19257263839244843 -0.10980453342199326 0.04062569513916969
v 0.19714470207691193 -0.13350935280323029 0.0478808619081974
v 0.2007071077823639 -0.08666675537824631 -0.008185788057744503
v 0.19694232940673828 -0.07119211554527283 -0.015101240947842598
v 0.21288339793682098 -0.11994510143995285 -0.008504723198711872
v 0.20927616953849792 -0.10648525506258011 -0.009375127963721752
v 0.182522252202034 -0.039159487932920456 -0.008880769833922386
v 0.18909527361392975 -0.04389835149049759 -0.021630633622407913
v 0.21818552911281586 -0.14289164543151855 -0.014362283982336521
v 0.21757808327674866 -0.13660664856433868 -0.017402175813913345
v 0.19840678572654724 -0.060536883771419525 -0.027787750586867332
v 0.17966285347938538 -0.029347959905862808 -0.015818879008293152
v 0.20339299738407135 -0.150296151638031 0.05284614861011505
v 0.20730382204055786 -0.07628049701452255 -0.031224144622683525
v 0.21760421991348267 -0.1027853861451149 -0.027203267440199852
v 0.21638625860214233 -0.09729940444231033 -0.03039398416876793
v 0.21946284174919128 -0.1176895946264267 -0.024320174008607864
v 0.22740718722343445 -0.15857328474521637 -0.0011559606064110994
v 0.22391706705093384 -0.15065798163414001 -0.006146907806396484
v 0.2205900102853775 -0.1559648960828781 0.007769772782921791
v 0.2321556657552719 -0.18163377046585083 0.011154363863170147
v 0.2135739028453827 -0.1707000881433487 0.026105022057890892
v 0.23126347362995148 -0.1727435439825058 0.004186499398201704
v 0.235817551612854 -0.19646650552749634 0.01473331544548273
v 0.17794406414031982 -0.029251117259263992 -0.012675062753260136
v 0.17524394392967224 -0.026848940178751945 -0.008771552704274654
v 0.1995944082736969 -0.1416483372449875 0.059990257024765015
v 0.2076260894536972 -0.16294142603874207 0.06847413629293442
v 0.21020834147930145 -0.18686288595199585 0.042498037219047546
v 0.2115231305360794 -0.196528822183609 0.042699772864580154
v 0.20888946950435638 -0.18817557394504547 0.055608175694942474
v 0.21357591450214386 -0.22546949982643127 0.05018547177314758
v 0.22432205080986023 -0.20346494019031525 0.02992558293044567
v 0.21922236680984497 -0.21436358988285065 0.038709696382284164
v 0.22297608852386475 -0.219953715801239 0.034938424825668335
v 0.21068063378334045 -0.22628360986709595 0.07826994359493256
v 0.21698786318302155 -0.1297856718301773 -0.022041359916329384
v 0.2135329246520996 -0.24760597944259644 0.07739122211933136
v 0.18923288583755493 -0.07046296447515488 0.03497800976037979
v 0.20909109711647034 -0.20330961048603058 0.0798894464969635
v 0.211716428399086 -0.23030781745910645 0.09357836097478867
v 0.23470310866832733 -0.21009868383407593 0.020688090473413467
v 0.21010440587997437 -0.21077214181423187 0.09464135020971298
v 0.2115204930305481 -0.08660249412059784 -0.03369852527976036
v 0.22918005287647247 -0.21968337893486023 0.026874665170907974
v 0.2080177217721939 -0.16956597566604614 0.07555314898490906
v 0.20550879836082458 -0.1542063057422638 0.07509978860616684
v 0.20662552118301392 -0.14804258942604065 0.09237820655107498
v 0.2002442330121994 -0.12352755665779114 0.07469073683023453
v 0.20267686247825623 -0.12656629085540771 0.0912800133228302
v 0.20159180462360382 -0.11922057718038559 0.0908350944519043
v 0.20923657715320587 -0.1587706208229065 0.09575220197439194
v 0.19964593648910522 -0.10516639053821564 0.08336413651704788
v 0.19659271836280823 -0.11628156155347824 0.05719693750143051
v 0.19130901992321014 -0.06820124387741089 0.05191025137901306
v 0.18817074596881866 -0.04770936071872711 0.05228493735194206
v 0.19097816944122314 -0.05261170119047165 0.03778401389718056
v 0.18782828748226166 -0.04279831424355507 0.05599307641386986
v 0.18945492804050446 -0.03682619705796242 0.04175974056124687
v 0.18632881343364716 -0.028208130970597267 0.05367086082696915
v 0.18693049252033234 -0.021205101162195206 0.039804909378290176
v 0.19249536097049713 -0.03253782540559769 0.024478551000356674
v 0.1901412159204483 -0.013094103895127773 0.013795802369713783
v 0.19314664602279663 -0.023209452629089355 0.009657063521444798
v 0.19546738266944885 -0.044495970010757446 0.01235967967659235
v 0.19383911788463593 -0.05174825340509415 0.02438841387629509
v 0.19505232572555542 -0.06196930259466171 0.014096762984991074
v 0.19159026443958282 -0.06429233402013779 0.03180679306387901
v 0.18458017706871033 -0.024018265306949615 0.052241403609514236
v 0.1872996985912323 -0.032699670642614365 0.0586409717798233
v 0.1976250410079956 -0.09372927248477936 0.07739477604627609
v 0.19379329681396484 -0.08928703516721725 0.05418438836932182
v 0.19436590373516083 -0.0754661038517952 0.06561195105314255
v 0.193436399102211 -0.0674644187092781 0.06971003115177155
v 0.19649329781532288 -0.08291349560022354 0.07674046605825424
v 0.19059845805168152 -0.05131836608052254 0.05834801495075226
v 0.21494145691394806 -0.2415187805891037 0.09722166508436203
v 0.1831258088350296 -0.03976386412978172 -0.006957505829632282
v 0.23297183215618134 -0.19152873754501343 0.006028098985552788
v 0.18620827794075012 -0.018327826634049416 0.03624971956014633
v 0.20577174425125122 -0.1383957713842392 0.0944177582859993
v 0.19276924431324005 -0.0350978821516037 0.006105253007262945
v 0.19731438159942627 -0.07126889377832413 0.0739620104432106
v 0.19757866859436035 -0.06853723526000977 -0.0386345237493515
v 0.18726664781570435 -0.01640981249511242 0.007552586495876312
v 0.03200779855251312 0.06848359107971191 0.16349069774150848
v 0.04260239005088806 0.06992640346288681 0.17028862237930298
v 0.01854277215898037 0.06913098692893982 0.16561515629291534
v 0.010169411078095436 0.06878238171339035 0.170713409781456
v 0.002713222522288561 0.06949429959058762 0.17482247948646545
v 0.04722904786467552 0.07118144631385803 0.1745184361934662
v 0.004460501950234175 0.07151415944099426 0.17971768975257874
v 0.03883740305900574 0.07216992229223251 0.17792929708957672
v 0.05246863514184952 0.07244403660297394 0.1682475507259369
v 0.0024453294463455677 0.07027217745780945 0.16997797787189484
v 0.0014496572548523545 0.06978140771389008 0.16444279253482819
v 0.04319038614630699 0.07213381677865982 0.1616182029247284
v 0.04966011270880699 0.0745183452963829 0.1611672043800354
v 0.05270833522081375 0.07809880375862122 0.1576199233531952
v 0.052208587527275085 0.07528378069400787 0.17364154756069183
v 0.04621418938040733 0.0699571892619133 0.15877392888069153
v 0.05106025189161301 0.17279349267482758 0.14592579007148743
v 0.042878422886133194 0.16464179754257202 0.15297392010688782
v 0.05484788119792938 0.17041712999343872 0.14729627966880798
v 0.03157668188214302 0.16667789220809937 0.14918027818202972
v 0.010188442654907703 0.16184942424297333 0.15409764647483826
v 0.03653915226459503 0.16192251443862915 0.15479816496372223
v 0.003875167341902852 0.1652068793773651 0.14192704856395721
v -0.005998152773827314 0.16148710250854492 0.14864961802959442
v -0.004471460822969675 0.15682196617126465 0.15542356669902802
v 0.028993265703320503 0.16961917281150818 0.13565868139266968
v 0.0026113621424883604 0.16878129541873932 0.1299721598625183
v -0.008317064493894577 0.1629539430141449 0.13825435936450958
v -0.01168070174753666 0.16208885610103607 0.14423294365406036
v 0.023737912997603416 0.16969260573387146 0.13047842681407928
v 0.022646481171250343 0.1708250194787979 0.12750478088855743
v 0.03421521186828613 0.16748535633087158 0.129876047372818
v 0.040587686002254486 0.1705290675163269 0.1345362514257431
v 0.034838542342185974 0.16805772483348846 0.12401936948299408
v 0.0557265467941761 0.17063945531845093 0.14263246953487396
v 0.04098004475235939 0.1625838577747345 0.1271750032901764
v 0.08691530674695969 0.013700447045266628 0.161901593208313
v 0.0831000953912735 0.0003890119260177016 0.16581158339977264
v 0.07970249652862549 -0.0046268608421087265 0.17321157455444336
v 0.08069906383752823 0.014012168161571026 0.17712616920471191
v 0.0880952998995781 0.03336137533187866 0.16492079198360443
v 0.08435188233852386 0.03331615403294563 0.1733633130788803
v 0.0781831294298172 -0.014279542490839958 0.17098316550254822
v 0.0888860896229744 0.03317354619503021 0.15999813377857208
v 0.080601766705513 0.03071766532957554 0.17811104655265808
v 0.08043363690376282 0.03419201448559761 0.17884887754917145
v 0.07468254119157791 -0.012314043007791042 0.17649725079536438
v 0.07229894399642944 -0.02179006300866604 0.17215889692306519
v 0.0796993300318718 -0.010415241122245789 0.1640443205833435
v 0.082620769739151 0.0008009798475541174 0.16167405247688293
v 0.08663211017847061 0.01688351295888424 0.15890681743621826
v 0.07548264414072037 -0.017219258472323418 0.16762758791446686
v 0.13826023042201996 0.11892956495285034 0.1275511085987091
v 0.14305710792541504 0.12559634447097778 0.13877998292446136
v 0.1378333568572998 0.11611085385084152 0.1308281123638153
v 0.14173167943954468 0.13982588052749634 0.12569329142570496
v 0.13891781866550446 0.10822343826293945 0.13851435482501984
v 0.14020855724811554 0.09944441169500351 0.14759813249111176
v 0.1461189091205597 0.10510547459125519 0.16521723568439484
v 0.1418343186378479 0.09541811794042587 0.15518084168434143
v 0.14548371732234955 0.09964956343173981 0.1655793935060501
v 0.14481988549232483 0.14937137067317963 0.13347725570201874
v 0.14211182296276093 0.151474729180336 0.11558324098587036
v 0.1455446034669876 0.1655786782503128 0.11897766590118408
v 0.14624853432178497 0.13007302582263947 0.15295721590518951
v 0.13958163559436798 0.13140177726745605 0.12112323194742203
v 0.1366589218378067 0.11450427770614624 0.12075071036815643
v 0.1458337903022766 0.15213091671466827 0.1408478319644928
v 0.14669862389564514 0.16600646078586578 0.13477522134780884
v 0.147780179977417 0.1738494336605072 0.13313138484954834
v 0.14620546996593475 0.1844574213027954 0.11718469113111496
v 0.1441265344619751 0.16222457587718964 0.10447285324335098
v 0.14619533717632294 0.19277788698673248 0.0998154953122139
v 0.14365725219249725 0.16154097020626068 0.09590624272823334
v 0.14346089959144592 0.16856461763381958 0.09165952354669571
v 0.1442125290632248 0.18065015971660614 0.08452018350362778
v 0.14769704639911652 0.20419594645500183 0.0766395702958107
v 0.1463012546300888 0.19980505108833313 0.07346345484256744
v 0.14685751497745514 0.20506784319877625 0.11641371250152588
v 0.1470533311367035 0.18756628036499023 0.12814247608184814
v 0.14404970407485962 0.15578125417232513 0.10025180131196976
v 0.1430744081735611 0.146070659160614 0.10662094503641129
v 0.14071346819400787 0.1389375776052475 0.10293280333280563
v 0.14013755321502686 0.12179317325353622 0.1096573919057846
v 0.13807865977287292 0.10063186287879944 0.11003182083368301
v 0.13922816514968872 0.12377412617206573 0.10720545798540115
v 0.1420736461877823 0.15178616344928741 0.09842828661203384
v 0.14617863297462463 0.20395271480083466 0.12061242014169693
v 0.13854582607746124 0.09235276281833649 0.15035824477672577
v 0.14700499176979065 0.20583541691303253 0.0858050286769867
v 0.1346055120229721 0.11561742424964905 0.1252300888299942
v 0.10952235013246536 0.08743070065975189 0.16140316426753998
v 0.1168118566274643 0.08826716989278793 0.15989860892295837
v 0.11485446989536285 0.09226706624031067 0.1687317192554474
v 0.1050390973687172 0.08843256533145905 0.16601815819740295
v 0.14548371732234955 0.09964956343173981 0.1655793935060501
v 0.13672423362731934 0.09190787374973297 0.1552160233259201
v 0.1289079189300537 0.08817435055971146 0.15280504524707794
v 0.1267046332359314 0.09931039065122604 0.17434869706630707
v 0.10786636918783188 0.10012883692979813 0.18206733465194702
v 0.10422389209270477 0.09491807222366333 0.17378172278404236
v 0.09838328510522842 0.09249930083751678 0.16883592307567596
v 0.1038629487156868 0.10258494317531586 0.18309129774570465
v 0.11863129585981369 0.0874931812286377 0.15132443606853485
v 0.13854582607746124 0.09235276281833649 0.15035824477672577
v 0.1418343186378479 0.09541811794042587 0.15518084168434143
v 0.10969356447458267 0.09034138172864914 0.15393196046352386
v 0.10076896846294403 0.09061810374259949 0.1636325865983963
v -0.05364334583282471 0.03739907592535019 0.18726810812950134
v -0.06811302155256271 0.03958955407142639 0.18911118805408478
v -0.06238165870308876 0.03846777603030205 0.19092495739459991
v -0.04125261306762695 0.037308916449546814 0.19033655524253845
v -0.06686265766620636 0.037543054670095444 0.18128472566604614
v -0.0913105309009552 0.03754661604762077 0.181477889418602
v -0.08795929700136185 0.03900619223713875 0.18713612854480743
v -0.07976702600717545 0.039096899330616 0.19037728011608124
v -0.08822298049926758 0.034652482718229294 0.1771111637353897
v -0.0415801964700222 0.03588031977415085 0.19456294178962708
v -0.03287964314222336 0.03480388969182968 0.1940455287694931
v -0.032281339168548584 0.035294998437166214 0.1895958036184311
v -0.028258245438337326 0.02901989035308361 0.18871435523033142
v 0.003846739884465933 0.1663500815629959 -0.20650362968444824
v -0.002522979862987995 0.16962136328220367 -0.20641222596168518
v -0.0005712725687772036 0.13886849582195282 -0.20222987234592438
v 0.001283082994632423 0.1951112300157547 -0.2072231024503708
v 0.010095721110701561 0.1980532705783844 -0.20837761461734772
v -0.009319683536887169 0.1953890025615692 -0.207854226231575
v -0.00681264279410243 0.16193397343158722 -0.2064833641052246
v -0.008198663592338562 0.13968588411808014 -0.20434024930000305
v 0.009669283404946327 0.16357526183128357 -0.2077663391828537
v 0.010129707865417004 0.14032259583473206 -0.20545294880867004
v -0.011911511421203613 0.19787803292274475 -0.20869144797325134
v -0.011469423770904541 0.15641042590141296 -0.2106275111436844
v 0.002199278213083744 0.13461576402187347 -0.20007339119911194
v -0.0031178107019513845 0.13549378514289856 -0.19969426095485687
v 0.013387149199843407 0.13256198167800903 -0.2055239975452423
v -0.011146754957735538 0.1304859220981598 -0.203374981880188
v 0.18673664331436157 -0.011976324953138828 0.013202092610299587
v 0.1768319010734558 -0.016436155885457993 0.008670446462929249
v 0.1763983964920044 -0.015217643231153488 0.022751478478312492
v 0.18589629232883453 -0.014393099583685398 0.0264535341411829
v 0.17468151450157166 -0.018143117427825928 0.039403654634952545
v 0.18620827794075012 -0.018327826634049416 0.03624971956014633
v 0.18458017706871033 -0.024018265306949615 0.052241403609514236
v 0.1901412159204483 -0.013094103895127773 0.013795802369713783
v 0.17547295987606049 -0.02046656422317028 0.051473021507263184
v 0.17926856875419617 -0.024112911894917488 0.06429567188024521
v 0.18984465301036835 -0.02601294033229351 0.06108243390917778
v 0.18726664781570435 -0.01640981249511242 0.007552586495876312
v 0.1273600161075592 0.12431959807872772 0.12006506323814392
v 0.12167150527238846 0.11947457492351532 0.12361272424459457
v 0.13055025041103363 0.11190393567085266 0.11957509070634842
v 0.12766480445861816 0.09686917066574097 0.12249641120433807
v 0.12051892280578613 0.1275591254234314 0.12396524846553802
v 0.11266309767961502 0.12466948479413986 0.1303054541349411
v 0.11161461472511292 0.12010888010263443 0.13063225150108337
v 0.11986392736434937 0.11083865165710449 0.12722638249397278
v 0.10970669984817505 0.1102951243519783 0.1336321085691452
v 0.11910883337259293 0.09237106889486313 0.13080163300037384
v 0.1074257418513298 0.113639697432518 0.13575275242328644
v 0.13093826174736023 0.08840762823820114 0.11826807260513306
v 0.12116149812936783 0.0671430230140686 0.12871694564819336
v 0.13316239416599274 0.1063295379281044 0.11971060186624527
v 0.12826186418533325 0.05209788680076599 0.11745412647724152
v 0.10998215526342392 0.09738578647375107 0.1397935301065445
v 0.1127089411020279 0.07703737914562225 0.14147579669952393
v 0.1078711599111557 0.08865991979837418 0.14415493607521057
v 0.11149278283119202 0.0507069006562233 0.14571714401245117
v 0.09989287704229355 0.06281635910272598 0.1522413045167923
v 0.10114476829767227 0.03124837763607502 0.15448471903800964
v 0.11125846207141876 0.02882974036037922 0.1456831693649292
v 0.09311506152153015 0.03341059759259224 0.15926221013069153
v 0.09938003122806549 0.09585385769605637 0.14713263511657715
v 0.11914506554603577 0.02999652922153473 0.13083891570568085
v 0.12498480081558228 0.02955746278166771 0.1224675104022026
v 0.13406912982463837 0.04596838355064392 0.10863447934389114
v 0.1355847269296646 0.028642823919653893 0.10713626444339752
v 0.13514558970928192 0.0785030797123909 0.11036290228366852
v 0.13807865977287292 0.10063186287879944 0.11003182083368301
v 0.1366589218378067 0.11450427770614624 0.12075071036815643
v 0.13016347587108612 0.12775810062885284 0.12030933052301407
v 0.10563734918832779 0.09481623768806458 0.14597056806087494
v 0.1096859723329544 0.0940166637301445 0.14575259387493134
v 0.11079014837741852 0.10114330053329468 0.14277788996696472
v 0.11044330894947052 0.10930871963500977 0.13774269819259644
v 0.0669953003525734 0.23018452525138855 0.06634372472763062
v 0.06565112620592117 0.2355930656194687 0.04978756234049797
v 0.06468603760004044 0.2246616631746292 0.06634560227394104
v 0.06802581995725632 0.23817402124404907 0.056431062519550323
v 0.0665244311094284 0.24786582589149475 0.033052925020456314
v 0.06496449559926987 0.21643908321857452 0.07933186739683151
v 0.06306617707014084 0.20582030713558197 0.08128312975168228
v 0.06500598043203354 0.20242704451084137 0.09058525413274765
v 0.06130998209118843 0.19453486800193787 0.09145831316709518
v 0.06459637731313705 0.19177629053592682 0.09931345283985138
v 0.06226949766278267 0.195533886551857 0.08672039955854416
v 0.06135577708482742 0.1864471584558487 0.09415098279714584
v 0.060759659856557846 0.1875368058681488 0.09940626472234726
v 0.06611562520265579 0.22011598944664001 0.06457874923944473
v 0.05501269921660423 0.1825488954782486 0.10002020001411438
v 0.052757441997528076 0.17963922023773193 0.11009436845779419
v 0.04821555316448212 0.1764010637998581 0.1079445406794548
v -0.17217135429382324 -0.05605749413371086 -0.0070531475357711315
v -0.16436730325222015 -0.05350283160805702 0.004426234867423773
v -0.17177262902259827 -0.05524265393614769 0.008253103122115135
v -0.16086481511592865 -0.0549168586730957 -0.021524131298065186
v -0.1717226356267929 -0.056919775903224945 -0.016720732674002647
v -0.1662077009677887 -0.05717148259282112 -0.027167007327079773
v -0.1688748002052307 -0.05477841943502426 0.020721174776554108
v -0.16277675330638885 -0.05301182344555855 0.030216125771403313
v -0.16781462728977203 -0.05376762896776199 0.035292938351631165
v -0.16003340482711792 -0.05290580168366432 0.04135316610336304
v -0.1616085320711136 -0.05647803470492363 -0.04599770903587341
v -0.16813720762729645 -0.05636509880423546 -0.029362792149186134
v -0.1615271270275116 -0.05138713866472244 0.027852414175868034
v -0.17007622122764587 -0.05285761132836342 0.033402759581804276
v -0.16017405688762665 -0.054922398179769516 -0.05793345347046852
v -0.15811920166015625 -0.05444728210568428 -0.060146819800138474
v -0.15722066164016724 -0.05400695651769638 -0.0669264867901802
v -0.014143411070108414 -0.0487406849861145 0.2180391401052475
v -0.03393545374274254 -0.04922672361135483 0.22189851105213165
v -0.018996024504303932 -0.048952601850032806 0.22941498458385468
v -0.03278537839651108 -0.04967338219285011 0.22901728749275208
v -0.035812895745038986 -0.04793105274438858 0.21457606554031372
v -0.017380258068442345 -0.05186714977025986 0.22999146580696106
v -0.013716312125325203 -0.051890723407268524 0.23107299208641052
v 0.18659290671348572 -0.0030045786406844854 0.0716463103890419
v 0.17257288098335266 -0.0020665533374994993 0.07256849855184555
v 0.16636234521865845 -0.0020733114797621965 0.0875028595328331
v 0.1779889613389969 -0.00263784546405077 0.08849964290857315
v 0.1675223559141159 -0.0005082226707600057 0.07162422686815262
v 0.189365953207016 -0.005833493545651436 0.08751881122589111
v 0.19073191285133362 -0.00575355626642704 0.07210857421159744
v 0.1687401980161667 -0.005014989525079727 0.08912672102451324
v 0.09725567698478699 0.0028394884429872036 -0.18154026567935944
v 0.0928644984960556 -0.0008372605079784989 -0.1755414456129074
v 0.101515032351017 -0.0032282182946801186 -0.174765482544899
v 0.09886132180690765 -0.009336450137197971 -0.16717563569545746
v 0.08596198260784149 0.00841628946363926 -0.18181052803993225
v 0.0887591540813446 0.009769076481461525 -0.18535327911376953
v 0.09308648109436035 0.009753911755979061 -0.18601319193840027
v 0.1077619269490242 -0.003193057142198086 -0.17370356619358063
v 0.11145470291376114 -0.011121580377221107 -0.16420114040374756
v 0.10464596003293991 -0.016808146610856056 -0.15771250426769257
v 0.10631939768791199 -0.022265736013650894 -0.15147408843040466
v 0.11711081117391586 -0.01930639147758484 -0.1531035453081131
v 0.11446500569581985 -0.02898065559566021 -0.14070919156074524
v 0.12265589088201523 -0.026700256392359734 -0.1425454020500183
v 0.12290690094232559 -0.034723855555057526 -0.13026702404022217
v 0.08332204818725586 0.01545382384210825 -0.18466325104236603
v 0.07545816898345947 0.02304137870669365 -0.18461677432060242
v 0.08416996896266937 0.022052012383937836 -0.1894000768661499
v 0.07827098667621613 0.029124358668923378 -0.19028615951538086
v 0.0728273019194603 0.028478316962718964 -0.18431366980075836
v 0.07428877800703049 0.036744892597198486 -0.19091796875
v 0.06960748136043549 0.03312921151518822 -0.18548329174518585
v -0.1698520928621292 -0.018324650824069977 -0.04630151391029358
v -0.18050865828990936 -0.02051394060254097 -0.04917886108160019
v -0.1811600923538208 -0.02041551284492016 -0.03224979713559151
v -0.16999970376491547 -0.017968451604247093 -0.033653803169727325
v -0.16997824609279633 -0.01597628928720951 -0.06426028162240982
v -0.1792934238910675 -0.018683243542909622 -0.06518673151731491
v -0.1691196858882904 -0.012130877934396267 -0.07792124152183533
v -0.17489498853683472 -0.011539852246642113 -0.09245769679546356
v -0.16666734218597412 -0.00846900325268507 -0.09088397026062012
v -0.1647871434688568 -0.0028130102436989546 -0.10767827928066254
v -0.1718014031648636 -0.005690140184015036 -0.10798750817775726
v -0.16970105469226837 -0.01650497503578663 -0.027705403044819832
v -0.16855767369270325 -0.0002578565909061581 -0.1129930317401886
v -0.1634143441915512 -0.00047592981718480587 -0.11274130642414093
v 0.11410221457481384 0.21205799281597137 0.10834620893001556
v 0.11901510506868362 0.20335744321346283 0.11077959090471268
v 0.10329046100378036 0.20482558012008667 0.11645976454019547
v 0.13301138579845428 0.202666237950325 0.10500536859035492
v 0.0963904932141304 0.2124723345041275 0.1144576147198677
v 0.09206485748291016 0.20828641951084137 0.119041807949543
v 0.09205950051546097 0.19941772520542145 0.12230869382619858
v 0.12683743238449097 0.1972193866968155 0.10885296761989594
v 0.13076643645763397 0.2069324553012848 0.10266219824552536
v 0.10133388638496399 0.19353389739990234 0.11769062280654907
v 0.13412661850452423 0.19687706232070923 0.10456674546003342
v 0.11386565119028091 0.19045710563659668 0.11248315125703812
v 0.12592940032482147 0.19019846618175507 0.1076730340719223
v 0.13761137425899506 0.2065369337797165 0.10419642925262451
v 0.13899016380310059 0.2036605328321457 0.10628164559602737
v 0.08905213326215744 0.21480537950992584 0.11250688880681992
v 0.09123989194631577 0.21655070781707764 0.11108122766017914
v 0.12123167514801025 0.2160629779100418 0.09787026047706604
v 0.09917624294757843 0.21646372973918915 0.10745909810066223
v 0.11170594394207001 0.21637961268424988 0.10315375030040741
v 0.13661685585975647 0.2111990600824356 0.09681086987257004
v 0.12684069573879242 0.21240101754665375 0.09555836766958237
v 0.13390414416790009 0.2128245085477829 0.09157158434391022
v 0.1311548501253128 0.1926635354757309 0.10412769019603729
v 0.09599188715219498 0.18990014493465424 0.11474096775054932
v 0.13703493773937225 0.198954239487648 0.10174371302127838
v 0.14581803977489471 0.02395303174853325 -0.14053106307983398
v 0.1408001184463501 0.027040941640734673 -0.14361819624900818
v 0.15210914611816406 0.013744359835982323 -0.13090701401233673
v 0.14604702591896057 0.015902550891041756 -0.1338965892791748
v 0.1515926867723465 0.005203115288168192 -0.12199335545301437
v 0.1578441858291626 0.006167949642986059 -0.1214996725320816
v 0.15496228635311127 -0.0034687018487602472 -0.11040008813142776
v 0.16109620034694672 0.00040855497354641557 -0.113530732691288
v 0.1439836323261261 0.03028305619955063 -0.14793150126934052
v 0.1349448710680008 0.036369942128658295 -0.1502714306116104
v 0.13277824223041534 0.04647953808307648 -0.1591089516878128
v 0.1251305788755417 0.04703269898891449 -0.15815091133117676
v 0.15546537935733795 0.012091072276234627 -0.13099293410778046
v 0.11953353136777878 0.056947045028209686 -0.16326245665550232
v 0.1315975934267044 0.0497545525431633 -0.1634368896484375
v 0.09725567698478699 0.0028394884429872036 -0.18154026567935944
v 0.1077619269490242 -0.003193057142198086 -0.17370356619358063
v 0.11313235014677048 0.007345607504248619 -0.17615146934986115
v 0.11050091683864594 0.01942986436188221 -0.1818779706954956
v 0.09308648109436035 0.009753911755979061 -0.18601319193840027
v 0.10363559424877167 0.029605304822325706 -0.18643176555633545
v 0.08973963558673859 0.019581686705350876 -0.18887177109718323
v 0.12324172258377075 0.0149080203846097 -0.1716039925813675
v 0.12067297101020813 0.001313539338298142 -0.1670495569705963
v 0.11308689415454865 0.02959180809557438 -0.1807624101638794
v 0.12490542232990265 0.025346005335450172 -0.17117686569690704
v 0.09061258286237717 0.03441193699836731 -0.1900249421596527
v 0.07777579128742218 0.037242110818624496 -0.19244343042373657
v 0.10239987820386887 0.04245102405548096 -0.18559938669204712
v 0.08416996896266937 0.022052012383937836 -0.1894000768661499
v 0.12796452641487122 -0.0005448592710308731 -0.15808308124542236
v 0.11145470291376114 -0.011121580377221107 -0.16420114040374756
v 0.11711081117391586 -0.01930639147758484 -0.1531035453081131
v 0.1284775733947754 -0.022718509659171104 -0.1407528519630432
v 0.12265589088201523 -0.026700256392359734 -0.1425454020500183
v 0.1293274462223053 -0.03120052069425583 -0.1307486593723297
v 0.1310506910085678 0.010183151811361313 -0.16005177795886993
v 0.13587334752082825 -0.0076858303509652615 -0.14192666113376617
v 0.12290690094232559 -0.034723855555057526 -0.13026702404022217
v 0.12958815693855286 -0.037012554705142975 -0.12163815647363663
v 0.12444324791431427 -0.04209877550601959 -0.12496816366910934
v 0.11577560007572174 -0.035148169845342636 -0.13686127960681915
v 0.11446500569581985 -0.02898065559566021 -0.14070919156074524
v 0.10543154925107956 -0.024494117125868797 -0.152363583445549
v 0.08332204818725586 0.01545382384210825 -0.18466325104236603
v 0.0887591540813446 0.009769076481461525 -0.18535327911376953
v 0.12770096957683563 -0.04231157526373863 -0.11643225699663162
v 0.1338992565870285 -0.03887436166405678 -0.11133532226085663
v 0.10631939768791199 -0.022265736013650894 -0.15147408843040466
v 0.12788110971450806 -0.044206660240888596 -0.10525497794151306
v 0.10464596003293991 -0.016808146610856056 -0.15771250426769257
v 0.09945657104253769 -0.015515659935772419 -0.16468870639801025
v 0.09886132180690765 -0.009336450137197971 -0.16717563569545746
v 0.09449025988578796 -0.012570586055517197 -0.17269372940063477
v 0.09037382155656815 -0.0019026146037504077 -0.17794734239578247
v 0.0928644984960556 -0.0008372605079784989 -0.1755414456129074
v 0.08596198260784149 0.00841628946363926 -0.18181052803993225
v 0.08323870599269867 0.008102737367153168 -0.18379341065883636
v 0.07545816898345947 0.02304137870669365 -0.18461677432060242
v 0.12538214027881622 -0.0454508438706398 -0.12332595139741898
v 0.1599646359682083 -0.060049332678318024 -0.011782252229750156
v 0.15882468223571777 -0.061679765582084656 -0.019463777542114258
v 0.1595803052186966 -0.06556573510169983 -0.016194850206375122
v 0.16100160777568817 -0.088885098695755 -0.008515994995832443
v 0.16333618760108948 -0.10154262185096741 0.008343410678207874
v 0.1637241393327713 -0.07385042309761047 0.009023543447256088
v 0.16334106028079987 -0.052144281566143036 0.003742762841284275
v 0.16088145971298218 -0.04831520840525627 -0.011417165398597717
v 0.1630229651927948 -0.11045356839895248 -0.00047261008876375854
v 0.16438958048820496 -0.07099925726652145 0.019658466801047325
v 0.16419830918312073 -0.13021373748779297 0.01901254802942276
v 0.16429536044597626 -0.12025275081396103 0.013196506537497044
v 0.1631196141242981 -0.036327436566352844 -0.008949125185608864
v 0.16465677320957184 -0.03135997802019119 0.005478132516145706
v 0.1627209633588791 -0.04417039826512337 0.02380538359284401
v 0.16633859276771545 -0.017715802416205406 -0.006906876806169748
v 0.16393530368804932 -0.018125398084521294 -0.022712772712111473
v 0.1618971973657608 -0.0333770327270031 -0.029005905613303185
v 0.1614530235528946 -0.04587322846055031 -0.017865652218461037
v 0.16216355562210083 -0.025931542739272118 -0.04823898896574974
v 0.16221952438354492 -0.013980080373585224 -0.053155653178691864
v 0.16861210763454437 -0.003324758494272828 0.005854329094290733
v 0.15863575041294098 -0.016456443816423416 -0.0708765834569931
v 0.164140984416008 -0.0192253477871418 0.025025557726621628
v 0.16542606055736542 -0.12433300167322159 0.0030340556986629963
v 0.1588914841413498 -0.013471166603267193 -0.07223543524742126
v 0.16623245179653168 -0.011596794240176678 0.020850447937846184
v 0.1673886626958847 -0.0001324927288806066 0.016871729865670204
v 0.16072764992713928 -0.041256457567214966 -0.027022793889045715
v 0.1578255146741867 -0.0439249724149704 -0.03964029997587204
v 0.15854014456272125 -0.031561534851789474 -0.06045718863606453
v 0.16360189020633698 -0.07984913140535355 0.024781793355941772
v 0.16516751050949097 0.0025858632288873196 0.029638629406690598
v 0.16710029542446136 -0.1395752727985382 0.007945694029331207
v 0.16520698368549347 -0.14478658139705658 0.017130432650446892
v 0.1512807309627533 -0.01891106367111206 -0.09120319783687592
v 0.15754033625125885 -0.04709772393107414 -0.03180738165974617
v 0.15122872591018677 -0.010870064608752728 -0.09975961595773697
v 0.15321964025497437 -0.03890441730618477 -0.0686115100979805
v 0.14703522622585297 -0.011903100647032261 -0.11115464568138123
v 0.14667317271232605 -0.036629825830459595 -0.08669725060462952
v 0.14001105725765228 -0.04013851657509804 -0.09852463006973267
v 0.16716283559799194 -0.012584076263010502 -0.019317636266350746
v 0.17007409036159515 -0.006353201810270548 -0.004559424705803394
v 0.1361432820558548 -0.04034684598445892 -0.1073879525065422
v 0.14750230312347412 -0.04105549678206444 -0.07902482897043228
v 0.1454334855079651 -0.00527493841946125 -0.12489449977874756
v 0.14007052779197693 0.009373720735311508 -0.1440296620130539
v 0.14753542840480804 0.006922559347003698 -0.12762345373630524
v 0.14007943868637085 0.02350321225821972 -0.14300227165222168
v 0.13609011471271515 0.02200193889439106 -0.15153442323207855
v 0.1280236542224884 0.01912851817905903 -0.16618937253952026
v 0.12720175087451935 0.033042263239622116 -0.1647798866033554
v 0.1322089433670044 0.03415197134017944 -0.15134772658348083
v 0.1516924351453781 -0.0014399621868506074 -0.1164621040225029
v 0.12762165069580078 0.04216177389025688 -0.15575674176216125
v 0.15530598163604736 -0.050810057669878006 -0.01826891116797924
v 0.152895987033844 -0.04417906329035759 -0.05789903923869133
v 0.11935985088348389 0.041623394936323166 -0.17104335129261017
v 0.11951684206724167 0.05014452338218689 -0.16279272735118866
v 0.1122230663895607 0.05341779813170433 -0.1726073920726776
v 0.11299166828393936 0.058195918798446655 -0.166791632771492
v 0.1040240079164505 0.0664934441447258 -0.17212329804897308
v 0.10826953500509262 0.04636211693286896 -0.1804914027452469
v 0.09729962050914764 0.0684482678771019 -0.1779751181602478
v 0.09683903306722641 0.07833632826805115 -0.1727605015039444
v 0.1251305788755417 0.04703269898891449 -0.15815091133117676
v 0.11953353136777878 0.056947045028209686 -0.16326245665550232
v 0.10805591195821762 0.06873312592506409 -0.1689470410346985
v 0.1408001184463501 0.027040941640734673 -0.14361819624900818
v 0.1349448710680008 0.036369942128658295 -0.1502714306116104
v 0.04464489966630936 0.019347038120031357 0.19720540940761566
v 0.044143177568912506 0.016781756654381752 0.18849670886993408
v 0.040662746876478195 0.009012575261294842 0.19728299975395203
v 0.04779110103845596 0.024036185815930367 0.18838119506835938
v 0.04961464926600456 0.02906450815498829 0.1974598914384842
v 0.05439585819840431 0.03617265820503235 0.18948900699615479
v 0.03575040400028229 -0.0009664047975093126 0.1886267364025116
v 0.0404776968061924 0.007101926952600479 0.18511748313903809
v 0.03683553263545036 -0.0017259267624467611 0.19787590205669403
v 0.029699454084038734 -0.012897485867142677 0.18842147290706635
v 0.030984895303845406 -0.017348144203424454 0.197871595621109
v 0.029310371726751328 -0.020786607638001442 0.19868899881839752
v 0.05424952879548073 0.03325771167874336 0.18556411564350128
v 0.057510338723659515 0.036745257675647736 0.19536441564559937
v 0.03328835219144821 -0.00035238233976997435 0.1845497041940689
v 0.026303209364414215 -0.018736455589532852 0.19266563653945923
v -0.003144001355394721 0.026857735589146614 0.18768277764320374
v -0.003444272093474865 0.025769975036382675 0.1917947232723236
v 0.010159838944673538 0.024393213912844658 0.1932694911956787
v -0.023713456466794014 0.025696242228150368 0.18947000801563263
v -0.02558474987745285 0.026787377893924713 0.18589162826538086
v 0.01976083591580391 0.026190035045146942 0.18945938348770142
v -0.0024003104772418737 0.024152034893631935 0.19372187554836273
v 0.023288104683160782 0.025565773248672485 0.1845543533563614
v -0.008355332538485527 0.026040159165859222 0.18455971777439117
v 0.021995434537529945 0.024364950135350227 0.19053366780281067
v -0.0259591955691576 0.02770230732858181 0.1891726851463318
v -0.028258245438337326 0.02901989035308361 0.18871435523033142
v -0.012896871194243431 0.17415396869182587 0.12891313433647156
v -0.01572771929204464 0.1750488132238388 0.14271613955497742
v -0.010363822802901268 0.16821829974651337 0.13406364619731903
v -0.012868275865912437 0.1647404134273529 0.14727093279361725
v -0.008317064493894577 0.1629539430141449 0.13825435936450958
v -0.01903260126709938 0.17927934229373932 0.14042846858501434
v -0.020187020301818848 0.1778598427772522 0.14502355456352234
v -0.01743830367922783 0.17769759893417358 0.12772002816200256
v -0.01168070174753666 0.16208885610103607 0.14423294365406036
v -0.023371780291199684 0.17315077781677246 0.14676329493522644
v -0.07917030155658722 0.1263037472963333 -0.17671628296375275
v -0.08663924038410187 0.1163976863026619 -0.16434651613235474
v -0.07701051980257034 0.11856399476528168 -0.16326811909675598
v -0.08464211970567703 0.12349501252174377 -0.17467433214187622
v -0.07753949612379074 0.1252727210521698 -0.17437557876110077
v -0.08977565169334412 0.11851988732814789 -0.17334489524364471
v -0.07113093882799149 0.11974049359560013 -0.16869132220745087
v -0.09655419737100601 0.10505950450897217 -0.17486488819122314
v -0.09539901465177536 0.0957203134894371 -0.164685919880867
v -0.10277242958545685 0.08844214677810669 -0.18023331463336945
v -0.10021866112947464 0.08205430209636688 -0.16734987497329712
v -0.10268732160329819 0.076799675822258 -0.17146296799182892
v -0.1051882654428482 0.08063817024230957 -0.18159954249858856
v -0.1100553423166275 0.07220426946878433 -0.1791294515132904
v -0.1057424396276474 0.07105975598096848 -0.16651633381843567
v -0.11449001729488373 0.05536063387989998 -0.16881835460662842
v -0.1194598600268364 0.05211438238620758 -0.1822468638420105
v -0.11741742491722107 0.056916944682598114 -0.18395909667015076
v -0.11630375683307648 0.0490519218146801 -0.17360363900661469
v -0.11834035813808441 0.052699971944093704 -0.19013695418834686
v -0.0780547708272934 0.1282120645046234 -0.17433299124240875
v -0.13915376365184784 0.02360980398952961 0.16024307906627655
v -0.1413738876581192 0.017063328996300697 0.16481570899486542
v -0.13813075423240662 0.011770940385758877 0.1594422161579132
v -0.1360955387353897 0.02682577818632126 0.15446877479553223
v -0.12779055535793304 0.01156653743237257 0.14499472081661224
v -0.1268828809261322 0.02707931585609913 0.14242954552173615
v -0.1323171854019165 0.010828433558344841 0.15089596807956696
v -0.13782207667827606 0.030044661834836006 0.1535627394914627
v -0.12478306144475937 0.006471616216003895 0.1463342308998108
v -0.140737384557724 0.01388419046998024 0.16835959255695343
v -0.11983556300401688 0.0007797657162882388 0.14671136438846588
v -0.11941548436880112 -0.0028453615959733725 0.1502765715122223
v -0.1150212287902832 -0.008821922354400158 0.15020686388015747
v -0.14455637335777283 0.013840134255588055 0.1747545599937439
v -0.11233946681022644 -0.013898804783821106 0.15321320295333862
v -0.12085945159196854 -0.00048201243043877184 0.1604636311531067
v -0.12713609635829926 0.005080203525722027 0.1632966548204422
v -0.12052649259567261 -0.004574738442897797 0.16475482285022736
v -0.1332307755947113 0.0030870025511831045 0.17552624642848969
v -0.1267949938774109 -0.008179656229913235 0.17972441017627716
v -0.13383176922798157 0.009481197223067284 0.1698581725358963
v -0.14057429134845734 0.012259061448276043 0.17684811353683472
v -0.11161722242832184 -0.015996677801012993 0.16557994484901428
v -0.1220281571149826 -0.01493728719651699 0.18401587009429932
v -0.11714769154787064 -0.020803188905119896 0.1878902018070221
v -0.10827044397592545 -0.019107194617390633 0.15340228378772736
v -0.10877018421888351 -0.021510008722543716 0.1738484650850296
v -0.10551398247480392 -0.02326783537864685 0.16637592017650604
v -0.10205451399087906 -0.025159932672977448 0.17751353979110718
v -0.11177560687065125 -0.023068886250257492 0.19094546139240265
v -0.10850011557340622 -0.025165898725390434 0.1902237832546234
v -0.10062400996685028 -0.021939022466540337 0.15792854130268097
v -0.1444951444864273 0.017730344086885452 0.16391058266162872
v -0.1411585807800293 0.02359963208436966 0.16071666777133942
v -0.09822821617126465 -0.02367071993649006 0.17788410186767578
v -0.08726237714290619 -0.021314028650522232 0.1618914157152176
v -0.08295471221208572 -0.021523652598261833 0.1753145158290863
v -0.07506737112998962 -0.020560355857014656 0.16475535929203033
v -0.06805930286645889 -0.021163837984204292 0.17489030957221985
v -0.05470757931470871 -0.02142932079732418 0.1690950244665146
v -0.05404273793101311 -0.021670283749699593 0.1743733137845993
v -0.033788979053497314 -0.02053152583539486 0.170131117105484
v -0.09020785987377167 -0.022064829245209694 0.18037773668766022
v -0.08858367800712585 -0.022545134648680687 0.19094158709049225
v -0.08253505080938339 -0.02070053294301033 0.1858786642551422
v -0.0824456661939621 -0.02144739031791687 0.19626668095588684
v -0.07419443130493164 -0.019815713167190552 0.18921487033367157
v -0.07199131697416306 -0.01897420361638069 0.19785229861736298
v -0.06458491832017899 -0.019820095971226692 0.19292496144771576
v -0.05173436924815178 -0.019626107066869736 0.19702628254890442
v -0.0475752167403698 -0.020051922649145126 0.1997665911912918
v -0.04387304186820984 -0.013384779915213585 0.21756920218467712
v -0.08272998034954071 -0.015887046232819557 0.20566880702972412
v -0.08923791348934174 -0.012434212490916252 0.22274675965309143
v -0.08588379621505737 -0.011951323598623276 0.22652725875377655
v -0.060152094811201096 -0.01260459516197443 0.22439567744731903
v -0.04627123475074768 -0.013848436065018177 0.2227453887462616
v -0.08749217540025711 -0.015735553577542305 0.20726943016052246
v -0.04379536584019661 -0.013424543663859367 0.22139990329742432
v -0.0807502493262291 -0.02111165225505829 0.19986189901828766
v 0.040587686002254486 0.1705290675163269 0.1345362514257431
v 0.05319612845778465 0.165198415517807 0.13529492914676666
v 0.04212559014558792 0.16356393694877625 0.13055740296840668
v 0.03421521186828613 0.16748535633087158 0.129876047372818
v 0.0557265467941761 0.17063945531845093 0.14263246953487396
v 0.04979030042886734 0.15265128016471863 0.13033683598041534
v 0.05618223175406456 0.15660689771175385 0.1345716416835785
v 0.05322454124689102 0.14738845825195312 0.13246896862983704
v 0.04098004475235939 0.1625838577747345 0.1271750032901764
v 0.09311506152153015 0.03341059759259224 0.15926221013069153
v 0.0880952998995781 0.03336137533187866 0.16492079198360443
v 0.08900120109319687 0.03524002805352211 0.17929881811141968
v 0.08435188233852386 0.03331615403294563 0.1733633130788803
v 0.08043363690376282 0.03419201448559761 0.17884887754917145
v 0.0888860896229744 0.03317354619503021 0.15999813377857208
v 0.07334604114294052 0.036969900131225586 0.18238314986228943
v 0.061731111258268356 0.038940854370594025 0.19161801040172577
v 0.07693569362163544 0.03790616989135742 0.1910771131515503
v 0.0894322395324707 0.03570786863565445 0.18791353702545166
v 0.09417567402124405 0.03385823220014572 0.18245960772037506
v 0.10114476829767227 0.03124837763607502 0.15448471903800964
v 0.059336788952350616 0.03694333881139755 0.18546117842197418
v 0.05439585819840431 0.03617265820503235 0.18948900699615479
v 0.057510338723659515 0.036745257675647736 0.19536441564559937
v 0.10262490063905716 0.02942568063735962 0.158884197473526
v 0.11125846207141876 0.02882974036037922 0.1456831693649292
v 0.05424952879548073 0.03325771167874336 0.18556411564350128
v -0.11177560687065125 -0.023068886250257492 0.19094546139240265
v -0.11229773610830307 -0.06533589214086533 0.18955685198307037
v -0.10850011557340622 -0.025165898725390434 0.1902237832546234
v -0.10798536241054535 -0.05970815569162369 0.18984496593475342
v -0.10902583599090576 -0.07841390371322632 0.1900259107351303
v -0.10902214050292969 -0.10388552397489548 0.18962694704532623
v -0.10695073008537292 -0.09940621256828308 0.18954020738601685
v -0.1050303503870964 -0.13720296323299408 0.18651773035526276
v -0.10802153497934341 -0.13532491028308868 0.18756292760372162
v -0.1024019718170166 -0.15604938566684723 0.18551121652126312
v -0.10898849368095398 -0.14071330428123474 0.18636028468608856
v -0.10553738474845886 -0.1614106297492981 0.18505088984966278
v -0.10146111249923706 -0.11065612733364105 0.18207958340644836
v -0.1016954705119133 -0.05299116671085358 0.18265272676944733
v -0.10229247063398361 -0.034297529608011246 0.1819135993719101
v -0.09912163019180298 -0.13392606377601624 0.1809571087360382
v -0.09769067913293839 -0.15338484942913055 0.18043723702430725
v -0.10013598948717117 -0.15782670676708221 0.18309898674488068
v -0.09959594160318375 -0.03518354147672653 0.18096177279949188
v -0.10205451399087906 -0.025159932672977448 0.17751353979110718
v -0.09923699498176575 -0.08206913620233536 0.1808241605758667
v -0.10087277740240097 -0.1612938791513443 0.18152272701263428
v -0.09655212610960007 -0.16121849417686462 0.1836162954568863
v 0.1891431361436844 -0.009672564454376698 0.06792009621858597
v 0.18750429153442383 -0.02017100527882576 0.06544417142868042
v 0.17696645855903625 -0.009230769239366055 0.06939271837472916
v 0.17926856875419617 -0.024112911894917488 0.06429567188024521
v 0.18659290671348572 -0.0030045786406844854 0.0716463103890419
v 0.19328023493289948 -0.01228388398885727 0.06821867823600769
v 0.19253979623317719 -0.0248701274394989 0.06475572288036346
v 0.17097684741020203 -0.0072420695796608925 0.06837276369333267
v 0.17491839826107025 -0.017827633768320084 0.06506062299013138
v 0.18984465301036835 -0.02601294033229351 0.06108243390917778
v 0.17257288098335266 -0.0020665533374994993 0.07256849855184555
v 0.1675223559141159 -0.0005082226707600057 0.07162422686815262
v 0.19073191285133362 -0.00575355626642704 0.07210857421159744
v -0.09094946086406708 0.02723756618797779 0.17960530519485474
v -0.08821653574705124 -0.018485594540834427 0.18063312768936157
v -0.08909093588590622 0.01911046914756298 0.18241152167320251
v -0.091138556599617 0.03369537368416786 0.18321816623210907
v -0.08846795558929443 -0.006594509351998568 0.1824914813041687
v -0.0913105309009552 0.03754661604762077 0.181477889418602
v -0.08795929700136185 0.03900619223713875 0.18713612854480743
v -0.08253505080938339 -0.02070053294301033 0.1858786642551422
v -0.08582374453544617 0.011782974936068058 0.1839296519756317
v -0.09020785987377167 -0.022064829245209694 0.18037773668766022
v -0.0890621617436409 0.014407790265977383 0.17710645496845245
v -0.026666225865483284 0.17604978382587433 0.14174702763557434
v -0.02805384434759617 0.16610907018184662 0.1347840130329132
v -0.0244163665920496 0.16518531739711761 0.1466699093580246
v -0.02636438049376011 0.1602969765663147 0.1378479152917862
v -0.02992778643965721 0.17857110500335693 0.1337869018316269
v -0.023371780291199684 0.17315077781677246 0.14676329493522644
v -0.020187020301818848 0.1778598427772522 0.14502355456352234
v -0.029344633221626282 0.18162111937999725 0.1295076459646225
v 0.116718590259552 0.18906733393669128 0.10511606931686401
v 0.11364100128412247 0.18894480168819427 0.10998836159706116
v 0.12592940032482147 0.19019846618175507 0.1076730340719223
v 0.09001926332712173 0.1882033348083496 0.10635431110858917
v 0.09430311620235443 0.18806080520153046 0.10920045524835587
v 0.12663240730762482 0.19173036515712738 0.10135458409786224
v 0.1311548501253128 0.1926635354757309 0.10412769019603729
v 0.08792264014482498 0.1901756227016449 0.1032109409570694
v 0.13732467591762543 0.2010737806558609 0.09121927618980408
v 0.13159747421741486 0.20665811002254486 0.08636444807052612
v 0.10570358484983444 0.20853513479232788 0.08707451820373535
v 0.10885124653577805 0.2253146916627884 0.06709232926368713
v 0.0857388824224472 0.22454951703548431 0.07007065415382385
v 0.07893930375576019 0.21243835985660553 0.08204003423452377
v 0.09083236008882523 0.19979611039161682 0.09542790800333023
v 0.07201812416315079 0.23524980247020721 0.06035887077450752
v 0.0669953003525734 0.23018452525138855 0.06634372472763062
v 0.06496449559926987 0.21643908321857452 0.07933186739683151
v 0.0829232856631279 0.2432154268026352 0.048834215849637985
v 0.06802581995725632 0.23817402124404907 0.056431062519550323
v 0.07141034305095673 0.2462424784898758 0.04848494008183479
v 0.06500598043203354 0.20242704451084137 0.09058525413274765
v 0.07323839515447617 0.1985093355178833 0.09354619681835175
v 0.06459637731313705 0.19177629053592682 0.09931345283985138
v 0.06486257910728455 0.18618494272232056 0.10425978153944016
v 0.07979321479797363 0.18537744879722595 0.10451764613389969
v 0.07293835282325745 0.17260536551475525 0.11289145052433014
v 0.08308789879083633 0.17366692423820496 0.11212026327848434
v 0.05673542618751526 0.17617829144001007 0.11384598165750504
v 0.052757441997528076 0.17963922023773193 0.11009436845779419
v 0.04825032129883766 0.16433732211589813 0.12295535951852798
v 0.08074051141738892 0.16652482748031616 0.11557507514953613
v 0.13412776589393616 0.20595771074295044 0.08752100169658661
v 0.08011672645807266 0.15466216206550598 0.12096067517995834
v 0.06563610583543777 0.14552125334739685 0.12699392437934875
v 0.04647738113999367 0.17786647379398346 0.11521957814693451
v 0.03901509940624237 0.1770394742488861 0.11893755942583084
v 0.034838542342185974 0.16805772483348846 0.12401936948299408
v 0.04098004475235939 0.1625838577747345 0.1271750032901764
v 0.01747342199087143 0.17671027779579163 0.12169940769672394
v 0.056514889001846313 0.1432567536830902 0.13075345754623413
v 0.04706733301281929 0.15711773931980133 0.12722423672676086
v 0.060759659856557846 0.1875368058681488 0.09940626472234726
v 0.022646481171250343 0.1708250194787979 0.12750478088855743
v 0.0026113621424883604 0.16878129541873932 0.1299721598625183
v -0.006808372214436531 0.1733810156583786 0.12454002350568771
v -0.0066045899875462055 0.16963936388492584 0.12965823709964752
v -0.01283339224755764 0.17285490036010742 0.12573164701461792
v -0.008317064493894577 0.1629539430141449 0.13825435936450958
v -0.010363822802901268 0.16821829974651337 0.13406364619731903
v -0.012896871194243431 0.17415396869182587 0.12891313433647156
v 0.09222633391618729 0.18252001702785492 0.11178220063447952
v 0.08689954876899719 0.18062211573123932 0.11152514070272446
v 0.04979030042886734 0.15265128016471863 0.13033683598041534
v 0.05322454124689102 0.14738845825195312 0.13246896862983704
v 0.0552646666765213 0.13691750168800354 0.1343216598033905
v 0.13703493773937225 0.198954239487648 0.10174371302127838
v 0.1423606127500534 0.20609551668167114 0.08865857124328613
v 0.09599188715219498 0.18990014493465424 0.11474096775054932
v -0.12531526386737823 0.0411071851849556 0.13960599899291992
v -0.12988907098770142 0.04036552831530571 0.1468954086303711
v -0.1268828809261322 0.02707931585609913 0.14242954552173615
v -0.13321201503276825 0.031523384153842926 0.15140555799007416
v -0.1360955387353897 0.02682577818632126 0.15446877479553223
v -0.12927496433258057 0.04430773854255676 0.14223232865333557
v -0.13782207667827606 0.030044661834836006 0.1535627394914627
v -0.12811598181724548 0.045004550367593765 0.13399560749530792
v -0.017675744369626045 0.15893109142780304 0.1384529024362564
v -0.01168070174753666 0.16208885610103607 0.14423294365406036
v -0.012868275865912437 0.1647404134273529 0.14727093279361725
v -0.008630705997347832 0.15675438940525055 0.13837356865406036
v -0.0244163665920496 0.16518531739711761 0.1466699093580246
v -0.02636438049376011 0.1602969765663147 0.1378479152917862
v -0.005998152773827314 0.16148710250854492 0.14864961802959442
v -0.023371780291199684 0.17315077781677246 0.14676329493522644
v 0.12999869883060455 -0.16357211768627167 0.127842515707016
v 0.12280422449111938 -0.163288876414299 0.13138717412948608
v 0.12042964994907379 -0.17324498295783997 0.13078971207141876
v 0.12811705470085144 -0.17339858412742615 0.12720580399036407
v 0.11020538210868835 -0.17009156942367554 0.1358385682106018
v 0.11307230591773987 -0.16332553327083588 0.1367553025484085
v 0.10473847389221191 -0.16090618073940277 0.14312124252319336
v 0.10052256286144257 -0.1631595641374588 0.14328120648860931
v 0.0983603373169899 -0.171764075756073 0.14122426509857178
v 0.09221309423446655 -0.1633947491645813 0.14753776788711548
v 0.08612490445375443 -0.1731753647327423 0.14735400676727295
v 0.08391901105642319 -0.16281549632549286 0.1521676927804947
v 0.07614915817975998 -0.17320170998573303 0.15352918207645416
v 0.0762610137462616 -0.1630554497241974 0.15535959601402283
v 0.112864188849926 -0.1731751412153244 0.13250547647476196
v 0.005128134973347187 0.17571711540222168 0.12140505760908127
v 0.02907971478998661 0.17750443518161774 0.11826641112565994
v 0.008923650719225407 0.17305061221122742 0.11694551259279251
v -0.005585808306932449 0.173955500125885 0.11785689741373062
v 0.028905335813760757 0.17321668565273285 0.11469882726669312
v 0.046073440462350845 0.17757682502269745 0.11210481077432632
v 0.04233929514884949 0.17380575835704803 0.11134237051010132
v 0.04821555316448212 0.1764010637998581 0.1079445406794548
v 0.052757441997528076 0.17963922023773193 0.11009436845779419
v 0.04647738113999367 0.17786647379398346 0.11521957814693451
v 0.03901509940624237 0.1770394742488861 0.11893755942583084
v 0.01747342199087143 0.17671027779579163 0.12169940769672394
v -0.006808372214436531 0.1733810156583786 0.12454002350568771
v -0.029920034110546112 0.173470601439476 0.11954299360513687
v -0.029209811240434647 0.1741357296705246 0.11416541785001755
v -0.01283339224755764 0.17285490036010742 0.12573164701461792
v -0.0406017042696476 0.17669852077960968 0.11808230727910995
v -0.04111028462648392 0.17585130035877228 0.10939357429742813
v -0.029866451397538185 0.1743059903383255 0.12343595921993256
v -0.0464157834649086 0.17965558171272278 0.11812349408864975
v -0.05770592391490936 0.18336087465286255 0.10193193703889847
v -0.029344633221626282 0.18162111937999725 0.1295076459646225
v -0.01743830367922783 0.17769759893417358 0.12772002816200256
v -0.036660682410001755 0.18156547844409943 0.12663622200489044
v -0.046254225075244904 0.18426598608493805 0.12321244180202484
v -0.05667003244161606 0.18528449535369873 0.11461306363344193
v -0.05509869381785393 0.18878012895584106 0.12106311321258545
v -0.06083693355321884 0.19135910272598267 0.11519730091094971
v -0.0669146478176117 0.1899120956659317 0.10951324552297592
v -0.06812194734811783 0.2017299234867096 0.11984948068857193
v -0.067636638879776 0.20053419470787048 0.11356079578399658
v -0.012896871194243431 0.17415396869182587 0.12891313433647156
v -0.036020196974277496 0.1819026917219162 0.12921583652496338
v -0.06596995145082474 0.18754780292510986 0.0990234985947609
v -0.01903260126709938 0.17927934229373932 0.14042846858501434
v -0.06163183972239494 0.19382350146770477 0.12408264726400375
v -0.020187020301818848 0.1778598427772522 0.14502355456352234
v 0.09209181368350983 0.19483807682991028 0.12124529480934143
v 0.10133388638496399 0.19353389739990234 0.11769062280654907
v 0.09146254509687424 0.18522681295871735 0.1139627993106842
v 0.09205950051546097 0.19941772520542145 0.12230869382619858
v 0.004150063265115023 -0.014010252431035042 0.22995632886886597
v 0.004449690692126751 -0.021467041224241257 0.22752799093723297
v 0.005362647119909525 -0.02844555675983429 0.23483817279338837
v 0.0032370879780501127 -0.01568654738366604 0.2267564982175827
v 0.006741712335497141 -0.012218729592859745 0.23458805680274963
v 0.0027218624018132687 -0.02865600772202015 0.23025192320346832
v 0.0002840199740603566 -0.04325627163052559 0.2329806238412857
v 0.0009669662686064839 -0.027388397604227066 0.22483552992343903
v 0.0011415054323151708 -0.02899016998708248 0.21959389746189117
v 0.005102786235511303 -0.013307199813425541 0.22407716512680054
v 0.11050102114677429 0.07410134375095367 -0.17194285988807678
v 0.10805591195821762 0.06873312592506409 -0.1689470410346985
v 0.12178222835063934 0.06063926964998245 -0.16616229712963104
v 0.11953353136777878 0.056947045028209686 -0.16326245665550232
v 0.1315975934267044 0.0497545525431633 -0.1634368896484375
v 0.1011560708284378 0.08069940656423569 -0.17148339748382568
v 0.10287617146968842 0.08349408209323883 -0.17556503415107727
v 0.12555816769599915 0.058464400470256805 -0.16819456219673157
v 0.11376986652612686 0.07089691609144211 -0.17338138818740845
v 0.09683903306722641 0.07833632826805115 -0.1727605015039444
v 0.18489933013916016 -0.15542873740196228 0.058326784521341324
v 0.18160411715507507 -0.1645040065050125 0.0542287640273571
v 0.18543870747089386 -0.16432121396064758 0.05444881319999695
v 0.1831318736076355 -0.17487716674804688 0.04965751990675926
v 0.1842694729566574 -0.1789693832397461 0.04789944365620613
v 0.17996343970298767 -0.1778009831905365 0.04843290522694588
v 0.1819395124912262 -0.15564122796058655 0.058969683945178986
v 0.18497774004936218 -0.1477246880531311 0.06213958188891411
v 0.18151208758354187 -0.14692072570323944 0.06242579221725464
v 0.18426631391048431 -0.13703572750091553 0.06748878955841064
v 0.180181622505188 -0.13588225841522217 0.06765011698007584
v 0.1804697960615158 -0.1234254240989685 0.07355471700429916
v 0.17603547871112823 -0.13099490106105804 0.0717657059431076
v 0.17707224190235138 -0.18176010251045227 0.04223209246993065
v 0.18298231065273285 -0.18410922586917877 0.0434669591486454
v 0.18554256856441498 -0.12417508661746979 0.07788091152906418
v 0.18092189729213715 -0.11586008965969086 0.07739140093326569
v 0.18117797374725342 -0.10865176469087601 0.08164998888969421
v 0.18908315896987915 -0.16297881305217743 0.06117785722017288
v 0.18875913321971893 -0.13379904627799988 0.0831288993358612
v 0.19211293756961823 -0.15894857048988342 0.07301446050405502
v 0.19564545154571533 -0.16873382031917572 0.08362928032875061
v 0.19720463454723358 -0.17057998478412628 0.09492559731006622
v 0.20044271647930145 -0.18463143706321716 0.10283660888671875
v 0.19726957380771637 -0.16645202040672302 0.10218016803264618
v 0.1925099641084671 -0.1494619995355606 0.09967223554849625
v 0.18784752488136292 -0.1257256418466568 0.09143046289682388
v 0.18396171927452087 -0.10462664067745209 0.09581020474433899
v 0.1882457286119461 -0.12964116036891937 0.10029205679893494
v 0.19691230356693268 -0.18873515725135803 0.08238616585731506
v 0.1938953697681427 -0.18137304484844208 0.07140344381332397
v 0.19648589193820953 -0.23482200503349304 0.07329507917165756
v 0.20121029019355774 -0.2169019877910614 0.10108669847249985
v 0.19884620606899261 -0.24817544221878052 0.08405150473117828
v 0.20379303395748138 -0.250436395406723 0.10571260005235672
v 0.19023831188678741 -0.2229580283164978 0.05128762125968933
v 0.18703250586986542 -0.2391701340675354 0.031257178634405136
v 0.1850365549325943 -0.22682666778564453 0.022503886371850967
v 0.18553011119365692 -0.19921159744262695 0.04392126947641373
v 0.189028799533844 -0.20262491703033447 0.053998928517103195
v 0.18296976387500763 -0.20208841562271118 0.027792181819677353
v 0.18798202276229858 -0.12072973698377609 0.10244029760360718
v 0.18389549851417542 -0.09861554950475693 0.09887370467185974
v 0.1805550456047058 -0.10025069862604141 0.08733384311199188
v 0.18116512894630432 -0.18508784472942352 0.03744911029934883
v 0.1801326721906662 -0.18686863780021667 0.028400883078575134
v 0.18372054398059845 -0.24342581629753113 0.007138632703572512
v 0.1791730374097824 -0.08652026206254959 0.09334414452314377
v 0.19430707395076752 -0.2535177767276764 0.06385616958141327
v 0.18456320464611053 -0.24920958280563354 0.01910061202943325
v 0.18998025357723236 -0.2555517256259918 0.04406719282269478
v 0.20229266583919525 -0.19207864999771118 0.1055963784456253
v 0.18460345268249512 -0.23378655314445496 0.0026941534597426653
v 0.19866608083248138 -0.2563195526599884 0.08768901973962784
v 0.18256430327892303 -0.19939635694026947 0.014081822708249092
v 0.18007291853427887 -0.18646341562271118 0.015733974054455757
v 0.1845008134841919 -0.21758395433425903 0.0037571354769170284
v 0.2007080763578415 -0.16492311656475067 0.1058296412229538
v 0.18194396793842316 -0.2559278607368469 0.006822532508522272
v 0.19267325103282928 -0.14360983669757843 0.10229083895683289
v 0.20036354660987854 -0.2610097825527191 0.09807504713535309
v 0.18207821249961853 -0.2580795884132385 0.01497672963887453
v 0.1844179630279541 -0.20295464992523193 -0.0007793414406478405
v 0.18261761963367462 -0.25736239552497864 0.004197591450065374
v 0.18669505417346954 -0.2327379286289215 -0.004562676418572664
v 0.18474122881889343 -0.24681083858013153 -0.0005258093005977571
v 0.1865025907754898 -0.26717954874038696 0.04475602135062218
v 0.19284257292747498 -0.25983378291130066 0.06719454377889633
v 0.17435817420482635 -0.17578881978988647 0.023529822006821632
v 0.17717275023460388 -0.181062251329422 0.0340413972735405
v 0.19519291818141937 -0.26603561639785767 0.08775963634252548
v 0.19073085486888885 -0.2698596119880676 0.07969055324792862
v 0.187773659825325 -0.2724784314632416 0.07144669443368912
v 0.18545210361480713 -0.27701497077941895 0.06461931020021439
v 0.18187512457370758 -0.2784111201763153 0.04997359216213226
v 0.17717215418815613 -0.27157583832740784 0.014686217531561852
v 0.17788736522197723 -0.27817538380622864 0.031221291050314903
v 0.17677736282348633 -0.27597281336784363 0.019439226016402245
v 0.08568353205919266 0.19746775925159454 0.11480583995580673
v 0.09205950051546097 0.19941772520542145 0.12230869382619858
v 0.09209181368350983 0.19483807682991028 0.12124529480934143
v 0.08654826879501343 0.2065490186214447 0.11555862426757812
v 0.09206485748291016 0.20828641951084137 0.119041807949543
v 0.08905213326215744 0.21480537950992584 0.11250688880681992
v 0.08363854885101318 0.19782261550426483 0.11425618827342987
v 0.08429766446352005 0.20559175312519073 0.11377643048763275
v 0.08848709613084793 0.18747234344482422 0.11053071916103363
v 0.09146254509687424 0.18522681295871735 0.1139627993106842
v 0.08682834357023239 0.1877325028181076 0.11159329116344452
v 0.04196585342288017 0.06883356720209122 -0.19704772531986237
v 0.05013246834278107 0.05629805102944374 -0.19933894276618958
v 0.037567541003227234 0.06470663845539093 -0.19402658939361572
v 0.03094884566962719 0.07424001395702362 -0.19624455273151398
v 0.030920539051294327 0.07101351022720337 -0.19303551316261292
v 0.020732471719384193 0.07555852830410004 -0.19217300415039062
v 0.05765991657972336 0.08305370062589645 -0.19670552015304565
v 0.05816557630896568 0.07200325280427933 -0.19758467376232147
v 0.035210102796554565 0.08127575367689133 -0.197145015001297
v 0.019353728741407394 0.08110299706459045 -0.1988505870103836
v 0.0534556582570076 0.08725106716156006 -0.19868439435958862
v 0.06059276685118675 0.08707689493894577 -0.19643597304821014
v 0.07476399838924408 0.08397860080003738 -0.19212128221988678
v 0.07564791291952133 0.09317389130592346 -0.19550135731697083
v 0.0334910973906517 0.08484859019517899 -0.19897714257240295
v 0.06781154870986938 0.09447625279426575 -0.19939957559108734
v 0.09917624294757843 0.21646372973918915 0.10745909810066223
v 0.09123989194631577 0.21655070781707764 0.11108122766017914
v 0.09441999346017838 0.22339913249015808 0.12000241875648499
v 0.09242343157529831 0.22122740745544434 0.12713156640529633
v 0.08905213326215744 0.21480537950992584 0.11250688880681992
v 0.09327134490013123 0.22338351607322693 0.12495730817317963
v 0.11170594394207001 0.21637961268424988 0.10315375030040741
v 0.11149118095636368 0.21729671955108643 0.10477101057767868
v 0.12123167514801025 0.2160629779100418 0.09787026047706604
v 0.11232531815767288 0.22271953523159027 0.11679896712303162
v 0.14177294075489044 0.22116631269454956 0.10946080833673477
v 0.1420593112707138 0.21925388276576996 0.10150227695703506
v 0.13500888645648956 0.21634334325790405 0.0954751968383789
v 0.13390414416790009 0.2128245085477829 0.09157158434391022
v 0.12221920490264893 0.22168849408626556 0.11781637370586395
v 0.13886719942092896 0.21508090198040009 0.09626591205596924
v 0.06467363983392715 0.03155243396759033 -0.19769370555877686
v 0.058586813509464264 0.04512932524085045 -0.2000906616449356
v 0.07602284848690033 0.020720327273011208 -0.19782057404518127
v 0.08255792409181595 0.009137286804616451 -0.19476518034934998
v 0.05693143606185913 0.0403999388217926 -0.19543619453907013
v 0.04941027984023094 0.050619564950466156 -0.1941712647676468
v 0.05013246834278107 0.05629805102944374 -0.19933894276618958
v 0.04281574860215187 0.058427732437849045 -0.19337201118469238
v 0.037567541003227234 0.06470663845539093 -0.19402658939361572
v 0.07492043077945709 0.015088777057826519 -0.19202031195163727
v 0.06696528941392899 0.02619517594575882 -0.1934804916381836
v 0.08546588569879532 0.0011441430542618036 -0.1886199414730072
v 0.09202512353658676 -0.0006988966488279402 -0.19063298404216766
v 0.09167782962322235 -0.007636122405529022 -0.18044665455818176
v 0.08323870599269867 0.008102737367153168 -0.18379341065883636
v 0.06961847841739655 0.02589629963040352 -0.18871945142745972
v 0.053762391209602356 0.05012061446905136 -0.18848395347595215
v 0.09037382155656815 -0.0019026146037504077 -0.17794734239578247
v 0.09449025988578796 -0.012570586055517197 -0.17269372940063477
v 0.0985557809472084 -0.018259994685649872 -0.1691102832555771
v 0.09945657104253769 -0.015515659935772419 -0.16468870639801025
v 0.10543154925107956 -0.024494117125868797 -0.152363583445549
v 0.10896837711334229 -0.032617177814245224 -0.14980705082416534
v 0.10265471041202545 -0.022747932001948357 -0.16446365416049957
v 0.07545816898345947 0.02304137870669365 -0.18461677432060242
v 0.11577560007572174 -0.035148169845342636 -0.13686127960681915
v 0.11972465366125107 -0.04153131693601608 -0.13250885903835297
v 0.1181427463889122 -0.04006802663207054 -0.13832752406597137
v 0.12724202871322632 -0.04583347216248512 -0.1268678903579712
v 0.12538214027881622 -0.0454508438706398 -0.12332595139741898
v 0.041598089039325714 0.06437382102012634 -0.1896083801984787
v 0.030920539051294327 0.07101351022720337 -0.19303551316261292
v 0.12444324791431427 -0.04209877550601959 -0.12496816366910934
v 0.12770096957683563 -0.04231157526373863 -0.11643225699663162
v 0.0728273019194603 0.028478316962718964 -0.18431366980075836
v 0.06960748136043549 0.03312921151518822 -0.18548329174518585
v 0.13348089158535004 -0.054410260170698166 -0.11504458636045456
v 0.1401851773262024 -0.052513156086206436 -0.10929776728153229
v 0.13623152673244476 -0.05398496612906456 -0.09912369400262833
v 0.13978803157806396 -0.053930867463350296 -0.09229736030101776
v 0.14122313261032104 -0.05306129902601242 -0.11410804092884064
v 0.13507412374019623 -0.052056893706321716 -0.09236320108175278
v 0.1419428437948227 -0.05527881905436516 -0.08043857663869858
v 0.1277836114168167 -0.05084552615880966 -0.11256317794322968
v 0.12926234304904938 -0.05390646681189537 -0.11688365042209625
v 0.15284428000450134 -0.05789373815059662 -0.02977350540459156
v 0.15882468223571777 -0.061679765582084656 -0.019463777542114258
v 0.15358655154705048 -0.05372418835759163 -0.020884819328784943
v 0.1599646359682083 -0.060049332678318024 -0.011782252229750156
v 0.1499015837907791 -0.05135422945022583 -0.03207852318882942
v 0.1472838968038559 -0.05612200126051903 -0.04605235159397125
v 0.14831861853599548 -0.04881741479039192 -0.039198119193315506
v 0.14578713476657867 -0.048257287591695786 -0.04670293629169464
v 0.14221830666065216 -0.04778282344341278 -0.06103496998548508
v 0.1402604877948761 -0.05012614652514458 -0.06907234340906143
v 0.14342020452022552 -0.05542360991239548 -0.06686543673276901
v 0.13561560213565826 -0.05048194155097008 -0.08593934774398804
v 0.1334155946969986 -0.04398480802774429 -0.08939439803361893
v 0.12788110971450806 -0.044206660240888596 -0.10525497794151306
v 0.13507412374019623 -0.052056893706321716 -0.09236320108175278
v 0.1277836114168167 -0.05084552615880966 -0.11256317794322968
v 0.12538214027881622 -0.0454508438706398 -0.12332595139741898
v 0.12926234304904938 -0.05390646681189537 -0.11688365042209625
v 0.13956300914287567 -0.0447738841176033 -0.07300681620836258
v 0.15530598163604736 -0.050810057669878006 -0.01826891116797924
v 0.1419428437948227 -0.05527881905436516 -0.08043857663869858
v 0.13623152673244476 -0.05398496612906456 -0.09912369400262833
v 0.12724202871322632 -0.04583347216248512 -0.1268678903579712
v 0.14815017580986023 -0.05752376466989517 -0.058419838547706604
v 0.15697552263736725 -0.06023445352911949 -0.029357952997088432
v 0.15349486470222473 -0.058769334107637405 -0.04100950062274933
v 0.13596703112125397 0.24307309091091156 -0.012190124951303005
v 0.13531149923801422 0.24173244833946228 -0.017925536260008812
v 0.13560175895690918 0.24420125782489777 -0.06948500871658325
v 0.13781656324863434 0.23825743794441223 0.004971496760845184
v 0.13477839529514313 0.24611420929431915 -0.0489533357322216
v 0.12853804230690002 0.25135669112205505 -0.024292930960655212
v 0.1275409311056137 0.2519686818122864 -0.06872586905956268
v 0.12573087215423584 0.254138708114624 -0.04723742604255676
v 0.12887613475322723 0.24501684308052063 -0.07923917472362518
v 0.1337355077266693 0.23945452272891998 -0.07948839664459229
v 0.17293857038021088 -0.0851050317287445 0.09201064705848694
v 0.16960853338241577 -0.06433162838220596 0.09368010610342026
v 0.17051014304161072 -0.09550963342189789 0.09263674914836884
v 0.1734607219696045 -0.06648793816566467 0.09354987740516663
v 0.16979852318763733 -0.05275309458374977 0.09387840330600739
v 0.1791730374097824 -0.08652026206254959 0.09334414452314377
v 0.2032707929611206 -0.13753417134284973 0.10764861106872559
v 0.19671186804771423 -0.13624507188796997 0.10664492100477219
v 0.20405349135398865 -0.15869522094726562 0.10734094679355621
v 0.2030966430902481 -0.11398767679929733 0.11003213375806808
v 0.19428496062755585 -0.11037278920412064 0.10735306143760681
v 0.2007080763578415 -0.16492311656475067 0.1058296412229538
v 0.19121845066547394 -0.08557969331741333 0.10546308755874634
v 0.20229266583919525 -0.19207864999771118 0.1055963784456253
v 0.18698939681053162 -0.08734479546546936 0.10371223837137222
v 0.18973848223686218 -0.07002611458301544 0.10423487424850464
v 0.20618195831775665 -0.2222338169813156 0.10732569545507431
v 0.20379303395748138 -0.250436395406723 0.10571260005235672
v 0.21217332780361176 -0.2395043671131134 0.1084885373711586
v 0.20897133648395538 -0.25227445363998413 0.10828559845685959
v 0.18226684629917145 -0.057061873376369476 0.10249044001102448
v 0.21687017381191254 -0.2576930522918701 0.11337301880121231
v 0.18798202276229858 -0.12072973698377609 0.10244029760360718
v 0.1804390251636505 -0.06978471577167511 0.10035454481840134
v 0.1766844391822815 -0.05385720729827881 0.099537692964077
v 0.1773756891489029 -0.04100237041711807 0.09871894121170044
v 0.16912247240543365 -0.04356881231069565 0.09456578642129898
v 0.19267325103282928 -0.14360983669757843 0.10229083895683289
v 0.20547421276569366 -0.2585623860359192 0.10383155196905136
v 0.21961219608783722 -0.24689099192619324 0.11187383532524109
v 0.20036354660987854 -0.2610097825527191 0.09807504713535309
v 0.18389549851417542 -0.09861554950475693 0.09887370467185974
v 0.21978089213371277 -0.2351827770471573 0.10901333391666412
v 0.2090633362531662 -0.19360403716564178 0.10771402716636658
v 0.19856981933116913 -0.0884072333574295 0.10606580227613449
v 0.21972815692424774 -0.2238217145204544 0.10782996565103531
v 0.22035333514213562 -0.19939814507961273 0.1076614037156105
v 0.22152788937091827 -0.16625431180000305 0.1067296713590622
v 0.21768242120742798 -0.1462540626525879 0.10594546794891357
v 0.21400649845600128 -0.1273246854543686 0.10665417462587357
v 0.21145175397396088 -0.12106866389513016 0.10858400166034698
v 0.22315636277198792 -0.25717052817344666 0.11228960752487183
v 0.2268684357404709 -0.19608134031295776 0.10642675310373306
v 0.22468380630016327 -0.2358575016260147 0.10672459006309509
v 0.18106068670749664 -0.042468346655368805 0.09862365573644638
v 0.20546935498714447 -0.10810401290655136 0.10845848172903061
v 0.18655985593795776 -0.05257517471909523 0.10005547851324081
v 0.2230772078037262 -0.13885968923568726 0.10363832116127014
v 0.2285124659538269 -0.16260236501693726 0.10390998423099518
v 0.17266809940338135 -0.03630772978067398 0.09269881248474121
v 0.1671127825975418 -0.0367300808429718 0.09370847791433334
v 0.23201590776443481 -0.2001902461051941 0.10392554104328156
v 0.19395595788955688 -0.0732736587524414 0.10315711796283722
v 0.17020121216773987 -0.03202176094055176 0.08966313302516937
v 0.1807493418455124 -0.03429530933499336 0.09006946533918381
v 0.2284385859966278 -0.23598140478134155 0.1034640446305275
v 0.22827985882759094 -0.24356815218925476 0.10281703621149063
v 0.18430018424987793 -0.033772386610507965 0.08802949637174606
v 0.023288104683160782 0.025565773248672485 0.1845543533563614
v 0.02639077603816986 0.01156067568808794 0.1840985268354416
v 0.026072856038808823 0.010479161515831947 0.1811002492904663
v 0.021995434537529945 0.024364950135350227 0.19053366780281067
v 0.028666794300079346 -0.0006108645466156304 0.18478737771511078
v 0.024638965725898743 -0.002468931255862117 0.1901838481426239
v 0.029699454084038734 -0.012897485867142677 0.18842147290706635
v 0.026303209364414215 -0.018736455589532852 0.19266563653945923
v 0.030822880566120148 0.00953642837703228 0.181263267993927
v 0.010159838944673538 0.024393213912844658 0.1932694911956787
v -0.00020232157839927822 0.003402427304536104 0.19412899017333984
v 0.01234103087335825 0.0009464244358241558 0.19334067404270172
v -0.0024003104772418737 0.024152034893631935 0.19372187554836273
v -0.0024472654331475496 -0.016276128590106964 0.19549989700317383
v 0.014355646446347237 -0.01941967010498047 0.19525258243083954
v -0.011641165241599083 0.0012690684525296092 0.193178191781044
v -0.02510922960937023 -0.01564742997288704 0.19437821209430695
v -0.02733703888952732 0.00973705854266882 0.18942566215991974
v -0.023713456466794014 0.025696242228150368 0.18947000801563263
v -0.027605362236499786 0.02136441506445408 0.18912860751152039
v -0.02530449815094471 -0.009690987877547741 0.192637100815773
v -0.028462961316108704 -0.009341172873973846 0.19300013780593872
v 0.020900938659906387 -0.0013523467350751162 0.19191084802150726
v -0.02983781322836876 -0.018605535849928856 0.19610455632209778
v -0.006631216965615749 -0.01750883087515831 0.19634348154067993
v -0.03303057327866554 -0.019645337015390396 0.19927512109279633
v -0.030268466100096703 0.024985911324620247 0.19303356111049652
v -0.0259591955691576 0.02770230732858181 0.1891726851463318
v -0.028258245438337326 0.02901989035308361 0.18871435523033142
v -0.031058933585882187 0.000542975147254765 0.19734758138656616
v -0.03287964314222336 0.03480388969182968 0.1940455287694931
v -0.03030858188867569 0.003706335322931409 0.1950896829366684
v 0.13303866982460022 0.11798921972513199 0.12727797031402588
v 0.13242073357105255 0.1150205060839653 0.122280053794384
v 0.1346055120229721 0.11561742424964905 0.1252300888299942
v 0.1378333568572998 0.11611085385084152 0.1308281123638153
v 0.1304248571395874 0.12333502620458603 0.12754304707050323
v 0.13016347587108612 0.12775810062885284 0.12030933052301407
v 0.13055025041103363 0.11190393567085266 0.11957509070634842
v 0.13316239416599274 0.1063295379281044 0.11971060186624527
v 0.1300751119852066 0.1182047501206398 0.13270847499370575
v 0.1337355077266693 0.23945452272891998 -0.07948839664459229
v 0.13560175895690918 0.24420125782489777 -0.06948500871658325
v 0.12996897101402283 0.23959150910377502 -0.06907731294631958
v 0.13011473417282104 0.23523730039596558 -0.08214189112186432
v 0.1282881200313568 0.22780399024486542 -0.09564729779958725
v 0.1291859745979309 0.2407924085855484 -0.05290492996573448
v 0.13531149923801422 0.24173244833946228 -0.017925536260008812
v -0.07311352342367172 0.28276607394218445 -0.047621894627809525
v -0.07312634587287903 0.27977707982063293 -0.027615129947662354
v -0.07104511559009552 0.28020337224006653 -0.05119383707642555
v -0.07011591643095016 0.2813695967197418 -0.05567970126867294
v -0.07849646359682083 0.28077876567840576 -0.011452008970081806
v -0.07575573027133942 0.2757563591003418 0.001971906516700983
v -0.07393006980419159 0.28352341055870056 -0.05958598107099533
v -0.0662505179643631 0.27973437309265137 -0.07079838216304779
v -0.08113587647676468 0.2774707078933716 0.002770267892628908
v -0.07651069015264511 0.2692728340625763 0.025414008647203445
v -0.07377961277961731 0.26976799964904785 0.011567726731300354
v -0.0731736570596695 0.25998666882514954 0.03289308398962021
v -0.07729549705982208 0.26162752509117126 0.04319508746266365
v -0.07225608825683594 0.2522374987602234 0.045592300593853
v -0.07385319471359253 0.27469873428344727 -0.008804568089544773
v -0.07280655205249786 0.24271532893180847 0.0644938200712204
v -0.06383580714464188 0.272823303937912 -0.07160140573978424
v -0.07637113332748413 0.24934634566307068 0.06223991885781288
v -0.0719819888472557 0.23814913630485535 0.062474798411130905
v -0.07071777433156967 0.22751963138580322 0.07264542579650879
v -0.07156143337488174 0.22828322649002075 0.08336181938648224
v -0.06800904124975204 0.2029661238193512 0.09482356160879135
v -0.07084225118160248 0.21498027443885803 0.09618307650089264
v -0.07066293060779572 0.20607444643974304 0.10742942988872528
v -0.0687844455242157 0.19917286932468414 0.10943532735109329
v -0.06697067618370056 0.19230318069458008 0.09953797608613968
v -0.0669146478176117 0.1899120956659317 0.10951324552297592
v -0.06596995145082474 0.18754780292510986 0.0990234985947609
v -0.07312806695699692 0.20746463537216187 0.11540710926055908
v -0.0560251884162426 0.2665426731109619 -0.08427447825670242
v -0.067636638879776 0.20053419470787048 0.11356079578399658
v -0.06812194734811783 0.2017299234867096 0.11984948068857193
v -0.07490889728069305 0.26808860898017883 0.0023705216590315104
v -0.07416334748268127 0.27458900213241577 -0.03165045008063316
v -0.06910503655672073 0.2051612138748169 0.08972303569316864
v -0.0684129074215889 0.1965959668159485 0.09501953423023224
v -0.07297680526971817 0.2752625346183777 -0.053035520017147064
v -0.07434886693954468 0.2364232838153839 0.05800553411245346
v 0.07494577020406723 0.12262053787708282 -0.16989995539188385
v 0.07493650913238525 0.11684263497591019 -0.16191163659095764
v 0.08206348866224289 0.12064223736524582 -0.1710827350616455
v 0.07172973453998566 0.11998160183429718 -0.16529597342014313
v 0.08703089505434036 0.111504927277565 -0.16466271877288818
v 0.09349043667316437 0.10127588361501694 -0.1629428267478943
v 0.09153642505407333 0.10827496647834778 -0.16990943253040314
v 0.09889627993106842 0.09614937752485275 -0.1706320196390152
v 0.09729253500699997 0.09243157505989075 -0.16419678926467896
v 0.10201643407344818 0.08940297365188599 -0.17349395155906677
v 0.09972991794347763 0.08526158332824707 -0.16568465530872345
v 0.10287617146968842 0.08349408209323883 -0.17556503415107727
v 0.1011560708284378 0.08069940656423569 -0.17148339748382568
v 0.07249043881893158 0.12371935695409775 -0.1785205602645874
v 0.0005059419199824333 -0.013920964673161507 0.2264377921819687
v 0.0009669662686064839 -0.027388397604227066 0.22483552992343903
v -0.0008834620821289718 -0.017378658056259155 0.22110170125961304
v 0.0011415054323151708 -0.02899016998708248 0.21959389746189117
v -0.0038305409252643585 -0.013996059074997902 0.2192508429288864
v -0.0008991978829726577 -0.03339380770921707 0.21500378847122192
v -0.0008747185347601771 -0.01597505435347557 0.23046176135540009
v -0.0003998886968474835 -0.02871590666472912 0.23025570809841156
v 0.07472945749759674 0.1251736581325531 -0.1734236478805542
v 0.08007755875587463 0.13042844831943512 -0.16717807948589325
v 0.07494577020406723 0.12262053787708282 -0.16989995539188385
v 0.07249043881893158 0.12371935695409775 -0.1785205602645874
v 0.07397374510765076 0.12628185749053955 -0.16223794221878052
v 0.08414001017808914 0.13668298721313477 -0.16284988820552826
v 0.07172973453998566 0.11998160183429718 -0.16529597342014313
v 0.13817663490772247 0.2326166033744812 0.029774662107229233
v 0.14011703431606293 0.21751125156879425 0.059573832899332047
v 0.138840451836586 0.2203136682510376 0.051394280046224594
v 0.13842076063156128 0.21048492193222046 0.06353436410427094
v 0.13966575264930725 0.20212383568286896 0.0741727277636528
v 0.14125987887382507 0.20509299635887146 0.07527242600917816
v 0.13847583532333374 0.2299705594778061 0.030775900930166245
v 0.13781656324863434 0.23825743794441223 0.004971496760845184
v 0.03231613710522652 0.10693008452653885 -0.17701594531536102
v 0.02369413524866104 0.10837318748235703 -0.18351006507873535
v 0.01673203334212303 0.10503454506397247 -0.1826195865869522
v 0.03614678233861923 0.10911229997873306 -0.17995357513427734
v 0.044253647327423096 0.10903139412403107 -0.1739984154701233
v 0.04925866797566414 0.1126161441206932 -0.17491236329078674
v 0.05798811838030815 0.1112561747431755 -0.16954930126667023
v 0.005271811969578266 0.10678759962320328 -0.18612295389175415
v 0.0002640931634232402 0.10544031858444214 -0.18409374356269836
v -0.018195774406194687 0.10874568670988083 -0.18328233063220978
v -0.043749693781137466 0.043527405709028244 -0.19816432893276215
v -0.04992561414837837 0.03844055160880089 -0.1963176131248474
v -0.05971281975507736 0.03601374104619026 -0.1986544132232666
v -0.06110774353146553 0.03374448046088219 -0.19293422996997833
v -0.044385381042957306 0.04222262278199196 -0.19302792847156525
v -0.03851470351219177 0.05084262415766716 -0.1988024264574051
v -0.0629313588142395 0.03154291957616806 -0.20035451650619507
v -0.06406696885824203 0.029456745833158493 -0.197736918926239
v -0.03714950382709503 0.05327214300632477 -0.19700318574905396
v -0.06679672002792358 0.023850850760936737 -0.19941289722919464
v -0.03711922839283943 0.057369332760572433 -0.19322466850280762
v -0.03297707810997963 0.06196345388889313 -0.19688251614570618
v -0.03255097568035126 0.06678159534931183 -0.19139371812343597
v 0.17484648525714874 -0.1665327399969101 0.12694118916988373
v 0.17757278680801392 -0.1653434783220291 0.12103002518415451
v 0.17757461965084076 -0.16499146819114685 0.12651240825653076
v 0.17253662645816803 -0.16727979481220245 0.10687655210494995
v 0.16904474794864655 -0.1643824726343155 0.14524628221988678
v 0.1384546458721161 -0.16162776947021484 0.20349757373332977
v 0.15053987503051758 -0.16378352046012878 0.18741440773010254
v 0.14550282061100006 -0.16237683594226837 0.20427550375461578
v 0.1433582603931427 -0.160756453871727 0.18323594331741333
v 0.1533389687538147 -0.1639321744441986 0.17546986043453217
v 0.14677169919013977 -0.16365554928779602 0.1913597732782364
v 0.14832866191864014 -0.1614122837781906 0.16601864993572235
v 0.15637646615505219 -0.16251562535762787 0.1579390913248062
v 0.13338883221149445 -0.159676656126976 0.19687718152999878
v 0.11614299565553665 -0.1581750214099884 0.21558493375778198
v 0.15888001024723053 -0.1646396517753601 0.17186419665813446
v 0.10804825276136398 -0.15832281112670898 0.23386958241462708
v 0.16054201126098633 -0.16218535602092743 0.1399497538805008
v 0.16299009323120117 -0.16451364755630493 0.15291285514831543
v 0.15561407804489136 -0.16121569275856018 0.13059532642364502
v 0.16974101960659027 -0.1656050831079483 0.13719983398914337
v 0.16694548726081848 -0.1654001921415329 0.1204749122262001
v 0.15645383298397064 -0.16444800794124603 0.10931806266307831
v 0.11208941042423248 -0.15835979580879211 0.23575638234615326
v 0.16029374301433563 -0.1673574447631836 0.10183798521757126
v 0.1650090515613556 -0.16893932223320007 0.09794172644615173
v 0.16282105445861816 -0.16414056718349457 0.16492053866386414
v 0.1673438549041748 -0.16852402687072754 0.0942399725317955
v 0.16023938357830048 -0.17221052944660187 0.08850940316915512
v 0.13431920111179352 -0.16002269089221954 0.21614287793636322
v -0.03000279888510704 -0.15757977962493896 0.20822377502918243
v -0.0023375723976641893 -0.15741600096225739 0.2153140753507614
v -0.034016091376543045 -0.15702718496322632 0.22209857404232025
v 0.032365698367357254 -0.1572139412164688 0.21543270349502563
v 0.03143605962395668 -0.1570502668619156 0.22255516052246094
v 0.0000643314269836992 -0.15722054243087769 0.22299766540527344
v 0.060696303844451904 -0.1573673039674759 0.22441060841083527
v 0.06962618976831436 -0.1576618254184723 0.21465006470680237
v 0.09089598804712296 -0.15824636816978455 0.21821779012680054
v 0.08209970593452454 -0.1601313054561615 0.19669492542743683
v 0.03945833444595337 -0.1601930856704712 0.19503237307071686
v 0.06999245285987854 -0.16143465042114258 0.1798635572195053
v 0.06056996062397957 -0.16320471465587616 0.16178317368030548
v 0.02037389762699604 -0.16307951509952545 0.16672459244728088
v 0.1158323734998703 -0.15988096594810486 0.19494962692260742
v -0.005035570356994867 -0.1633434295654297 0.17063085734844208
v 0.00008475402864860371 -0.16069072484970093 0.19528526067733765
v -0.04438043758273125 -0.16192008554935455 0.17783260345458984
v -0.04262103885412216 -0.16313830018043518 0.16604487597942352
v -0.032269034534692764 -0.16004276275634766 0.1939353048801422
v -0.059706300497055054 -0.1596536487340927 0.19584043323993683
v 0.1269511729478836 -0.1609017550945282 0.1762348860502243
v -0.07649887353181839 -0.16050168871879578 0.1758364588022232
v -0.08775011450052261 -0.160485178232193 0.16974805295467377
v 0.11770375072956085 -0.16092997789382935 0.16978830099105835
v -0.08942963927984238 -0.16057953238487244 0.1875641942024231
v -0.0762941837310791 -0.15975674986839294 0.1963832527399063
v 0.10473847389221191 -0.16090618073940277 0.14312124252319336
v 0.13888603448867798 -0.16058635711669922 0.15801787376403809
v 0.08532296866178513 -0.1612032949924469 0.16900910437107086
v 0.08105205744504929 -0.16088451445102692 0.15796270966529846
v 0.09559190273284912 -0.16070294380187988 0.15094546973705292
v -0.09655212610960007 -0.16121849417686462 0.1836162954568863
v -0.048123862594366074 -0.1559991091489792 0.20661547780036926
v -0.04455015808343887 -0.1563093662261963 0.23027446866035461
v -0.06703145056962967 -0.15537047386169434 0.22638706862926483
v -0.06745543330907822 -0.1555485725402832 0.2036532312631607
v 0.09381978958845139 -0.15869355201721191 0.2291148453950882
v 0.12459784746170044 -0.1609472632408142 0.1350555568933487
v 0.1112835705280304 -0.16068416833877563 0.1425897479057312
v 0.14650985598564148 -0.16166800260543823 0.12611554563045502
v 0.08425285667181015 -0.15915414690971375 0.2321079522371292
v -0.09924443066120148 -0.1623327136039734 0.16544969379901886
v -0.10087277740240097 -0.1612938791513443 0.18152272701263428
v -0.03442669287323952 -0.15787704288959503 0.2303961217403412
v -0.008319279178977013 -0.15830910205841064 0.23329302668571472
v -0.037582848221063614 -0.1571453958749771 0.2326182723045349
v 0.04189414903521538 -0.16360528767108917 0.1622786521911621
v 0.06871301680803299 -0.15878845751285553 0.2326110303401947
v 0.02720896154642105 -0.1585806906223297 0.23246772587299347
v 0.012214940041303635 -0.15830771625041962 0.23215524852275848
v -0.002368622226640582 -0.15858544409275055 0.23270055651664734
v 0.03361200913786888 -0.15908277034759521 0.23217704892158508
v -0.11093040555715561 -0.16403312981128693 0.1795491874217987
v -0.1161981001496315 -0.16445134580135345 0.17384254932403564
v -0.11569986492395401 -0.16571161150932312 0.16451339423656464
v -0.12421397119760513 -0.16594670712947845 0.1633482128381729
v -0.117152638733387 -0.1673053503036499 0.15081609785556793
v -0.12640927731990814 -0.167878657579422 0.14866162836551666
v -0.11034829914569855 -0.1673993170261383 0.14788810908794403
v -0.11502262949943542 -0.16908708214759827 0.13945676386356354
v -0.10674973577260971 -0.16873279213905334 0.15368016064167023
v -0.07148429751396179 -0.1626025140285492 0.16480417549610138
v -0.016956999897956848 -0.15709371864795685 0.23253829777240753
v -0.10012213885784149 -0.16910628974437714 0.1474304050207138
v -0.092452272772789 -0.16787047684192657 0.15118767321109772
v -0.09593044221401215 -0.16864672303199768 0.15714484453201294
v -0.08554928749799728 -0.16804444789886475 0.1568797528743744
v -0.10553738474845886 -0.1614106297492981 0.18505088984966278
v -0.06384461373090744 -0.15462760627269745 0.2294907122850418
v -0.13203132152557373 -0.1656951904296875 0.15314844250679016
v 0.14373421669006348 -0.16511064767837524 0.1162450909614563
v 0.13793745636940002 -0.1644802838563919 0.12298093736171722
v -0.12239383161067963 -0.16706582903862 0.136493518948555
v -0.12905526161193848 -0.16691409051418304 0.1444953829050064
v -0.117563396692276 -0.1704999804496765 0.12281280010938644
v -0.10205850750207901 -0.17173227667808533 0.14119581878185272
v -0.05923585221171379 -0.16398492455482483 0.16279593110084534
v 0.11307230591773987 -0.16332553327083588 0.1367553025484085
v 0.0657230019569397 -0.16357216238975525 0.15874497592449188
v 0.0762610137462616 -0.1630554497241974 0.15535959601402283
v 0.08391901105642319 -0.16281549632549286 0.1521676927804947
v -0.12453392893075943 -0.16713526844978333 0.12798495590686798
v -0.12737740576267242 -0.1671253740787506 0.1335584819316864
v -0.13423503935337067 -0.16647504270076752 0.12011675536632538
v -0.12707838416099548 -0.1698250025510788 0.11410009115934372
v -0.13018818199634552 -0.16919395327568054 0.14166367053985596
v -0.13943283259868622 -0.1688033938407898 0.130939781665802
v -0.13327175378799438 -0.16895821690559387 0.14229075610637665
v -0.13833698630332947 -0.16546358168125153 0.11443411558866501
v -0.1353459358215332 -0.16557088494300842 0.11158324778079987
v -0.14330780506134033 -0.1652982383966446 0.10591737926006317
v -0.1366766095161438 -0.17030373215675354 0.1012515276670456
v -0.1442047506570816 -0.16962215304374695 0.099403016269207
v -0.1422080546617508 -0.17133651673793793 0.09437340497970581
v -0.1509282886981964 -0.1709413379430771 0.08833973109722137
v -0.1529635488986969 -0.16910427808761597 0.09372711181640625
v -0.15086688101291656 -0.16926097869873047 0.10767599940299988
v -0.1598132848739624 -0.1692458838224411 0.09672608971595764
v -0.15106649696826935 -0.1690836250782013 0.11282124370336533
v -0.1524513214826584 -0.17117489874362946 0.07538530230522156
v -0.16652846336364746 -0.16914014518260956 0.08289635926485062
v -0.14937715232372284 -0.17236152291297913 0.08228160440921783
v -0.1690066009759903 -0.16801008582115173 0.07404594123363495
v -0.15238285064697266 -0.17015574872493744 0.06820715218782425
v -0.06955897808074951 -0.15446601808071136 0.21824313700199127
v 0.12999869883060455 -0.16357211768627167 0.127842515707016
v 0.12280422449111938 -0.163288876414299 0.13138717412948608
v -0.16903983056545258 -0.16476860642433167 0.06403087824583054
v -0.15542545914649963 -0.1673308163881302 0.06106710433959961
v -0.16693103313446045 -0.16575592756271362 0.039790455251932144
v -0.15239188075065613 -0.16708217561244965 0.0434405691921711
v -0.14859768748283386 -0.16780589520931244 0.05461081117391586
v -0.17715425789356232 -0.16409750282764435 0.037753671407699585
v -0.18642516434192657 -0.16160593926906586 0.060070812702178955
v -0.1887059062719345 -0.16280683875083923 0.0372203066945076
v -0.20932628214359283 -0.1613149493932724 0.04576181620359421
v -0.19148820638656616 -0.16203390061855316 0.0780792161822319
v -0.22075015306472778 -0.16172730922698975 0.046191148459911346
v -0.21786141395568848 -0.1613466441631317 0.03647005185484886
v -0.1974160522222519 -0.16211828589439392 0.01710917055606842
v -0.22317996621131897 -0.1613907814025879 0.02478024736046791
v -0.20041294395923615 -0.1615900844335556 0.009081856347620487
v -0.1890752613544464 -0.16261394321918488 0.03394545242190361
v -0.171009361743927 -0.16342520713806152 0.06875491142272949
v -0.1859278380870819 -0.16246210038661957 0.03619462996721268
v -0.20655007660388947 -0.1613607108592987 0.06554503738880157
v -0.17106693983078003 -0.1650630086660385 0.07798866927623749
v -0.21259759366512299 -0.1611364632844925 0.015804758295416832
v -0.1813383847475052 -0.16246111690998077 0.08049644529819489
v -0.2232075035572052 -0.16063469648361206 0.02240714058279991
v 0.09221309423446655 -0.1633947491645813 0.14753776788711548
v 0.10052256286144257 -0.1631595641374588 0.14328120648860931
v -0.08721261471509933 -0.17206238210201263 0.14973506331443787
v -0.1268489956855774 -0.16498886048793793 0.1621837168931961
v -0.08203963190317154 -0.17201824486255646 0.1529533714056015
v -0.17475368082523346 -0.16270869970321655 0.08069474250078201
v 0.03305596858263016 -0.15627934038639069 0.23563385009765625
v 0.051550496369600296 -0.1553238034248352 0.2354363650083542
v -0.2210521101951599 -0.16017977893352509 0.048881854861974716
v -0.039391957223415375 -0.1539643257856369 0.234734907746315
v -0.10013598948717117 -0.15782670676708221 0.18309898674488068
v -0.039978526532649994 -0.05751606076955795 0.22165681421756744
v -0.037891581654548645 -0.07943212240934372 0.22329406440258026
v -0.03675178810954094 -0.06451504677534103 0.22254015505313873
v -0.03546931967139244 -0.06407447904348373 0.2290893942117691
v -0.03393545374274254 -0.04922672361135483 0.22189851105213165
v -0.03278537839651108 -0.04967338219285011 0.22901728749275208
v -0.0372510589659214 -0.08165322989225388 0.22603772580623627
v -0.03736947104334831 -0.12226284295320511 0.23009006679058075
v -0.03809414058923721 -0.11902964860200882 0.22779782116413116
v -0.039072491228580475 -0.1306735724210739 0.22874930500984192
v -0.035425182431936264 -0.12375558167695999 0.23212751746177673
v -0.034037474542856216 -0.09051728993654251 0.23176920413970947
v -0.0376969575881958 -0.14382994174957275 0.23268097639083862
v -0.0386892706155777 -0.05417688190937042 0.2182491272687912
v -0.035812895745038986 -0.04793105274438858 0.21457606554031372
v -0.041114866733551025 -0.1435660719871521 0.2299438714981079
v -0.033881694078445435 -0.0715169683098793 0.2307356595993042
v -0.039933186024427414 -0.08156149089336395 0.22514721751213074
v 0.17996343970298767 -0.1778009831905365 0.04843290522694588
v 0.17061257362365723 -0.17796775698661804 0.05943284556269646
v 0.1718355417251587 -0.17985472083091736 0.05324248597025871
v 0.16630807518959045 -0.1798275262117386 0.06192973256111145
v 0.16670241951942444 -0.17798969149589539 0.06666874885559082
v 0.1718767136335373 -0.18012577295303345 0.04958139359951019
v 0.17707224190235138 -0.18176010251045227 0.04223209246993065
v 0.16219818592071533 -0.18200348317623138 0.07583919167518616
v 0.17731380462646484 -0.09725385159254074 0.08824222534894943
v 0.1805550456047058 -0.10025069862604141 0.08733384311199188
v 0.1791730374097824 -0.08652026206254959 0.09334414452314377
v 0.17293857038021088 -0.0851050317287445 0.09201064705848694
v 0.17581410706043243 -0.10708162933588028 0.08221853524446487
v 0.18117797374725342 -0.10865176469087601 0.08164998888969421
v 0.18092189729213715 -0.11586008965969086 0.07739140093326569
v 0.1733189821243286 -0.09806767851114273 0.08827214688062668
v 0.17657530307769775 -0.11826718598604202 0.07717821002006531
v 0.1804697960615158 -0.1234254240989685 0.07355471700429916
v 0.17249250411987305 -0.130856454372406 0.07589608430862427
v 0.17603547871112823 -0.13099490106105804 0.0717657059431076
v 0.1723218560218811 -0.16114823520183563 0.06571334600448608
v 0.18151208758354187 -0.14692072570323944 0.06242579221725464
v 0.1819395124912262 -0.15564122796058655 0.058969683945178986
v 0.18160411715507507 -0.1645040065050125 0.0542287640273571
v 0.17051014304161072 -0.09550963342189789 0.09263674914836884
v 0.17197205126285553 -0.11945375055074692 0.08298930525779724
v 0.16716477274894714 -0.1593339741230011 0.0744151771068573
v 0.1683686226606369 -0.14382408559322357 0.07946959137916565
v 0.16297003626823425 -0.16954290866851807 0.0782870352268219
v 0.16016213595867157 -0.17485389113426208 0.08477765321731567
v 0.15836355090141296 -0.18235677480697632 0.08232134580612183
v 0.15683647990226746 -0.17434383928775787 0.08816014230251312
v 0.16829703748226166 -0.12186070531606674 0.09555883705615997
v 0.16826465725898743 -0.07807254046201706 0.09747058898210526
v 0.16338878870010376 -0.0950036346912384 0.10953627526760101
v 0.16283060610294342 -0.05381603166460991 0.10880535840988159
v 0.16960853338241577 -0.06433162838220596 0.09368010610342026
v 0.1659681797027588 -0.0469651073217392 0.09715230762958527
v 0.16979852318763733 -0.05275309458374977 0.09387840330600739
v 0.16912247240543365 -0.04356881231069565 0.09456578642129898
v 0.1583195924758911 -0.03462447226047516 0.11173317581415176
v 0.1671127825975418 -0.0367300808429718 0.09370847791433334
v 0.16640877723693848 -0.017260568216443062 0.09097539633512497
v 0.17020121216773987 -0.03202176094055176 0.08966313302516937
v 0.16256766021251678 -0.1703476756811142 0.0861615240573883
v 0.17669972777366638 -0.015153315849602222 0.08910319954156876
v 0.1687401980161667 -0.005014989525079727 0.08912672102451324
v 0.18430018424987793 -0.033772386610507965 0.08802949637174606
v 0.19288410246372223 -0.027189476415514946 0.0873340368270874
v 0.1779889613389969 -0.00263784546405077 0.08849964290857315
v 0.189365953207016 -0.005833493545651436 0.08751881122589111
v 0.16435831785202026 -0.1161915510892868 0.10910317301750183
v 0.16664135456085205 -0.1311284750699997 0.11023356020450592
v 0.16533327102661133 -0.1285596489906311 0.10585947334766388
v 0.17077164351940155 -0.15755459666252136 0.10652725398540497
v 0.16864481568336487 -0.15285436809062958 0.10072280466556549
v 0.17253662645816803 -0.16727979481220245 0.10687655210494995
v 0.17757278680801392 -0.1653434783220291 0.12103002518415451
v 0.17292346060276031 -0.151199609041214 0.11303742974996567
v 0.1673438549041748 -0.16852402687072754 0.0942399725317955
v 0.17683996260166168 -0.13370974361896515 0.12155889719724655
v 0.17895744740962982 -0.14774459600448608 0.1266937255859375
v 0.16791890561580658 -0.12305232882499695 0.11330539733171463
v 0.16344387829303741 -0.10459290444850922 0.1119396984577179
v 0.18097099661827087 -0.11939678341150284 0.12905561923980713
v 0.17935533821582794 -0.11294493824243546 0.12541832029819489
v 0.17404477298259735 -0.10422846674919128 0.11931183189153671
v 0.17956863343715668 -0.05930408835411072 0.12619590759277344
v 0.18220193684101105 -0.058752886950969696 0.13188323378562927
v 0.1815280020236969 -0.03274860233068466 0.13115471601486206
v 0.1771962195634842 -0.035867899656295776 0.12644881010055542
v 0.1735880970954895 -0.06121590733528137 0.12047979980707169
v 0.16473785042762756 -0.03836195915937424 0.11724569648504257
v 0.16390638053417206 -0.05831597372889519 0.11425497382879257
v 0.1623668372631073 -0.04263724014163017 0.11437863856554031
v 0.1655697524547577 -0.0970335602760315 0.11478241533041
v 0.16341343522071838 -0.0776604413986206 0.11430960148572922
v 0.16686776280403137 -0.15064436197280884 0.08612780272960663
v 0.16803418099880219 -0.13533876836299896 0.09219184517860413
v 0.16455994546413422 -0.1627042442560196 0.08427457511425018
v 0.18175964057445526 -0.026813901960849762 0.1356249749660492
v 0.17757461965084076 -0.16499146819114685 0.12651240825653076
v 0.18019597232341766 -0.06079034134745598 0.14250120520591736
v 0.1767839640378952 -0.027483761310577393 0.15607428550720215
v 0.17652380466461182 -0.11028236150741577 0.14759960770606995
v 0.1758115142583847 -0.0700519010424614 0.15592367947101593
v 0.17627109587192535 -0.13120760023593903 0.13961423933506012
v 0.1712692230939865 -0.12598609924316406 0.15827764570713043
v 0.17320804297924042 -0.09256111085414886 0.1591416895389557
v 0.16678281128406525 -0.14014717936515808 0.16244912147521973
v 0.17077194154262543 -0.14952673017978668 0.14470158517360687
v 0.16282105445861816 -0.16414056718349457 0.16492053866386414
v 0.16904474794864655 -0.1643824726343155 0.14524628221988678
v 0.16795574128627777 -0.04815010726451874 0.1727636605501175
v 0.16487157344818115 -0.07230883836746216 0.17631980776786804
v 0.17436771094799042 -0.026715120300650597 0.16037233173847198
v 0.16439557075500488 -0.026457924395799637 0.17799055576324463
v 0.15888001024723053 -0.1646396517753601 0.17186419665813446
v 0.15432684123516083 -0.1268458068370819 0.18605178594589233
v 0.15053987503051758 -0.16378352046012878 0.18741440773010254
v 0.14550282061100006 -0.16237683594226837 0.20427550375461578
v 0.14666640758514404 -0.12843318283557892 0.2044999748468399
v 0.15394440293312073 -0.1013515442609787 0.18891088664531708
v 0.14509716629981995 -0.08472605794668198 0.20710982382297516
v 0.15718279778957367 -0.09028360247612 0.18608562648296356
v 0.15730462968349457 -0.04696783050894737 0.1902906894683838
v 0.1538897305727005 -0.02625817060470581 0.19365261495113373
v 0.14505985379219055 -0.053014785051345825 0.20765148103237152
v 0.14134550094604492 -0.02673875167965889 0.2092517614364624
v 0.1377720981836319 -0.1005273386836052 0.21511366963386536
v 0.13431920111179352 -0.16002269089221954 0.21614287793636322
v 0.13012467324733734 -0.08073215931653976 0.22266247868537903
v 0.13047602772712708 -0.04570270702242851 0.2214956134557724
v 0.1301407516002655 -0.1272277534008026 0.22131973505020142
v 0.11208941042423248 -0.15835979580879211 0.23575638234615326
v 0.1118864044547081 -0.1394108533859253 0.23572246730327606
v 0.11741316318511963 -0.027651024982333183 0.22916460037231445
v 0.11413996666669846 -0.0818580761551857 0.23505906760692596
v 0.11171139031648636 -0.05933656170964241 0.23626108467578888
v 0.1119077280163765 -0.03882821276783943 0.23492752015590668
v 0.17518815398216248 -0.01990385912358761 0.14007851481437683
v 0.11161290109157562 -0.028120502829551697 0.23311682045459747
v 0.1665588915348053 -0.019508637487888336 0.16141879558563232
v 0.13748608529567719 -0.020305363461375237 0.2051772177219391
v 0.17358307540416718 -0.015577290207147598 0.006308035925030708
v 0.17427252233028412 -0.015391707420349121 0.02892850711941719
v 0.1763983964920044 -0.015217643231153488 0.022751478478312492
v 0.1768319010734558 -0.016436155885457993 0.008670446462929249
v 0.17547295987606049 -0.02046656422317028 0.051473021507263184
v 0.17491839826107025 -0.017827633768320084 0.06506062299013138
v 0.17926856875419617 -0.024112911894917488 0.06429567188024521
v 0.17337913811206818 -0.013457301072776318 0.06160783767700195
v 0.17097684741020203 -0.0072420695796608925 0.06837276369333267
v 0.17057354748249054 -0.005035557318478823 0.05108461529016495
v 0.17158468067646027 -0.006509681232273579 0.01875182054936886
v 0.17468151450157166 -0.018143117427825928 0.039403654634952545
v 0.17007409036159515 -0.006353201810270548 -0.004559424705803394
v 0.17474104464054108 -0.018143415451049805 0.0027153051923960447
v 0.1675223559141159 -0.0005082226707600057 0.07162422686815262
v 0.16898435354232788 -0.011697647161781788 -0.017863072454929352
v 0.17224250733852386 -0.021339217200875282 -0.014361599460244179
v 0.17057070136070251 -0.018589626997709274 -0.024876438081264496
v 0.1668589562177658 -0.011153114959597588 -0.03538557142019272
v 0.17524394392967224 -0.026848940178751945 -0.008771552704274654
v 0.17391513288021088 -0.028588425368070602 -0.017287982627749443
v 0.1706496775150299 -0.017478682100772858 -0.04238966479897499
v 0.16956090927124023 -0.013269176706671715 -0.06514319032430649
v 0.17074328660964966 -0.016905253753066063 -0.05819160118699074
v 0.1682816743850708 -0.014081398956477642 -0.0852096825838089
v 0.1712043434381485 -0.02736004814505577 -0.021662557497620583
v 0.1659485101699829 -0.007940410636365414 -0.06805712729692459
v 0.16292068362236023 -0.004052301868796349 -0.08916820585727692
v 0.1652514934539795 -0.010058568790555 -0.10488022118806839
v 0.16109620034694672 0.00040855497354641557 -0.113530732691288
v 0.1626020073890686 -0.000587725080549717 -0.11874543130397797
v 0.16355687379837036 -0.007400209084153175 -0.11436443030834198
v 0.1673886626958847 -0.0001324927288806066 0.016871729865670204
v 0.16861210763454437 -0.003324758494272828 0.005854329094290733
v 0.16516751050949097 0.0025858632288873196 0.029638629406690598
v 0.15546537935733795 0.012091072276234627 -0.13099293410778046
v 0.1542428731918335 0.009330036118626595 -0.13633400201797485
v 0.14937183260917664 0.0212356336414814 -0.1428942233324051
v 0.1439836323261261 0.03028305619955063 -0.14793150126934052
v 0.14263789355754852 0.03327757492661476 -0.15259230136871338
v 0.1582460254430771 0.009045626036822796 0.050339069217443466
v 0.1614508330821991 0.006206351798027754 0.041162922978401184
v 0.15636052191257477 0.011552892625331879 0.06440311670303345
v 0.15592852234840393 0.013770049437880516 0.07606121897697449
v 0.15707530081272125 0.011380815878510475 0.08901015669107437
v 0.16636234521865845 -0.0020733114797621965 0.0875028595328331
v 0.15308915078639984 0.016336165368556976 0.08624672144651413
v 0.15271736681461334 0.01118204090744257 0.10354411602020264
v 0.14596907794475555 0.02164999023079872 0.09711963683366776
v 0.13277824223041534 0.04647953808307648 -0.1591089516878128
v 0.14346995949745178 0.0171241145581007 0.11450175940990448
v 0.13921114802360535 0.02590722218155861 0.10436610132455826
v 0.1315975934267044 0.0497545525431633 -0.1634368896484375
v 0.13463006913661957 0.021505964919924736 0.12376746535301208
v 0.13346198201179504 0.027270521968603134 0.11271937191486359
v 0.12788116931915283 0.024656809866428375 0.13016429543495178
v 0.1355847269296646 0.028642823919653893 0.10713626444339752
v 0.12498480081558228 0.02955746278166771 0.1224675104022026
v 0.11914506554603577 0.02999652922153473 0.13083891570568085
v 0.11125846207141876 0.02882974036037922 0.1456831693649292
v 0.17794406414031982 -0.029251117259263992 -0.012675062753260136
v 0.17966285347938538 -0.029347959905862808 -0.015818879008293152
v 0.1785343438386917 -0.033225759863853455 -0.022168658673763275
v 0.17962230741977692 -0.02199625037610531 -0.00025590279255993664
v 0.18308885395526886 -0.029294241219758987 -0.0024736463092267513
v 0.1831258088350296 -0.03976386412978172 -0.006957505829632282
v 0.19276924431324005 -0.0350978821516037 0.006105253007262945
v 0.19314664602279663 -0.023209452629089355 0.009657063521444798
v 0.18726664781570435 -0.01640981249511242 0.007552586495876312
v -0.12741714715957642 0.04579246789216995 0.13085192441940308
v -0.12620072066783905 0.04413045570254326 0.1256384700536728
v -0.12811598181724548 0.045004550367593765 0.13399560749530792
v -0.12895351648330688 0.06088274344801903 0.13334982097148895
v -0.1259855180978775 0.06875307857990265 0.12763799726963043
v -0.13007675111293793 0.08166670799255371 0.1307942420244217
v -0.13049384951591492 0.1005728617310524 0.1278546154499054
v -0.1312270164489746 0.11680293083190918 0.12518548965454102
v -0.12515361607074738 0.09382117539644241 0.12260343879461288
v -0.12556399405002594 0.10480803996324539 0.12107305228710175
v -0.1258787363767624 0.11982359737157822 0.11773889511823654
v -0.13287489116191864 0.14196336269378662 0.11991158127784729
v -0.12757934629917145 0.1488024890422821 0.11184349656105042
v -0.12350171059370041 0.0543360561132431 0.12689314782619476
v -0.12247215956449509 0.05081455409526825 0.1254158318042755
v -0.12366519123315811 0.07294958829879761 0.1259802281856537
v -0.12963134050369263 0.16086947917938232 0.10650913417339325
v -0.13472136855125427 0.15863223373889923 0.11405181884765625
v -0.13764415681362152 0.1796208620071411 0.10313940793275833
v -0.13067610561847687 0.177968367934227 0.09571404755115509
v -0.1226104348897934 0.04616732522845268 0.12166184931993484
v -0.12483762204647064 0.04085569456219673 0.12201528996229172
v -0.12722042202949524 0.10394832491874695 0.13211891055107117
v -0.12522278726100922 0.1288338005542755 0.13067203760147095
v -0.12580998241901398 0.14440114796161652 0.12734773755073547
v -0.127685084939003 0.16053438186645508 0.12157298624515533
v -0.13010349869728088 0.17524763941764832 0.11384205520153046
v -0.1239444762468338 0.08875259757041931 0.1358625739812851
v -0.13067008554935455 0.1852986216545105 0.10797630250453949
v -0.1391075849533081 0.18671904504299164 0.0983264297246933
v -0.13393335044384003 0.20020924508571625 0.09616503864526749
v -0.141383558511734 0.19769683480262756 0.08930424600839615
v -0.13859029114246368 0.2194141149520874 0.07799707353115082
v -0.1435014307498932 0.21108965575695038 0.07642155885696411
v -0.1396409273147583 0.22824342548847198 0.06762698292732239
v -0.14479193091392517 0.22488252818584442 0.06115592271089554
v -0.1410260945558548 0.2372967153787613 0.05326183885335922
v -0.14614738523960114 0.23644030094146729 0.04148747771978378
v -0.14194513857364655 0.2449563443660736 0.03739405423402786
v -0.14633183181285858 0.24349123239517212 0.018103374168276787
v -0.14195282757282257 0.25299936532974243 0.006945209577679634
v -0.14142991602420807 0.25030919909477234 0.02138054557144642
v -0.14590997993946075 0.2476949840784073 0.0006768374005332589
v -0.14492513239383698 0.251223087310791 -0.024638419970870018
v -0.14140765368938446 0.25683528184890747 -0.021592387929558754
v -0.138152614235878 0.2589074969291687 -0.05592352896928787
v -0.14402040839195251 0.2493640035390854 -0.053342562168836594
v -0.13765817880630493 0.2552601397037506 -0.06914519518613815
v -0.14216093719005585 0.24632342159748077 -0.07205267995595932
v -0.11112754046916962 0.1976034939289093 -0.1256873607635498
v -0.1031867116689682 0.18706396222114563 -0.1343361884355545
v -0.1024584248661995 0.1850990206003189 -0.13040517270565033
v -0.09622243046760559 0.17614828050136566 -0.1418735682964325
v -0.09329454600811005 0.17125362157821655 -0.13580691814422607
v -0.08845977485179901 0.1623065173625946 -0.14174233376979828
v -0.09033654630184174 0.16612756252288818 -0.1483643501996994
v -0.10242833942174911 0.18669939041137695 -0.12710437178611755
v -0.11021408438682556 0.19934895634651184 -0.11520843207836151
v -0.11899320036172867 0.2121807336807251 -0.10313966125249863
v -0.11721615493297577 0.20594638586044312 -0.11758837103843689
v -0.12187938392162323 0.2136269211769104 -0.11021751165390015
v -0.12827244400978088 0.22388017177581787 -0.10060417652130127
v -0.12540435791015625 0.22218865156173706 -0.0901007428765297
v -0.13530927896499634 0.23255643248558044 -0.08919651061296463
v -0.13324889540672302 0.23399204015731812 -0.07267626374959946
v -0.13777568936347961 0.24061454832553864 -0.06050390005111694
v -0.13880851864814758 0.24252231419086456 -0.04903094843029976
v -0.1401250809431076 0.24327018857002258 -0.029670342803001404
v -0.14102482795715332 0.24060982465744019 0.005150234792381525
v -0.14321179687976837 0.23755259811878204 0.02662619575858116
v -0.1414337158203125 0.23115640878677368 0.03959350287914276
v -0.14074930548667908 0.22590363025665283 0.049546003341674805
v -0.13993977010250092 0.22127512097358704 0.05768623575568199
v -0.13912875950336456 0.21669991314411163 0.06392988562583923
v -0.13720451295375824 0.20294693112373352 0.07589524984359741
v -0.13371175527572632 0.18870043754577637 0.08816467225551605
v -0.09094709157943726 0.1582101285457611 -0.15001508593559265
v -0.08633620291948318 0.15263354778289795 -0.1457117199897766
v -0.08900865912437439 0.15083307027816772 -0.15666399896144867
v -0.08314242959022522 0.13748213648796082 -0.16761212050914764
v -0.07729056477546692 0.1362449824810028 -0.1576698273420334
v -0.08048322051763535 0.1330571174621582 -0.17131024599075317
v -0.07217692583799362 0.12414899468421936 -0.16471785306930542
v -0.0780547708272934 0.1282120645046234 -0.17433299124240875
v -0.07113093882799149 0.11974049359560013 -0.16869132220745087
v -0.15947574377059937 0.024432532489299774 0.13289526104927063
v -0.16300830245018005 0.01593443937599659 0.12859782576560974
v -0.16632814705371857 0.017857739701867104 0.1323871910572052
v -0.14099249243736267 0.036212287843227386 0.12146246433258057
v -0.1477891206741333 0.034771524369716644 0.13213664293289185
v -0.13374543190002441 0.0424971841275692 0.1285039633512497
v -0.15608347952365875 0.02527965046465397 0.12470202893018723
v -0.13601398468017578 0.04412750154733658 0.1333564817905426
v -0.16430185735225677 0.015840603038668633 0.09069105982780457
v -0.16204942762851715 0.01286687795072794 0.08777481317520142
v -0.16566015779972076 0.00701897731050849 0.0724962055683136
v -0.15630075335502625 0.019726872444152832 0.10058397054672241
v -0.1576998084783554 0.025668837130069733 0.10750269889831543
v -0.15142594277858734 0.024042043834924698 0.10591451823711395
v -0.1496637761592865 0.030027683824300766 0.11360891908407211
v -0.14549720287322998 0.02809421718120575 0.11043686419725418
v -0.1703910380601883 0.00347518571652472 0.06795176863670349
v -0.13285355269908905 0.0383632592856884 0.11979573965072632
v -0.12620072066783905 0.04413045570254326 0.1256384700536728
v -0.16946537792682648 0.0009348316816613078 0.05804545059800148
v -0.16705970466136932 -0.0005454181227833033 0.04897105693817139
v -0.17637088894844055 -0.0055210180580616 0.03763674199581146
v -0.16870927810668945 -0.004260839894413948 0.030351458117365837
v -0.17632411420345306 -0.0029792163986712694 0.06046262010931969
v -0.17038442194461823 -0.010004174895584583 -0.0027729228604584932
v -0.17845498025417328 -0.010309439152479172 0.011694373562932014
v -0.17953914403915405 -0.013578412123024464 -0.006410459987819195
v -0.17088699340820312 -0.013093722984194756 -0.020511116832494736
v -0.1817094385623932 -0.017155947163701057 -0.02365402691066265
v -0.1673375815153122 0.01746620424091816 0.10692041367292404
v -0.17484256625175476 -0.0004064291133545339 0.0745394378900528
v -0.17272499203681946 0.0061259022913873196 0.09075278788805008
v -0.17033062875270844 0.011502684094011784 0.10083512961864471
v -0.17170701920986176 0.010814670473337173 0.10308757424354553
v -0.12811598181724548 0.045004550367593765 0.13399560749530792
v -0.1646653115749359 0.01606084033846855 0.12548568844795227
v -0.17015613615512848 0.013145253993570805 0.11738399416208267
v -0.17710980772972107 0.00931854173541069 0.1060539036989212
v -0.16970105469226837 -0.01650497503578663 -0.027705403044819832
v -0.1811600923538208 -0.02041551284492016 -0.03224979713559151
v -0.12927496433258057 0.04430773854255676 0.14223232865333557
v -0.17695368826389313 -0.00742750708013773 0.03461145609617233
v -0.12988907098770142 0.04036552831530571 0.1468954086303711
v -0.13782207667827606 0.030044661834836006 0.1535627394914627
v -0.1411585807800293 0.02359963208436966 0.16071666777133942
v -0.16037099063396454 0.016044003888964653 0.14683154225349426
v -0.15063752233982086 0.017675666138529778 0.1584181785583496
v -0.15504804253578186 0.01611407846212387 0.15645672380924225
v -0.1444951444864273 0.017730344086885452 0.16391058266162872
v -0.15204937756061554 0.016129974275827408 0.1648871898651123
v -0.14455637335777283 0.013840134255588055 0.1747545599937439
v -0.12483762204647064 0.04085569456219673 0.12201528996229172
v 0.15214815735816956 -0.17341943085193634 0.08866172283887863
v 0.15683647990226746 -0.17434383928775787 0.08816014230251312
v 0.15313473343849182 -0.17108146846294403 0.09876878559589386
v 0.15120020508766174 -0.17167750000953674 0.09334999322891235
v 0.14532935619354248 -0.17149201035499573 0.10314637422561646
v 0.1398836225271225 -0.1718125194311142 0.11186841875314713
v 0.16029374301433563 -0.1673574447631836 0.10183798521757126
v 0.16023938357830048 -0.17221052944660187 0.08850940316915512
v 0.15645383298397064 -0.16444800794124603 0.10931806266307831
v 0.16016213595867157 -0.17485389113426208 0.08477765321731567
v 0.14373421669006348 -0.16511064767837524 0.1162450909614563
v 0.13398297131061554 -0.17022046446800232 0.1226075142621994
v 0.13172706961631775 -0.171667218208313 0.11635007709264755
v 0.12787935137748718 -0.1726064383983612 0.12495817244052887
v 0.13648492097854614 -0.17154911160469055 0.11137674748897552
v 0.16256766021251678 -0.1703476756811142 0.0861615240573883
v 0.1673438549041748 -0.16852402687072754 0.0942399725317955
v 0.13793745636940002 -0.1644802838563919 0.12298093736171722
v 0.112864188849926 -0.1731751412153244 0.13250547647476196
v 0.15836355090141296 -0.18235677480697632 0.08232134580612183
v 0.12999869883060455 -0.16357211768627167 0.127842515707016
v 0.15175729990005493 -0.1770145297050476 0.08470005542039871
v 0.12811705470085144 -0.17339858412742615 0.12720580399036407
v 0.12042964994907379 -0.17324498295783997 0.13078971207141876
v -0.17546920478343964 -0.04907801002264023 0.1032969132065773
v -0.1648726463317871 -0.0533086359500885 0.10028517246246338
v -0.1642780601978302 -0.05732431262731552 0.10201096534729004
v -0.17422623932361603 -0.05344446748495102 0.10516141355037689
v -0.1740425080060959 -0.046258214861154556 0.10173922032117844
v -0.16596443951129913 -0.050544314086437225 0.09316685050725937
v -0.18300138413906097 -0.05030233412981033 0.09611044079065323
v -0.16946226358413696 -0.05275898799300194 0.09493955224752426
v -0.16544274985790253 -0.058854617178440094 0.0952526405453682
v -0.1802537590265274 -0.05195257067680359 0.09707570821046829
v -0.17684520781040192 -0.06720725446939468 0.09685995429754257
v -0.16663435101509094 -0.0633307695388794 0.09287729114294052
v -0.16801004111766815 -0.08006876707077026 0.09162506461143494
v -0.17369025945663452 -0.07683071494102478 0.09503357857465744
v -0.17700637876987457 -0.09126850962638855 0.0940384715795517
v -0.1684962958097458 -0.09243903309106827 0.08990375697612762
v -0.17642231285572052 -0.10855758190155029 0.09066956490278244
v -0.16865211725234985 -0.11274180561304092 0.08664775639772415
v -0.1759173572063446 -0.12638181447982788 0.08750615268945694
v -0.17311841249465942 -0.13103647530078888 0.08523935824632645
v -0.16707144677639008 -0.132941335439682 0.0832962691783905
v -0.16877225041389465 -0.15826815366744995 0.07862547039985657
v -0.17475368082523346 -0.16270869970321655 0.08069474250078201
v -0.17106693983078003 -0.1650630086660385 0.07798866927623749
v -0.16530248522758484 -0.09141944348812103 0.09028789401054382
v -0.1644943505525589 -0.08040273189544678 0.09246308356523514
v -0.16702473163604736 -0.16203981637954712 0.07912219315767288
v -0.16649605333805084 -0.11347505450248718 0.08726049959659576
v -0.17943763732910156 -0.10860332101583481 0.09087224304676056
v -0.1877371370792389 -0.1006779670715332 0.0879271849989891
v -0.17902551591396332 -0.12726540863513947 0.0870867669582367
v -0.18733517825603485 -0.13436950743198395 0.08186974376440048
v -0.17767605185508728 -0.14872436225414276 0.08328218758106232
v -0.19687744975090027 -0.13548628985881805 0.07808250188827515
v -0.20731273293495178 -0.07753975689411163 0.08430805057287216
v -0.20831255614757538 -0.10306571424007416 0.07963237911462784
v -0.20772047340869904 -0.12297757714986801 0.07546139508485794
v -0.20404373109340668 -0.15684452652931213 0.0702379047870636
v -0.18151962757110596 -0.06721412390470505 0.09433241933584213
v -0.19435682892799377 -0.055232856422662735 0.09287050366401672
v -0.20786571502685547 -0.058767370879650116 0.08701852709054947
v -0.1813383847475052 -0.16246111690998077 0.08049644529819489
v -0.19148820638656616 -0.16203390061855316 0.0780792161822319
v -0.1791348159313202 -0.07165780663490295 0.09545422345399857
v -0.20655007660388947 -0.1613607108592987 0.06554503738880157
v -0.2210521101951599 -0.16017977893352509 0.048881854861974716
v -0.21732696890830994 -0.13724848628044128 0.059562038630247116
v -0.2233429253101349 -0.10296487808227539 0.060971807688474655
v -0.21652841567993164 -0.059429269284009933 0.07599436491727829
v -0.22492615878582 -0.08849698305130005 0.06055906414985657
v -0.2232614904642105 -0.13884301483631134 0.05034767836332321
v -0.22413019835948944 -0.06053541600704193 0.06339056044816971
v -0.19570763409137726 -0.05128937587141991 0.09016773104667664
v -0.20912237465381622 -0.05520462989807129 0.08240116387605667
v 0.098322294652462 0.17243900895118713 0.14989720284938812
v 0.09181269258260727 0.1770322620868683 0.15141281485557556
v 0.09358327090740204 0.17009218037128448 0.14780163764953613
v 0.09515939652919769 0.17558123171329498 0.15249022841453552
v 0.15823692083358765 -0.023890331387519836 0.11874669045209885
v 0.16105350852012634 -0.030161360278725624 0.11807148903608322
v 0.1533334106206894 -0.02729322575032711 0.11678247898817062
v 0.16522197425365448 -0.02506832592189312 0.11987832188606262
v 0.15528826415538788 -0.030852749943733215 0.11519099026918411
v 0.16473785042762756 -0.03836195915937424 0.11724569648504257
v 0.16893646121025085 -0.03207743167877197 0.123385950922966
v 0.1771962195634842 -0.035867899656295776 0.12644881010055542
v 0.17495189607143402 -0.02249569445848465 0.129814013838768
v 0.1815280020236969 -0.03274860233068466 0.13115471601486206
v 0.1689600646495819 -0.02031143195927143 0.12633033096790314
v 0.18175964057445526 -0.026813901960849762 0.1356249749660492
v 0.12563183903694153 0.22398628294467926 -0.10156499594449997
v 0.1282881200313568 0.22780399024486542 -0.09564729779958725
v 0.11762778460979462 0.20896342396736145 -0.1145738959312439
v -0.10674973577260971 -0.16873279213905334 0.15368016064167023
v -0.09593044221401215 -0.16864672303199768 0.15714484453201294
v -0.10421174019575119 -0.17061273753643036 0.15779802203178406
v -0.10736844688653946 -0.1721491664648056 0.16161809861660004
v -0.09073645621538162 -0.17492927610874176 0.16004794836044312
v -0.1032281219959259 -0.1746886521577835 0.1604086309671402
v -0.08554928749799728 -0.16804444789886475 0.1568797528743744
v -0.0813627615571022 -0.1723414957523346 0.15789225697517395
v -0.11172696202993393 -0.16784685850143433 0.16073249280452728
v -0.11569986492395401 -0.16571161150932312 0.16451339423656464
v -0.07617630064487457 -0.1722930520772934 0.15973812341690063
v -0.08465397357940674 -0.17374294996261597 0.1627139449119568
v -0.08203963190317154 -0.17201824486255646 0.1529533714056015
v -0.06563111394643784 -0.1720738410949707 0.15316936373710632
v -0.07896292954683304 -0.17171445488929749 0.15024374425411224
v -0.08721261471509933 -0.17206238210201263 0.14973506331443787
v -0.09110797941684723 -0.17185480892658234 0.14528372883796692
v -0.10205850750207901 -0.17173227667808533 0.14119581878185272
v -0.04598463326692581 -0.17256540060043335 0.15807510912418365
v -0.04280906915664673 -0.1727127730846405 0.16018669307231903
v -0.008844081312417984 -0.1720249354839325 0.1587924212217331
v -0.00939821545034647 -0.17120099067687988 0.16212554275989532
v 0.010235121473670006 -0.17280960083007812 0.16128049790859222
v 0.0067971800453960896 -0.17263896763324738 0.15886707603931427
v 0.03214942663908005 -0.17186948657035828 0.15735086798667908
v 0.03513002023100853 -0.17193728685379028 0.15974394977092743
v 0.05642015114426613 -0.17205773293972015 0.15823233127593994
v 0.05807292088866234 -0.17167134582996368 0.1540985405445099
v 0.07310040295124054 -0.17338189482688904 0.1519404947757721
v 0.07614915817975998 -0.17320170998573303 0.15352918207645416
v 0.08612490445375443 -0.1731753647327423 0.14735400676727295
v 0.08919518440961838 -0.1718750149011612 0.14273498952388763
v 0.0983603373169899 -0.171764075756073 0.14122426509857178
v 0.0996621623635292 -0.171446293592453 0.13644713163375854
v 0.112864188849926 -0.1731751412153244 0.13250547647476196
v 0.06916271150112152 -0.17137238383293152 0.151844322681427
v -0.10021558403968811 -0.1704133301973343 0.14030340313911438
v -0.10686589777469635 -0.17050735652446747 0.13457630574703217
v 0.1361432820558548 -0.04034684598445892 -0.1073879525065422
v 0.1338992565870285 -0.03887436166405678 -0.11133532226085663
v 0.130571186542511 -0.042450543493032455 -0.10003264993429184
v 0.13956300914287567 -0.0447738841176033 -0.07300681620836258
v 0.14221830666065216 -0.04778282344341278 -0.06103496998548508
v 0.14688082039356232 -0.04453504830598831 -0.06464282423257828
v 0.14750230312347412 -0.04105549678206444 -0.07902482897043228
v 0.152895987033844 -0.04417906329035759 -0.05789903923869133
v 0.14001105725765228 -0.04013851657509804 -0.09852463006973267
v 0.1334155946969986 -0.04398480802774429 -0.08939439803361893
v 0.14578713476657867 -0.048257287591695786 -0.04670293629169464
v 0.14831861853599548 -0.04881741479039192 -0.039198119193315506
v 0.15754033625125885 -0.04709772393107414 -0.03180738165974617
v 0.1499015837907791 -0.05135422945022583 -0.03207852318882942
v 0.15530598163604736 -0.050810057669878006 -0.01826891116797924
v 0.16088145971298218 -0.04831520840525627 -0.011417165398597717
v 0.12788110971450806 -0.044206660240888596 -0.10525497794151306
v 0.03201300650835037 -0.05335152521729469 0.22289283573627472
v 0.02804650366306305 -0.054521482437849045 0.223549023270607
v 0.03025462105870247 -0.06390980631113052 0.22435781359672546
v -0.08453673124313354 0.20805874466896057 0.11247360706329346
v -0.07566986978054047 0.2072324901819229 0.11073129624128342
v -0.08422984927892685 0.2049652636051178 0.10908032953739166
v -0.0884169191122055 0.2019982784986496 0.11257308721542358
v -0.07066293060779572 0.20607444643974304 0.10742942988872528
v -0.07312806695699692 0.20746463537216187 0.11540710926055908
v -0.07542534917593002 0.20822197198867798 0.10778925567865372
v -0.08702738583087921 0.20496022701263428 0.10582198947668076
v -0.09479313343763351 0.1965993195772171 0.11153557896614075
v -0.09954379498958588 0.20161651074886322 0.10432767868041992
v -0.07679238170385361 0.21776644885540009 0.09761911630630493
v -0.10735122114419937 0.18965685367584229 0.11154670268297195
v -0.07900066673755646 0.23372548818588257 0.0817456990480423
v -0.10511679202318192 0.22359102964401245 0.0827592983841896
v -0.11839968711137772 0.20174887776374817 0.09865811467170715
v -0.10987850278615952 0.23501162230968475 0.06922750920057297
v -0.13067008554935455 0.1852986216545105 0.10797630250453949
v -0.13393335044384003 0.20020924508571625 0.09616503864526749
v -0.13859029114246368 0.2194141149520874 0.07799707353115082
v -0.1396409273147583 0.22824342548847198 0.06762698292732239
v -0.09085944294929504 0.18793421983718872 0.11888714879751205
v -0.08481241017580032 0.19259732961654663 0.12079520523548126
v -0.08130501210689545 0.18536803126335144 0.12635208666324615
v -0.07156143337488174 0.22828322649002075 0.08336181938648224
v -0.07791797071695328 0.24324387311935425 0.07080301642417908
v -0.07084225118160248 0.21498027443885803 0.09618307650089264
v -0.07637113332748413 0.24934634566307068 0.06223991885781288
v -0.11332816630601883 0.2698843777179718 -0.01962755061686039
v -0.1397245228290558 0.25530701875686646 0.0023509031161665916
v -0.11110032349824905 0.26680833101272583 0.004774647299200296
v -0.0941828116774559 0.27874326705932617 -0.024160271510481834
v -0.14140765368938446 0.25683528184890747 -0.021592387929558754
v -0.09667008370161057 0.28084444999694824 -0.05587415397167206
v -0.08222164958715439 0.28437623381614685 -0.036208510398864746
v -0.11395429819822311 0.2720252275466919 -0.05743950977921486
v -0.138152614235878 0.2589074969291687 -0.05592352896928787
v -0.08277998119592667 0.2858215868473053 -0.05728956311941147
v -0.08113587647676468 0.2774707078933716 0.002770267892628908
v -0.07849646359682083 0.28077876567840576 -0.011452008970081806
v -0.11738793551921844 0.25992488861083984 0.01944766193628311
v -0.14142991602420807 0.25030919909477234 0.02138054557144642
v -0.14195282757282257 0.25299936532974243 0.006945209577679634
v -0.14194513857364655 0.2449563443660736 0.03739405423402786
v -0.079328253865242 0.2716315984725952 0.0211452916264534
v -0.11903968453407288 0.2525443136692047 0.03723406791687012
v -0.08710741251707077 0.2632330060005188 0.03617395833134651
v -0.11476253718137741 0.24602605402469635 0.05167597532272339
v -0.1410260945558548 0.2372967153787613 0.05326183885335922
v -0.07729549705982208 0.26162752509117126 0.04319508746266365
v -0.0902123749256134 0.2537132203578949 0.05138402059674263
v -0.07651069015264511 0.2692728340625763 0.025414008647203445
v -0.09679986536502838 0.2784631550312042 -0.06619738787412643
v -0.11455122381448746 0.2671813666820526 -0.07259315252304077
v -0.13765817880630493 0.2552601397037506 -0.06914519518613815
v -0.0789809599518776 0.27837738394737244 -0.08131518214941025
v -0.07311352342367172 0.28276607394218445 -0.047621894627809525
v -0.09986528754234314 0.2714521288871765 -0.08016051352024078
v -0.07393006980419159 0.28352341055870056 -0.05958598107099533
v -0.0662505179643631 0.27973437309265137 -0.07079838216304779
v -0.061833664774894714 0.27652212977409363 -0.0832219198346138
v 0.0377824492752552 0.015998855233192444 0.17803457379341125
v 0.030822880566120148 0.00953642837703228 0.181263267993927
v 0.03726702556014061 0.017077701166272163 0.1818861961364746
v 0.03759157657623291 0.02122969925403595 0.1780903935432434
v 0.08910201489925385 0.16062267124652863 -0.14705325663089752
v 0.09032416343688965 0.1622108668088913 -0.1432257443666458
v 0.08872953802347183 0.14847590029239655 -0.15428733825683594
v 0.08702109009027481 0.16474702954292297 -0.14486335217952728
v 0.07902121543884277 0.16182033717632294 -0.15234597027301788
v 0.06941535323858261 0.1598992645740509 -0.16018104553222656
v 0.06479774415493011 0.14316993951797485 -0.1729440689086914
v 0.07849152386188507 0.16850337386131287 -0.14774306118488312
v 0.08414001017808914 0.13668298721313477 -0.16284988820552826
v 0.07362934201955795 0.1314103603363037 -0.17332006990909576
v 0.07170218229293823 0.16945558786392212 -0.1538434475660324
v 0.0683671087026596 0.1281183809041977 -0.1804036796092987
v 0.050572823733091354 0.1778995841741562 -0.1567700207233429
v 0.05388056859374046 0.12639537453651428 -0.18706905841827393
v 0.045799776911735535 0.15474244952201843 -0.17280690371990204
v 0.06318078190088272 0.1239580512046814 -0.18471816182136536
v 0.07162638008594513 0.12214283645153046 -0.18251138925552368
v 0.0525984950363636 0.1802176982164383 -0.15369190275669098
v 0.025738166645169258 0.18478956818580627 -0.16050806641578674
v 0.02870979905128479 0.18740035593509674 -0.1576879471540451
v 0.038647450506687164 0.13655661046504974 -0.18556863069534302
v 0.0369161032140255 0.12932486832141876 -0.1922447681427002
v 0.006701807491481304 0.17171089351177216 -0.17339730262756348
v 0.0008610180811956525 0.18723727762699127 -0.16559182107448578
v 0.01308269239962101 0.14299726486206055 -0.1873493641614914
v 0.0027415119111537933 0.15797404944896698 -0.18226881325244904
v 0.0028006834909319878 0.14320145547389984 -0.19107221066951752
v -0.0012342737754806876 0.1725105494260788 -0.1760399043560028
v -0.0006858105189166963 0.18533538281917572 -0.167057067155838
v 0.015604699030518532 0.13353446125984192 -0.19400447607040405
v 0.00951640959829092 0.1875367909669876 -0.16232171654701233
v 0.0007404398638755083 0.19831274449825287 -0.15924206376075745
v 0.004643179476261139 0.208889439702034 -0.1525028795003891
v 0.045430440455675125 0.20921669900417328 -0.1446000188589096
v 0.03222167119383812 0.21806281805038452 -0.1425522118806839
v 0.04652182757854462 0.19194979965686798 -0.15145869553089142
v 0.05638783052563667 0.22783492505550385 -0.13038651645183563
v 0.07793455570936203 0.21834640204906464 -0.12847477197647095
v 0.06417037546634674 0.20727013051509857 -0.13972064852714539
v 0.07895765453577042 0.2418811172246933 -0.11242727190256119
v 0.09791745245456696 0.23402506113052368 -0.10933494567871094
v 0.10769442468881607 0.20474712550640106 -0.12269147485494614
v 0.11815723776817322 0.22432667016983032 -0.1060398742556572
v 0.09235391765832901 0.19106672704219818 -0.13459031283855438
v 0.029268234968185425 0.23951619863510132 -0.1291559636592865
v 0.014248416759073734 0.222166508436203 -0.14354296028614044
v 0.06897850334644318 0.17529648542404175 -0.14951638877391815
v 0.10606962442398071 0.18819236755371094 -0.129700168967247
v 0.09917744994163513 0.1763235628604889 -0.13609658181667328
v 0.020804433152079582 0.2299230396747589 -0.13700416684150696
v 0.04621206223964691 0.2545296549797058 -0.11340351402759552
v 0.11762778460979462 0.20896342396736145 -0.1145738959312439
v 0.12563183903694153 0.22398628294467926 -0.10156499594449997
v 0.12576763331890106 0.23436689376831055 -0.09363177418708801
v 0.08278238028287888 0.2591067850589752 -0.09581355005502701
v 0.05164656043052673 0.2615925967693329 -0.1052752211689949
v 0.11200308799743652 0.19867117702960968 -0.12255727499723434
v 0.10747800022363663 0.25042811036109924 -0.08930585533380508
v 0.06194153055548668 0.269566148519516 -0.093407541513443
v 0.002199278213083744 0.13461576402187347 -0.20007339119911194
v -0.001857547671534121 0.15876683592796326 -0.18593311309814453
v -0.001814416260458529 0.14479614794254303 -0.19404789805412292
v 0.12887613475322723 0.24501684308052063 -0.07923917472362518
v 0.08074527978897095 0.2677019536495209 -0.08560898154973984
v 0.1132192313671112 0.2524581849575043 -0.08186223357915878
v 0.07249043881893158 0.12371935695409775 -0.1785205602645874
v 0.06854841858148575 0.2746703624725342 -0.08222933858633041
v 0.1337355077266693 0.23945452272891998 -0.07948839664459229
v 0.1282881200313568 0.22780399024486542 -0.09564729779958725
v 0.1275409311056137 0.2519686818122864 -0.06872586905956268
v 0.09563378244638443 0.2687190771102905 -0.0696462094783783
v 0.07421647757291794 0.27726131677627563 -0.07147428393363953
v 0.08206348866224289 0.12064223736524582 -0.1710827350616455
v 0.0890924483537674 0.10879462957382202 -0.17422083020210266
v 0.07690896838903427 0.11305419355630875 -0.18345192074775696
v 0.08532556146383286 0.09619122743606567 -0.18661843240261078
v 0.09246519207954407 0.08836007863283157 -0.18510420620441437
v 0.08567582815885544 0.08899667859077454 -0.1912989765405655
v 0.10201643407344818 0.08940297365188599 -0.17349395155906677
v 0.07881055772304535 0.10243473947048187 -0.18984314799308777
v 0.07564791291952133 0.09317389130592346 -0.19550135731697083
v 0.06887789070606232 0.10315649211406708 -0.19644507765769958
v 0.06959731131792068 0.12163190543651581 -0.18813848495483398
v 0.06781154870986938 0.09447625279426575 -0.19939957559108734
v 0.05644390732049942 0.09463948756456375 -0.20459240674972534
v 0.05895183980464935 0.12273555248975754 -0.19736281037330627
v 0.04943018779158592 0.11757383495569229 -0.2052101492881775
v 0.05266832932829857 0.12610021233558655 -0.2006625086069107
v 0.04645587503910065 0.12604737281799316 -0.20443224906921387
v 0.03067866526544094 0.11207255721092224 -0.21546262502670288
v 0.029890598729252815 0.13008622825145721 -0.20831292867660522
v 0.015837490558624268 0.12414020299911499 -0.21637071669101715
v 0.01559046097099781 0.1170879676938057 -0.22025443613529205
v 0.015607314184308052 0.13157078623771667 -0.21114905178546906
v 0.037654343992471695 0.1077335923910141 -0.21377700567245483
v 0.020673010498285294 0.11167187243700027 -0.22447627782821655
v 0.011812984943389893 0.11416114866733551 -0.22820504009723663
v 0.03099418431520462 0.10401491075754166 -0.21988025307655334
v 0.047162577509880066 0.09290635585784912 -0.2103261500597
v 0.03971894830465317 0.09002313762903214 -0.21586516499519348
v 0.032744113355875015 0.09003017097711563 -0.22075797617435455
v 0.10287617146968842 0.08349408209323883 -0.17556503415107727
v 0.09386003762483597 0.0830981656908989 -0.184385746717453
v 0.10260728001594543 0.08212655037641525 -0.17817167937755585
v 0.10843265801668167 0.05470695346593857 -0.1854976862668991
v 0.11831244081258774 0.06105098873376846 -0.1752001792192459
v 0.10208125412464142 0.05232928693294525 -0.1900865137577057
v 0.08636514842510223 0.06839744746685028 -0.19301271438598633
v 0.08556833863258362 0.08357542008161545 -0.18792028725147247
v 0.07476399838924408 0.08397860080003738 -0.19212128221988678
v 0.07825317978858948 0.06296256929636002 -0.19678418338298798
v 0.09232744574546814 0.047139231115579605 -0.195308119058609
v 0.06420839577913284 0.07543662190437317 -0.19640584290027618
v 0.05765991657972336 0.08305370062589645 -0.19670552015304565
v 0.10438673943281174 0.03208531066775322 -0.1917315125465393
v 0.1191411018371582 0.03944164887070656 -0.18081244826316833
v 0.11376986652612686 0.07089691609144211 -0.17338138818740845
v 0.12555816769599915 0.058464400470256805 -0.16819456219673157
v 0.13165166974067688 0.03652588278055191 -0.1679460108280182
v 0.09095781296491623 0.03507627546787262 -0.19623754918575287
v 0.0769360139966011 0.043543972074985504 -0.19878391921520233
v 0.05816557630896568 0.07200325280427933 -0.19758467376232147
v 0.1315975934267044 0.0497545525431633 -0.1634368896484375
v 0.08007755875587463 0.13042844831943512 -0.16717807948589325
v 0.07472945749759674 0.1251736581325531 -0.1734236478805542
v 0.12738095223903656 0.025825563818216324 -0.17374911904335022
v 0.058586813509464264 0.04512932524085045 -0.2000906616449356
v 0.05013246834278107 0.05629805102944374 -0.19933894276618958
v 0.07602284848690033 0.020720327273011208 -0.19782057404518127
v 0.09153642505407333 0.10827496647834778 -0.16990943253040314
v 0.09889627993106842 0.09614937752485275 -0.1706320196390152
v 0.013387149199843407 0.13256198167800903 -0.2055239975452423
v 0.013904575258493423 0.13130983710289001 -0.2015516757965088
v 0.036786410957574844 0.12900064885616302 -0.2054891586303711
v 0.08682834357023239 0.1877325028181076 0.11159329116344452
v 0.09146254509687424 0.18522681295871735 0.1139627993106842
v 0.08689954876899719 0.18062211573123932 0.11152514070272446
v 0.09222633391618729 0.18252001702785492 0.11178220063447952
v 0.09599188715219498 0.18990014493465424 0.11474096775054932
v 0.0830564945936203 0.17590123414993286 0.11563721299171448
v 0.08363854885101318 0.19782261550426483 0.11425618827342987
v 0.09683903306722641 0.07833632826805115 -0.1727605015039444
v 0.1011560708284378 0.08069940656423569 -0.17148339748382568
v 0.09972991794347763 0.08526158332824707 -0.16568465530872345
v 0.018009576946496964 0.1001221314072609 -0.18246567249298096
v 0.03517695516347885 0.0827665627002716 -0.18619376420974731
v 0.044283490628004074 0.09430501610040665 -0.17975954711437225
v 0.03231613710522652 0.10693008452653885 -0.17701594531536102
v 0.0700637698173523 0.09368465840816498 -0.17531441152095795
v 0.05784709006547928 0.08051877468824387 -0.18284323811531067
v 0.07892338186502457 0.0788034126162529 -0.17895814776420593
v 0.045852918177843094 0.10544543713331223 -0.17414924502372742
v 0.05798811838030815 0.1112561747431755 -0.16954930126667023
v 0.06807293742895126 0.11237344890832901 -0.16653014719486237
v -0.0017632071394473314 0.08661091327667236 -0.1890796422958374
v 0.012087099254131317 0.07962104678153992 -0.1900416612625122
v -0.0011101813288405538 0.09967867285013199 -0.18451504409313202
v 0.0004680871788877994 0.07762133330106735 -0.19178380072116852
v 0.028259607031941414 0.07732066512107849 -0.18853481113910675
v 0.04401879012584686 0.07476552575826645 -0.18844275176525116
v 0.05456409975886345 0.07694818824529648 -0.18574364483356476
v 0.05378473177552223 0.06964139640331268 -0.18833564221858978
v 0.08358515053987503 0.06880021840333939 -0.18406175076961517
v 0.06741294264793396 0.06106278672814369 -0.19009725749492645
v 0.08166823536157608 0.05501355230808258 -0.19020523130893707
v 0.09332150220870972 0.05592421814799309 -0.18578466773033142
v 0.09230480343103409 0.08152245730161667 -0.17291875183582306
v 0.08847103267908096 0.04886122792959213 -0.18964852392673492
v 0.0850626677274704 0.1057940274477005 -0.1626516878604889
v 0.09729962050914764 0.0684482678771019 -0.1779751181602478
v 0.07601119577884674 0.1147133857011795 -0.16158664226531982
v 0.09729253500699997 0.09243157505989075 -0.16419678926467896
v 0.10239987820386887 0.04245102405548096 -0.18559938669204712
v 0.06808110326528549 0.05274829640984535 -0.1915321946144104
v -0.035094019025564194 0.09220833331346512 -0.18323659896850586
v -0.026159394532442093 0.08159185945987701 -0.18813520669937134
v -0.026126494631171227 0.10563992708921432 -0.1803586483001709
v -0.04853220656514168 0.08527471125125885 -0.18392175436019897
v -0.04831772297620773 0.10761085897684097 -0.1759958565235138
v -0.04024135321378708 0.07662609964609146 -0.18989117443561554
v -0.05986687168478966 0.07478128373622894 -0.18932464718818665
v -0.022325431928038597 0.07585430890321732 -0.1896570920944214
v -0.03255097568035126 0.06678159534931183 -0.19139371812343597
v 0.07777579128742218 0.037242110818624496 -0.19244343042373657
v 0.041598089039325714 0.06437382102012634 -0.1896083801984787
v -0.04430508613586426 0.05860060825943947 -0.19176697731018066
v -0.03711922839283943 0.057369332760572433 -0.19322466850280762
v 0.0002640931634232402 0.10544031858444214 -0.18409374356269836
v 0.05584761127829552 0.06296823173761368 -0.18905307352542877
v 0.06465546786785126 0.053016480058431625 -0.19044235348701477
v -0.06590493768453598 0.10094758123159409 -0.17431972920894623
v -0.062080420553684235 0.07939830422401428 -0.18357424437999725
v -0.064443439245224 0.11386284232139587 -0.17038469016551971
v -0.01763886958360672 0.07318376004695892 -0.19211457669734955
v 0.09061258286237717 0.03441193699836731 -0.1900249421596527
v -0.05436626449227333 0.061753980815410614 -0.19058872759342194
v 0.05529709532856941 0.05475232005119324 -0.18661674857139587
v 0.053762391209602356 0.05012061446905136 -0.18848395347595215
v 0.01673203334212303 0.10503454506397247 -0.1826195865869522
v 0.10363559424877167 0.029605304822325706 -0.18643176555633545
v -0.044385381042957306 0.04222262278199196 -0.19302792847156525
v -0.054277144372463226 0.04054791107773781 -0.19081708788871765
v -0.06701871752738953 0.046816010028123856 -0.18907208740711212
v -0.06110774353146553 0.03374448046088219 -0.19293422996997833
v -0.06960669904947281 0.03500964492559433 -0.19154055416584015
v -0.06358422338962555 0.0655166432261467 -0.18887637555599213
v -0.08220481872558594 0.09302607923746109 -0.1715112030506134
v -0.07687509804964066 0.07219240814447403 -0.18085286021232605
v -0.0836929976940155 0.06287111341953278 -0.17844340205192566
v -0.0871884897351265 0.03144300356507301 -0.18641351163387299
v -0.10432508587837219 0.04565488547086716 -0.17565877735614777
v -0.0910087525844574 0.06794416159391403 -0.17425258457660675
v -0.09776102006435394 0.032227642834186554 -0.18425413966178894
v -0.08973053097724915 0.023757293820381165 -0.18990686535835266
v -0.10767284035682678 0.041164886206388474 -0.1782892793416977
v -0.11316651850938797 0.04950715973973274 -0.17307035624980927
v -0.05442589893937111 0.11537043750286102 -0.17361105978488922
v -0.04302322864532471 0.11214301735162735 -0.17724710702896118
v -0.03734280541539192 0.10808362811803818 -0.17900942265987396
v -0.08668762445449829 0.11157260835170746 -0.1629134863615036
v -0.06992760300636292 0.06042267009615898 -0.18457657098770142
v -0.08900347352027893 0.07206279784440994 -0.17599745094776154
v -0.11630375683307648 0.0490519218146801 -0.17360363900661469
v -0.07701051980257034 0.11856399476528168 -0.16326811909675598
v -0.09539901465177536 0.0957203134894371 -0.164685919880867
v -0.10021866112947464 0.08205430209636688 -0.16734987497329712
v -0.09690123051404953 0.0740867555141449 -0.1722729653120041
v -0.1057424396276474 0.07105975598096848 -0.16651633381843567
v -0.11449001729488373 0.05536063387989998 -0.16881835460662842
v -0.07747218757867813 0.06687280535697937 -0.1808934211730957
v -0.0995645746588707 0.07216904312372208 -0.16923221945762634
v 0.062457069754600525 0.043445780873298645 -0.18619176745414734
v -0.10268732160329819 0.076799675822258 -0.17146296799182892
v -0.06679672002792358 0.023850850760936737 -0.19941289722919464
v -0.07774487882852554 0.014574658125638962 -0.19697080552577972
v -0.06635107845067978 0.005524883512407541 -0.20647713541984558
v 0.06327514350414276 0.11741668730974197 -0.1688692420721054
v -0.06406696885824203 0.029456745833158493 -0.197736918926239
v 0.06961847841739655 0.02589629963040352 -0.18871945142745972
v 0.07428877800703049 0.036744892597198486 -0.19091796875
v -0.08663924038410187 0.1163976863026619 -0.16434651613235474
v 0.06695002317428589 0.04197045788168907 -0.18740896880626678
v 0.07493650913238525 0.11684263497591019 -0.16191163659095764
v 0.10826953500509262 0.04636211693286896 -0.1804914027452469
v 0.07827098667621613 0.029124358668923378 -0.19028615951538086
v 0.08416996896266937 0.022052012383937836 -0.1894000768661499
v 0.020732471719384193 0.07555852830410004 -0.19217300415039062
v 0.030920539051294327 0.07101351022720337 -0.19303551316261292
v 0.06960748136043549 0.03312921151518822 -0.18548329174518585
v -0.018195774406194687 0.10874568670988083 -0.18328233063220978
v 0.11308689415454865 0.02959180809557438 -0.1807624101638794
v -0.0629313588142395 0.03154291957616806 -0.20035451650619507
v 0.04925866797566414 0.1126161441206932 -0.17491236329078674
v 0.07172973453998566 0.11998160183429718 -0.16529597342014313
v -0.07113093882799149 0.11974049359560013 -0.16869132220745087
v 0.044253647327423096 0.10903139412403107 -0.1739984154701233
v 0.09349043667316437 0.10127588361501694 -0.1629428267478943
v 0.041529472917318344 0.019230272620916367 0.17981699109077454
v 0.03759157657623291 0.02122969925403595 0.1780903935432434
v 0.03726702556014061 0.017077701166272163 0.1818861961364746
v 0.04156772047281265 0.021679220721125603 0.17761939764022827
v 0.04206842929124832 0.0186288021504879 0.18208390474319458
v 0.0404776968061924 0.007101926952600479 0.18511748313903809
v 0.030822880566120148 0.00953642837703228 0.181263267993927
v 0.03328835219144821 -0.00035238233976997435 0.1845497041940689
v 0.028666794300079346 -0.0006108645466156304 0.18478737771511078
v 0.029699454084038734 -0.012897485867142677 0.18842147290706635
v 0.04351033642888069 0.007037322968244553 0.1836257427930832
v 0.04206842929124832 0.0186288021504879 0.18208390474319458
v 0.04351033642888069 0.007037322968244553 0.1836257427930832
v 0.04371199011802673 0.0033678191248327494 0.181527778506279
v 0.041529472917318344 0.019230272620916367 0.17981699109077454
v 0.0377824492752552 0.015998855233192444 0.17803457379341125
v 0.03952491283416748 0.0049361782148480415 0.17906303703784943
v 0.035432927310466766 0.0007990663289092481 0.17756414413452148
v 0.04730059206485748 -0.010368652641773224 0.17917118966579437
v 0.0345713347196579 -0.018274936825037003 0.1737290322780609
v 0.04824427515268326 0.00844967644661665 0.1841067671775818
v 0.04156772047281265 0.021679220721125603 0.17761939764022827
v 0.03759157657623291 0.02122969925403595 0.1780903935432434
v 0.15938633680343628 -0.03115067444741726 0.10701566934585571
v 0.15528826415538788 -0.030852749943733215 0.11519099026918411
v 0.1583195924758911 -0.03462447226047516 0.11173317581415176
v 0.15370863676071167 -0.027141746133565903 0.11283978074789047
v 0.1533334106206894 -0.02729322575032711 0.11678247898817062
v 0.16473785042762756 -0.03836195915937424 0.11724569648504257
v 0.16636234521865845 -0.0020733114797621965 0.0875028595328331
v 0.16640877723693848 -0.017260568216443062 0.09097539633512497
v 0.15271736681461334 0.01118204090744257 0.10354411602020264
v 0.14911217987537384 -0.005663631483912468 0.11288987100124359
v 0.14346995949745178 0.0171241145581007 0.11450175940990448
v 0.13463006913661957 0.021505964919924736 0.12376746535301208
v 0.13914184272289276 -0.006024991162121296 0.12345574796199799
v 0.14135967195034027 -0.027083827182650566 0.12557868659496307
v 0.12788116931915283 0.024656809866428375 0.13016429543495178
v 0.12676513195037842 0.002563399961218238 0.13340063393115997
v 0.11860881745815277 0.024916930124163628 0.13964636623859406
v 0.11125846207141876 0.02882974036037922 0.1456831693649292
v 0.12373416125774384 -0.025896107777953148 0.13950027525424957
v 0.1107931062579155 -0.004483675584197044 0.14736947417259216
v 0.10888111591339111 0.027973808348178864 0.14941322803497314
v 0.1038004457950592 0.0030473738443106413 0.15410104393959045
v 0.09650922566652298 -0.02294442616403103 0.16138269007205963
v 0.11147931963205338 -0.02568768337368965 0.14814242720603943
v 0.08951956033706665 -0.020290734246373177 0.17095746099948883
v 0.10262490063905716 0.02942568063735962 0.158884197473526
v 0.10308899730443954 0.01772373542189598 0.1574060469865799
v 0.079441137611866 -0.015199576504528522 0.18957675993442535
v 0.0796765685081482 -0.022826125845313072 0.18897797167301178
v 0.07425574213266373 -0.021799255162477493 0.1921919584274292
v 0.08680357784032822 0.016293233260512352 0.18841201066970825
v 0.09417567402124405 0.03385823220014572 0.18245960772037506
v 0.0894322395324707 0.03570786863565445 0.18791353702545166
v 0.09881120175123215 0.02492421865463257 0.16819441318511963
v 0.0894993245601654 -0.024083349853754044 0.17416809499263763
v 0.10180249065160751 -0.025475159287452698 0.1579234004020691
v 0.1687401980161667 -0.005014989525079727 0.08912672102451324
v 0.19682960212230682 -0.08797144144773483 -0.04753078147768974
v 0.19803158938884735 -0.10079008340835571 -0.04502352327108383
v 0.19319216907024384 -0.07683955878019333 -0.049351856112480164
v 0.16898435354232788 -0.011697647161781788 -0.017863072454929352
v 0.16716283559799194 -0.012584076263010502 -0.019317636266350746
v 0.17007409036159515 -0.006353201810270548 -0.004559424705803394
v 0.1668589562177658 -0.011153114959597588 -0.03538557142019272
v 0.16221952438354492 -0.013980080373585224 -0.053155653178691864
v 0.16409575939178467 -0.009002921171486378 -0.06934122741222382
v 0.1588914841413498 -0.013471166603267193 -0.07223543524742126
v 0.16292068362236023 -0.004052301868796349 -0.08916820585727692
v 0.1592266708612442 -0.0012730718590319157 -0.10778526961803436
v 0.15122872591018677 -0.010870064608752728 -0.09975961595773697
v 0.1659485101699829 -0.007940410636365414 -0.06805712729692459
v 0.15496228635311127 -0.0034687018487602472 -0.11040008813142776
v 0.14703522622585297 -0.011903100647032261 -0.11115464568138123
v 0.16109620034694672 0.00040855497354641557 -0.113530732691288
v 0.1516924351453781 -0.0014399621868506074 -0.1164621040225029
v 0.1515926867723465 0.005203115288168192 -0.12199335545301437
v 0.14753542840480804 0.006922559347003698 -0.12762345373630524
v 0.14604702591896057 0.015902550891041756 -0.1338965892791748
v 0.14007943868637085 0.02350321225821972 -0.14300227165222168
v 0.1408001184463501 0.027040941640734673 -0.14361819624900818
v 0.03025462105870247 -0.06390980631113052 0.22435781359672546
v 0.0291850958019495 -0.06545727699995041 0.22863128781318665
v 0.03108803741633892 -0.0656069964170456 0.228624165058136
v 0.029861677438020706 -0.08201851695775986 0.2326679676771164
v 0.025219164788722992 -0.028714578598737717 0.215425506234169
v 0.026743732392787933 -0.042771805077791214 0.21900419890880585
v 0.025426596403121948 -0.028190307319164276 0.20997744798660278
v 0.024683164432644844 -0.013845859095454216 0.2189369946718216
v 0.024148087948560715 -0.018941696733236313 0.23040509223937988
v 0.026061488315463066 -0.050930269062519073 0.2330300658941269
v 0.02804650366306305 -0.054521482437849045 0.223549023270607
v 0.022199662402272224 -0.011930388398468494 0.23481740057468414
v 0.02268228866159916 -0.015374782495200634 0.23513096570968628
v 0.025032658129930496 -0.05040857195854187 0.23437237739562988
v 0.029063373804092407 -0.04441070929169655 0.21680161356925964
v 0.030309490859508514 -0.052123330533504486 0.2202416956424713
v 0.022765988484025 -0.018190696835517883 0.21589559316635132
v 0.004643179476261139 0.208889439702034 -0.1525028795003891
v -0.005214603617787361 0.21293699741363525 -0.1504034847021103
v -0.00011963671568082646 0.2100626826286316 -0.14865152537822723
v 0.0019677618984133005 0.2101171761751175 -0.14630812406539917
v -0.001753543852828443 0.20998407900333405 -0.13825011253356934
v 0.0015323866391554475 0.2076653242111206 -0.1377309411764145
v -0.01240681391209364 0.22385869920253754 -0.14117424190044403
v -0.03736808896064758 0.2510867416858673 -0.11653976142406464
v -0.03165842965245247 0.24212370812892914 -0.1128489077091217
v -0.02933361567556858 0.24358847737312317 -0.12143265455961227
v -0.021118473261594772 0.23268963396549225 -0.12287312746047974
v -0.010551420040428638 0.22208823263645172 -0.13549040257930756
v -0.009172413498163223 0.21801075339317322 -0.13220669329166412
v -0.04513249918818474 0.2600956857204437 -0.10540926456451416
v -0.0390116423368454 0.2494964748620987 -0.10575519502162933
v -0.05140658840537071 0.2619897127151489 -0.09181114286184311
v -0.052409037947654724 0.2672177255153656 -0.09814343601465225
v -0.0560251884162426 0.2665426731109619 -0.08427447825670242
v -0.061833664774894714 0.27652212977409363 -0.0832219198346138
v -0.0662505179643631 0.27973437309265137 -0.07079838216304779
v -0.023106547072529793 0.2360074371099472 -0.1310490369796753
v 0.025426596403121948 -0.028190307319164276 0.20997744798660278
v 0.0022900328040122986 -0.031588274985551834 0.21240340173244476
v 0.021104872226715088 -0.028270890936255455 0.21119670569896698
v 0.025219164788722992 -0.028714578598737717 0.215425506234169
v 0.01680273562669754 -0.030965782701969147 0.21291230618953705
v 0.02250012941658497 -0.027582509443163872 0.2137022465467453
v 0.030677050352096558 -0.039573587477207184 0.213282972574234
v 0.029063373804092407 -0.04441070929169655 0.21680161356925964
v 0.034349605441093445 -0.045761507004499435 0.2193489670753479
v 0.03537619858980179 -0.031049082055687904 0.21129663288593292
v 0.030309490859508514 -0.052123330533504486 0.2202416956424713
v 0.03201300650835037 -0.05335152521729469 0.22289283573627472
v 0.02804650366306305 -0.054521482437849045 0.223549023270607
v -0.013698156923055649 -0.021124469116330147 0.20867784321308136
v -0.0112017672508955 -0.03079088404774666 0.21090374886989594
v 0.0021194792352616787 -0.026851946488022804 0.20991463959217072
v -0.04150395467877388 -0.025169067084789276 0.20926526188850403
v -0.03610140085220337 -0.03208822011947632 0.21080859005451202
v -0.035812895745038986 -0.04793105274438858 0.21457606554031372
v -0.015428483486175537 -0.04544700309634209 0.2140389233827591
v -0.03935520350933075 -0.04411359876394272 0.2138517051935196
v 0.019623294472694397 -0.021513745188713074 0.20795804262161255
v 0.03362160176038742 -0.02207055315375328 0.2072829306125641
v 0.03245850279927254 -0.029670236632227898 0.2099567949771881
v -0.0049117873422801495 -0.0350349023938179 0.21282173693180084
v -0.036306433379650116 -0.021376824006438255 0.20795533061027527
v 0.039303842931985855 -0.024270227178931236 0.2086639553308487
v -0.04162270203232765 -0.02020515315234661 0.20850946009159088
v -0.04123922064900398 -0.031971003860235214 0.21215704083442688
v -0.0386892706155777 -0.05417688190937042 0.2182491272687912
v 0.057948898524045944 -0.025004306808114052 0.20888641476631165
v -0.014143411070108414 -0.0487406849861145 0.2180391401052475
v 0.12999869883060455 -0.16357211768627167 0.127842515707016
v 0.12811705470085144 -0.17339858412742615 0.12720580399036407
v 0.12787935137748718 -0.1726064383983612 0.12495817244052887
v 0.15938633680343628 -0.03115067444741726 0.10701566934585571
v 0.1583195924758911 -0.03462447226047516 0.11173317581415176
v 0.16640877723693848 -0.017260568216443062 0.09097539633512497
v -0.17546920478343964 -0.04907801002264023 0.1032969132065773
v -0.1791067272424698 -0.04767966642975807 0.1027216762304306
v -0.17806148529052734 -0.05333929881453514 0.10201453417539597
v 0.0032370879780501127 -0.01568654738366604 0.2267564982175827
v 0.004150063265115023 -0.014010252431035042 0.22995632886886597
v -0.0008747185347601771 -0.01597505435347557 0.23046176135540009
v -0.003075014567002654 -0.013032613322138786 0.2325841784477234
v 0.08568353205919266 0.19746775925159454 0.11480583995580673
v 0.08848709613084793 0.18747234344482422 0.11053071916103363
v 0.08682834357023239 0.1877325028181076 0.11159329116344452
v 0.0009669662686064839 -0.027388397604227066 0.22483552992343903
v -0.0003998886968474835 -0.02871590666472912 0.23025570809841156
v 0.0027218624018132687 -0.02865600772202015 0.23025192320346832
v -0.0112017672508955 -0.03079088404774666 0.21090374886989594
v -0.011215370148420334 -0.03219028189778328 0.21431636810302734
v -0.00670607527717948 -0.03205201402306557 0.21371474862098694
v 0.13242073357105255 0.1150205060839653 0.122280053794384
v 0.1366589218378067 0.11450427770614624 0.12075071036815643
v 0.1346055120229721 0.11561742424964905 0.1252300888299942
v 0.13826023042201996 0.11892956495285034 0.1275511085987091
v 0.13316239416599274 0.1063295379281044 0.11971060186624527
v 0.026072856038808823 0.010479161515831947 0.1811002492904663
v 0.02639077603816986 0.01156067568808794 0.1840985268354416
v 0.030822880566120148 0.00953642837703228 0.181263267993927
v 0.0005059419199824333 -0.013920964673161507 0.2264377921819687
v 0.0032370879780501127 -0.01568654738366604 0.2267564982175827
v -0.0008747185347601771 -0.01597505435347557 0.23046176135540009
v 0.005102786235511303 -0.013307199813425541 0.22407716512680054
v 0.004449690692126751 -0.021467041224241257 0.22752799093723297
v 0.00442777294665575 -0.02846643514931202 0.21678507328033447
v 0.006280319299548864 -0.013870073482394218 0.21836140751838684
v 0.00763282785192132 -0.030608797445893288 0.2141394019126892
v 0.0011415054323151708 -0.02899016998708248 0.21959389746189117
v -0.0008991978829726577 -0.03339380770921707 0.21500378847122192
v 0.022765988484025 -0.018190696835517883 0.21589559316635132
v 0.02250012941658497 -0.027582509443163872 0.2137022465467453
v 0.01680273562669754 -0.030965782701969147 0.21291230618953705
v 0.024683164432644844 -0.013845859095454216 0.2189369946718216
v 0.0022900328040122986 -0.031588274985551834 0.21240340173244476
v 0.025219164788722992 -0.028714578598737717 0.215425506234169
v 0.022199662402272224 -0.011930388398468494 0.23481740057468414
v 0.006741712335497141 -0.012218729592859745 0.23458805680274963
v 0.021104872226715088 -0.028270890936255455 0.21119670569896698
v 0.004150063265115023 -0.014010252431035042 0.22995632886886597
v -0.003075014567002654 -0.013032613322138786 0.2325841784477234
v -0.0049117873422801495 -0.0350349023938179 0.21282173693180084
v 0.08848709613084793 0.18747234344482422 0.11053071916103363
v 0.09146254509687424 0.18522681295871735 0.1139627993106842
v 0.08682834357023239 0.1877325028181076 0.11159329116344452
v 0.19670239090919495 -0.05907897278666496 0.08104652911424637
v 0.19421754777431488 -0.07745466381311417 0.08799351006746292
v 0.20543910562992096 -0.07686667889356613 0.0843217596411705
v 0.19577020406723022 -0.08191630244255066 0.08951570838689804
v 0.205477774143219 -0.08837105333805084 0.08861424773931503
v 0.19803175330162048 -0.08957801014184952 0.09075853228569031
v 0.19988815486431122 -0.09211701154708862 0.09311151504516602
v 0.058870118111371994 -0.021666932851076126 0.16809944808483124
v 0.04735564440488815 -0.02169993706047535 0.17365118861198425
v 0.06669296324253082 -0.022265514358878136 0.17520572245121002
v 0.13899016380310059 0.2036605328321457 0.10628164559602737
v 0.1423606127500534 0.20609551668167114 0.08865857124328613
v 0.13703493773937225 0.198954239487648 0.10174371302127838
v 0.13412661850452423 0.19687706232070923 0.10456674546003342
v 0.028520043939352036 -0.022101346403360367 0.1687213033437729
v -0.002748182276263833 -0.021953819319605827 0.1693214625120163
v -0.0019921078346669674 -0.0221923366189003 0.17264831066131592
v -0.033788979053497314 -0.02053152583539486 0.170131117105484
v 0.012556699104607105 -0.02182772569358349 0.1739097684621811
v 0.03520525246858597 -0.022497721016407013 0.1713591367006302
v 0.17440952360630035 -0.03905722126364708 -0.03149857744574547
v 0.17007650434970856 -0.03770005330443382 -0.02328113466501236
v 0.1785343438386917 -0.033225759863853455 -0.022168658673763275
v 0.17391513288021088 -0.028588425368070602 -0.017287982627749443
v 0.16939741373062134 -0.04494515061378479 -0.028262635692954063
v 0.11364100128412247 0.18894480168819427 0.10998836159706116
v 0.09599188715219498 0.18990014493465424 0.11474096775054932
v 0.11386565119028091 0.19045710563659668 0.11248315125703812
v 0.12592940032482147 0.19019846618175507 0.1076730340719223
v 0.10256238281726837 0.0990690290927887 0.14952239394187927
v 0.10563734918832779 0.09481623768806458 0.14597056806087494
v 0.10719918459653854 0.09439506381750107 0.14991870522499084
v -0.0112017672508955 -0.03079088404774666 0.21090374886989594
v -0.00670607527717948 -0.03205201402306557 0.21371474862098694
v -0.0049117873422801495 -0.0350349023938179 0.21282173693180084
v -0.0038305409252643585 -0.013996059074997902 0.2192508429288864
v -0.0008991978829726577 -0.03339380770921707 0.21500378847122192
v -0.01308299321681261 -0.01353138592094183 0.21930961310863495
v -0.011215370148420334 -0.03219028189778328 0.21431636810302734
v -0.013322204351425171 -0.012593616731464863 0.23239988088607788
v 0.0005059419199824333 -0.013920964673161507 0.2264377921819687
v -0.003075014567002654 -0.013032613322138786 0.2325841784477234
v 0.09599188715219498 0.18990014493465424 0.11474096775054932
v 0.09146254509687424 0.18522681295871735 0.1139627993106842
v 0.10133388638496399 0.19353389739990234 0.11769062280654907
v -0.15356023609638214 -0.06236591935157776 0.05434995889663696
v -0.15270353853702545 -0.07896722108125687 0.0546480156481266
v -0.15259850025177002 -0.09450439363718033 0.050881173461675644
v -0.1582609862089157 -0.08204076439142227 0.04233727231621742
v -0.16003340482711792 -0.05290580168366432 0.04135316610336304
v -0.14827357232570648 -0.06366847455501556 0.07726215571165085
v -0.15033748745918274 -0.11511141061782837 0.06463063508272171
v -0.16365019977092743 -0.10436678677797318 0.03949544206261635
v -0.15200075507164001 -0.14820002019405365 0.04520858824253082
v -0.15769952535629272 -0.04936312884092331 0.047552648931741714
v -0.15548758208751678 -0.037904996424913406 0.057563360780477524
v -0.15578989684581757 -0.11632268130779266 0.04230818524956703
v -0.16952860355377197 -0.06362002342939377 0.03741483762860298
v -0.18506063520908356 -0.08128811419010162 0.033286191523075104
v -0.18671363592147827 -0.1451539546251297 0.034621354192495346
v -0.1889585554599762 -0.09572864323854446 0.032828137278556824
v -0.16693103313446045 -0.16575592756271362 0.039790455251932144
v -0.17715425789356232 -0.16409750282764435 0.037753671407699585
v -0.1859278380870819 -0.16246210038661957 0.03619462996721268
v -0.19007502496242523 -0.07736586034297943 0.021229194477200508
v -0.18271982669830322 -0.07160503417253494 0.03164929524064064
v -0.1615271270275116 -0.05138713866472244 0.027852414175868034
v -0.16781462728977203 -0.05376762896776199 0.035292938351631165
v -0.1925443410873413 -0.08613110333681107 0.020961100235581398
v -0.19496886432170868 -0.06883647292852402 0.010898655280470848
v -0.19676396250724792 -0.07134675979614258 0.009386435151100159
v -0.18750591576099396 -0.0652170330286026 0.012660172767937183
v -0.1982104331254959 -0.09291564673185349 0.009525383822619915
v -0.1890752613544464 -0.16261394321918488 0.03394545242190361
v -0.19068428874015808 -0.13607503473758698 0.03125588223338127
v -0.1974160522222519 -0.16211828589439392 0.01710917055606842
v -0.20041999220848083 -0.14383357763290405 0.009390515275299549
v -0.20041294395923615 -0.1615900844335556 0.009081856347620487
v -0.14901117980480194 -0.11219286173582077 0.07464058697223663
v -0.14485003054141998 -0.06559278070926666 0.08963920921087265
v -0.14503803849220276 -0.03887752443552017 0.09517435729503632
v -0.14089369773864746 -0.04712405800819397 0.1033315658569336
v -0.14721059799194336 -0.018109794706106186 0.09833201766014099
v -0.13964900374412537 -0.03388192132115364 0.10904441028833389
v -0.14760300517082214 -0.0001392990379827097 0.10578033328056335
v -0.1369900405406952 -0.06956782191991806 0.10492829978466034
v -0.1546696424484253 -0.001652002683840692 0.09069349616765976
v -0.1520337015390396 -0.13566243648529053 0.07375527173280716
v -0.15894122421741486 0.011381148360669613 0.09184040874242783
v -0.16204942762851715 0.01286687795072794 0.08777481317520142
v -0.15630075335502625 0.019726872444152832 0.10058397054672241
v -0.15065240859985352 -0.1317579746246338 0.06607244908809662
v -0.15477627515792847 -0.16100066900253296 0.07245968282222748
v -0.14448821544647217 -0.1481468677520752 0.09015611559152603
v -0.14937715232372284 -0.17236152291297913 0.08228160440921783
v -0.1422080546617508 -0.17133651673793793 0.09437340497970581
v -0.13744376599788666 -0.1471298187971115 0.1010032519698143
v -0.14193201065063477 -0.10752254724502563 0.09518909454345703
v -0.13202303647994995 -0.15865810215473175 0.10769439488649368
v -0.1366766095161438 -0.17030373215675354 0.1012515276670456
v -0.117563396692276 -0.1704999804496765 0.12281280010938644
v -0.12470968067646027 -0.14487366378307343 0.11520181596279144
v -0.11454027891159058 -0.15573199093341827 0.12481497973203659
v -0.10686589777469635 -0.17050735652446747 0.13457630574703217
v -0.10021558403968811 -0.1704133301973343 0.14030340313911438
v -0.12698780000209808 -0.12579381465911865 0.11244454979896545
v -0.13222715258598328 -0.09623178094625473 0.10785844177007675
v -0.10205850750207901 -0.17173227667808533 0.14119581878185272
v -0.14026996493339539 -0.07942580431699753 0.09921310096979141
v -0.16142280399799347 -0.00022963483934290707 0.07165013998746872
v -0.16566015779972076 0.00701897731050849 0.0724962055683136
v -0.16705970466136932 -0.0005454181227833033 0.04897105693817139
v -0.15940484404563904 -0.02489764615893364 0.04487990587949753
v -0.16516435146331787 -0.01261584646999836 0.0341910645365715
v -0.16870927810668945 -0.004260839894413948 0.030351458117365837
v -0.17038442194461823 -0.010004174895584583 -0.0027729228604584932
v -0.1641000211238861 -0.03329848125576973 0.005685495678335428
v -0.164861798286438 -0.03330576419830322 -0.0063628023490309715
v -0.16300098598003387 -0.05009984225034714 0.0003996092709712684
v -0.162400022149086 -0.043447669595479965 -0.024682922288775444
v -0.16970105469226837 -0.01650497503578663 -0.027705403044819832
v -0.16999970376491547 -0.017968451604247093 -0.033653803169727325
v -0.16042733192443848 -0.04696850851178169 -0.04293998330831528
v -0.16030289232730865 -0.053714774549007416 -0.04698914662003517
v -0.158454030752182 -0.046678751707077026 -0.055175378918647766
v -0.15811920166015625 -0.05444728210568428 -0.060146819800138474
v -0.1616085320711136 -0.05647803470492363 -0.04599770903587341
v -0.1698520928621292 -0.018324650824069977 -0.04630151391029358
v -0.16086481511592865 -0.0549168586730957 -0.021524131298065186
v -0.17088699340820312 -0.013093722984194756 -0.020511116832494736
v -0.16194453835487366 -0.029524123296141624 0.026332488283514977
v -0.14596454799175262 -0.11136143654584885 0.0853191688656807
v -0.13840289413928986 -0.021969042718410492 0.1124754250049591
v -0.14141404628753662 0.004567264579236507 0.11246046423912048
v -0.1301734298467636 -0.06445544958114624 0.11165619641542435
v -0.1544555276632309 -0.16473454236984253 0.07068751007318497
v -0.14937622845172882 -0.14420300722122192 0.05952741578221321
v -0.14928048849105835 -0.1358405202627182 0.054717663675546646
v -0.15142594277858734 0.024042043834924698 0.10591451823711395
v -0.15180638432502747 -0.02481933869421482 0.07768888026475906
v -0.19996277987957 -0.11926573514938354 0.009050576947629452
v -0.16044646501541138 -0.039887625724077225 0.034291286021471024
v -0.15238285064697266 -0.17015574872493744 0.06820715218782425
v -0.16287459433078766 -0.032458994537591934 -0.060235295444726944
v -0.16997824609279633 -0.01597628928720951 -0.06426028162240982
v -0.15430288016796112 -0.1529843956232071 0.04284101724624634
v -0.1768217831850052 -0.056731145828962326 0.028268180787563324
v -0.18179716169834137 -0.06015114486217499 0.023947637528181076
v -0.18380267918109894 -0.05573594570159912 0.025008732452988625
v -0.17007622122764587 -0.05285761132836342 0.033402759581804276
v -0.1524513214826584 -0.17117489874362946 0.07538530230522156
v -0.14859768748283386 -0.16780589520931244 0.05461081117391586
v -0.15239188075065613 -0.16708217561244965 0.0434405691921711
v -0.15940484404563904 -0.02489764615893364 0.04487990587949753
v -0.15180638432502747 -0.02481933869421482 0.07768888026475906
v -0.15548758208751678 -0.037904996424913406 0.057563360780477524
v -0.16044646501541138 -0.039887625724077225 0.034291286021471024
v -0.1641000211238861 -0.03329848125576973 0.005685495678335428
v -0.16044646501541138 -0.039887625724077225 0.034291286021471024
v -0.1615271270275116 -0.05138713866472244 0.027852414175868034
v -0.16300098598003387 -0.05009984225034714 0.0003996092709712684
v -0.16436730325222015 -0.05350283160805702 0.004426234867423773
v -0.16086481511592865 -0.0549168586730957 -0.021524131298065186
v -0.162400022149086 -0.043447669595479965 -0.024682922288775444
v -0.14485003054141998 -0.06559278070926666 0.08963920921087265
v -0.14193201065063477 -0.10752254724502563 0.09518909454345703
v -0.14596454799175262 -0.11136143654584885 0.0853191688656807
v -0.14026996493339539 -0.07942580431699753 0.09921310096979141
v -0.1369900405406952 -0.06956782191991806 0.10492829978466034
v -0.13222715258598328 -0.09623178094625473 0.10785844177007675
v -0.14026996493339539 -0.07942580431699753 0.09921310096979141
v -0.1301734298467636 -0.06445544958114624 0.11165619641542435
v -0.18179716169834137 -0.06015114486217499 0.023947637528181076
v -0.18271982669830322 -0.07160503417253494 0.03164929524064064
v -0.18502944707870483 -0.06307897716760635 0.01640017330646515
v -0.19007502496242523 -0.07736586034297943 0.021229194477200508
v -0.18750591576099396 -0.0652170330286026 0.012660172767937183
v -0.18380267918109894 -0.05573594570159912 0.025008732452988625
v 0.040553830564022064 -0.02325609140098095 0.21127480268478394
v 0.03720148652791977 -0.014174173586070538 0.22173979878425598
v 0.057226620614528656 -0.013881059363484383 0.21585875749588013
v 0.052461352199316025 -0.02364165149629116 0.21006809175014496
v 0.037194106727838516 -0.017482100054621696 0.21747229993343353
v 0.05718224495649338 -0.02580292895436287 0.2108299881219864
v 0.03725048154592514 -0.013675419613718987 0.23191194236278534
v 0.05785191059112549 -0.013347522355616093 0.23299594223499298
v 0.039303842931985855 -0.024270227178931236 0.2086639553308487
v 0.057948898524045944 -0.025004306808114052 0.20888641476631165
v 0.039303842931985855 -0.024270227178931236 0.2086639553308487
v 0.052461352199316025 -0.02364165149629116 0.21006809175014496
v 0.14295484125614166 0.20956571400165558 0.11034451425075531
v 0.14425460994243622 0.2059158831834793 0.10917004197835922
v 0.13899016380310059 0.2036605328321457 0.10628164559602737
v 0.13761137425899506 0.2065369337797165 0.10419642925262451
v 0.14685751497745514 0.20506784319877625 0.11641371250152588
v 0.13886719942092896 0.21508090198040009 0.09626591205596924
v 0.13661685585975647 0.2111990600824356 0.09681086987257004
v 0.1420593112707138 0.21925388276576996 0.10150227695703506
v 0.1429058462381363 0.21880781650543213 0.1135721206665039
v 0.14177294075489044 0.22116631269454956 0.10946080833673477
v 0.13390414416790009 0.2128245085477829 0.09157158434391022
v 0.1429058462381363 0.21880781650543213 0.1135721206665039
v 0.1433643400669098 0.2080717831850052 0.11719769984483719
v 0.14295484125614166 0.20956571400165558 0.11034451425075531
vt 0.5322291851043701 0.007535457611083984
vt 0.5322291851043701 0.004166305065155029
vt 0.5286481380462646 0.0004432797431945801
vt 0.2345760315656662 0.8635497689247131
vt 0.23352056741714478 0.8208290338516235
vt 0.21657048165798187 0.8551003336906433
vt 0.21518386900424957 0.8219349384307861
vt 0.25488224625587463 0.8235979080200195
vt 0.25726789236068726 0.8594631552696228
vt 0.2530476450920105 0.8870119452476501
vt 0.22223477065563202 0.8797717094421387
vt 0.2362840324640274 0.8028216361999512
vt 0.25671789050102234 0.8045618534088135
vt 0.2823684811592102 0.8576787710189819
vt 0.282068133354187 0.8992301821708679
vt 0.27765533328056335 0.8228273391723633
vt 0.27626004815101624 0.8031332492828369
vt 0.2546181082725525 0.9076703786849976
vt 0.22215129435062408 0.8936547636985779
vt 0.2834758758544922 0.91680908203125
vt 0.26191699504852295 0.9210739135742188
vt 0.28480809926986694 0.9343465566635132
vt 0.27763089537620544 0.9426020979881287
vt 0.2549905478954315 0.9314537048339844
vt 0.3057173788547516 0.9200221300125122
vt 0.31516021490097046 0.8975650668144226
vt 0.2966711223125458 0.9357091784477234
vt 0.2963826358318329 0.8218017220497131
vt 0.3071395456790924 0.8471707105636597
vt 0.31205329298973083 0.8186741471290588
vt 0.311781108379364 0.8722066879272461
vt 0.3162195384502411 0.8439342975616455
vt 0.29762139916419983 0.9536154270172119
vt 0.3164692521095276 0.9340331554412842
vt 0.31975996494293213 0.8791292905807495
vt 0.3139205873012543 0.8053526878356934
vt 0.3202204406261444 0.8051983118057251
vt 0.3062621057033539 0.795307993888855
vt 0.23010046780109406 0.9154950976371765
vt 0.3176160454750061 0.8626296520233154
vt 0.3177475035190582 0.8184394836425781
vt 0.3233398199081421 0.8107364773750305
vt 0.27290859818458557 0.7791942358016968
vt 0.31544986367225647 0.9565750956535339
vt 0.1909824013710022 0.8523304462432861
vt 0.20136120915412903 0.8832558393478394
vt 0.19594508409500122 0.8216511607170105
vt 0.29311424493789673 0.7689433097839355
vt 0.2823842167854309 0.7570133209228516
vt 0.3144722878932953 0.747225284576416
vt 0.3127498924732208 0.7642545700073242
vt 0.3132137954235077 0.734897255897522
vt 0.3083607256412506 0.7701666951179504
vt 0.3159937262535095 0.7880151271820068
vt 0.2593473792076111 0.7811834216117859
vt 0.23792323470115662 0.7895703315734863
vt 0.3306148052215576 0.7374106645584106
vt 0.3310731053352356 0.7637134790420532
vt 0.33164411783218384 0.9186584949493408
vt 0.3422204852104187 0.9279305934906006
vt 0.34491658210754395 0.9346926808357239
vt 0.35226303339004517 0.9120686054229736
vt 0.3449693024158478 0.9136093854904175
vt 0.3398527204990387 0.9105870127677917
vt 0.3305516839027405 0.8999084830284119
vt 0.3269784450531006 0.8885931968688965
vt 0.33765190839767456 0.9019301533699036
vt 0.29968520998954773 0.7286853790283203
vt 0.2701386511325836 0.7517185807228088
vt 0.1991019994020462 0.811323881149292
vt 0.3257482349872589 0.7664695978164673
vt 0.3617461323738098 0.9129390716552734
vt 0.3407432436943054 0.9517096281051636
vt 0.31067249178886414 0.7216166853904724
vt 0.32013842463493347 0.718738317489624
vt 0.318979948759079 0.7692429423332214
vt 0.31913623213768005 0.7721209526062012
vt 0.24508637189865112 0.7678044438362122
vt 0.19921602308750153 0.7958362102508545
vt 0.2571108043193817 0.9460698962211609
vt 0.3039936423301697 0.7204196453094482
vt 0.29177388548851013 0.7219461798667908
vt 0.31290167570114136 0.7188299894332886
vt 0.27754947543144226 0.7234996557235718
vt 0.2639199495315552 0.7326297760009766
vt 0.24743694067001343 0.7476309537887573
vt 0.34012681245803833 0.7307976484298706
vt 0.33329421281814575 0.7973648905754089
vt 0.3567328155040741 0.9333248138427734
vt 0.3302421569824219 0.7750580310821533
vt 0.34252476692199707 0.7770771980285645
vt 0.3296935260295868 0.7863151431083679
vt 0.33377912640571594 0.7713568806648254
vt 0.34748575091362 0.7849107980728149
vt 0.33245739340782166 0.7172621488571167
vt 0.30976638197898865 0.9624966979026794
vt 0.3402632176876068 0.7655227780342102
vt 0.33496981859207153 0.7692947387695312
vt 0.223153755068779 0.7849254012107849
vt 0.14902395009994507 0.8356795907020569
vt 0.1493384689092636 0.8501651287078857
vt 0.1572645902633667 0.8729493618011475
vt 0.15289069712162018 0.8187117576599121
vt 0.17279048264026642 0.805548906326294
vt 0.23247215151786804 0.9411751627922058
vt 0.19416497647762299 0.9108056426048279
vt 0.17507033050060272 0.907020628452301
vt 0.1599828451871872 0.900303065776825
vt 0.15054938197135925 0.8061403036117554
vt 0.2170933037996292 0.9239687919616699
vt 0.2825118899345398 0.9558827877044678
vt 0.22504472732543945 0.761079728603363
vt 0.09101118892431259 0.8334075808525085
vt 0.08673465996980667 0.8525717854499817
vt 0.1124529168009758 0.8074980974197388
vt 0.054350923746824265 0.8054978847503662
vt 0.06303314864635468 0.8312513828277588
vt 0.016965996474027634 0.8269907832145691
vt 0.018949635326862335 0.8058196902275085
vt 0.0023124709259718657 0.8236276507377625
vt 0.0016791550442576408 0.846797525882721
vt 0.021951736882328987 0.8551098704338074
vt 0.0554782971739769 0.8790590763092041
vt 0.002423058496788144 0.79976886510849
vt 0.0023217368870973587 0.8610407710075378
vt 0.014529949985444546 0.8827625513076782
vt 0.003796286415308714 0.8914399147033691
vt 0.0016424147179350257 0.8948227167129517
vt 0.01555710006505251 0.9033551812171936
vt 0.1350208967924118 0.9105218648910522
vt 0.01192544773221016 0.7916622161865234
vt 0.002555309794843197 0.7895121574401855
vt 0.040866222232580185 0.7914241552352905
vt 0.0878254622220993 0.7906519174575806
vt 0.05897403880953789 0.892830491065979
vt 0.02696729078888893 0.8863382935523987
vt 0.05806538835167885 0.9077775478363037
vt 0.02580174058675766 0.9150181412696838
vt 0.1560029834508896 0.9265233278274536
vt 0.13409392535686493 0.9270829558372498
vt 0.18608134984970093 0.9200657606124878
vt 0.14561893045902252 0.790450930595398
vt 0.11032896488904953 0.9122933149337769
vt 0.002594137331470847 0.9131631255149841
vt 0.21850965917110443 0.9476282596588135
vt 0.20421303808689117 0.9314991235733032
vt 0.19617678225040436 0.7886485457420349
vt 0.00303047988563776 0.925567626953125
vt 0.01195498090237379 0.9358517527580261
vt 0.04919877275824547 0.9333192110061646
vt 0.08734241873025894 0.9303189516067505
vt 0.0004476275644265115 0.7860360145568848
vt 0.23973573744297028 0.7390033006668091
vt 0.19605718553066254 0.9335713386535645
vt 0.202217236161232 0.9456849098205566
vt 0.210535928606987 0.7490203380584717
vt 0.19115091860294342 0.760047197341919
vt 0.32296767830848694 0.823006808757782
vt 0.17549239099025726 0.932742714881897
vt 0.3425881862640381 0.9094278812408447
vt 0.25547268986701965 0.9567739963531494
vt 0.3235769271850586 0.8757965564727783
vt 0.0156819187104702 0.7687821388244629
vt 0.1347528100013733 0.7827821373939514
vt 0.19119539856910706 0.751334547996521
vt 0.041597165167331696 0.7733326554298401
vt 0.08741676807403564 0.7709557414054871
vt 0.16047006845474243 0.936819314956665
vt 0.3247355818748474 0.8539262413978577
vt 0.3231973350048065 0.8410635590553284
vt 0.21594282984733582 0.9591305255889893
vt 0.26437878608703613 0.7269256114959717
vt 0.2563227117061615 0.7237364053726196
vt 0.23589278757572174 0.7248694896697998
vt 0.12781572341918945 0.7659409642219543
vt 0.3260781764984131 0.8051084280014038
vt 0.23005671799182892 0.7343279123306274
vt 0.003275250783190131 0.7583324909210205
vt 0.19685158133506775 0.9506190419197083
vt 0.033853232860565186 0.7577406167984009
vt 0.07126647979021072 0.747005820274353
vt 0.11943425983190536 0.7498226165771484
vt 0.1296161711215973 0.7240827083587646
vt 0.15059150755405426 0.7407025098800659
vt 0.17598490417003632 0.7258886098861694
vt 0.18269631266593933 0.7396597266197205
vt 0.20601490139961243 0.7372144460678101
vt 0.30469584465026855 0.9673107862472534
vt 0.3172472417354584 0.9690178632736206
vt 0.20657820999622345 0.957996666431427
vt 0.3271706700325012 0.7708112001419067
vt 0.005871840286999941 0.7427515387535095
vt 0.09048774093389511 0.7219468355178833
vt 0.007404581643640995 0.7360876798629761
vt 0.0288840401917696 0.7435676455497742
vt 0.23238122463226318 0.965977132320404
vt 0.026265501976013184 0.7262819409370422
vt 0.0031148064881563187 0.9375245571136475
vt 0.14946508407592773 0.9399392604827881
vt 0.18968459963798523 0.731245756149292
vt 0.17781703174114227 0.7191129922866821
vt 0.3361263573169708 0.9702543020248413
vt 0.34833163022994995 0.9733026623725891
vt 0.004299367778003216 0.7174930572509766
vt 0.21507325768470764 0.9666880369186401
vt 0.3381735682487488 0.7906718850135803
vt 0.08460255712270737 0.7148686647415161
vt 0.347432941198349 0.7173357009887695
vt 0.35053879022598267 0.7227780818939209
vt 0.35395073890686035 0.71971195936203
vt 0.3517773449420929 0.713735818862915
vt 0.35683339834213257 0.7182912230491638
vt 0.05473263934254646 0.7152236104011536
vt 0.020334159955382347 0.7123227119445801
vt 0.11473311483860016 0.9343593120574951
vt 0.36561256647109985 0.9670810103416443
vt 0.3809310793876648 0.9157503843307495
vt 0.276983380317688 0.9672541618347168
vt 0.2625737190246582 0.967149019241333
vt 0.2521362900733948 0.9671516418457031
vt 0.003535324474796653 0.7237220406532288
vt 0.3470572829246521 0.909386396408081
vt 0.16649283468723297 0.958389401435852
vt 0.19978845119476318 0.9647042155265808
vt 0.2015095204114914 0.9704087972640991
vt 0.20646429061889648 0.9688743948936462
vt 0.19477835297584534 0.9801520109176636
vt 0.1997232884168625 0.9781326651573181
vt 0.004610694944858551 0.9469581842422485
vt 0.15774044394493103 0.9727938175201416
vt 0.15176403522491455 0.9564906358718872
vt 0.060348715633153915 0.9358615875244141
vt 0.36573535203933716 0.9772841334342957
vt 0.37055885791778564 0.933961808681488
vt 0.1683293581008911 0.9890779852867126
vt 0.19030572474002838 0.9926011562347412
vt 0.10807241499423981 0.9597747325897217
vt 0.13165386021137238 0.9785889387130737
vt 0.14358402788639069 0.9874249696731567
vt 0.10377930104732513 0.9824233651161194
vt 0.0739259272813797 0.9776411652565002
vt 0.02727905474603176 0.9431847929954529
vt 0.07516361027956009 0.962174654006958
vt 0.04701302573084831 0.9808258414268494
vt 0.11515770852565765 0.9434873461723328
vt 0.054800257086753845 0.9588567614555359
vt 0.029333453625440598 0.9780824184417725
vt 0.21140804886817932 0.9666184186935425
vt 0.18673330545425415 0.9995567202568054
vt 0.13242259621620178 0.9903727173805237
vt 0.07443736493587494 0.9865882396697998
vt 0.018924374133348465 0.9656317830085754
vt 0.32624346017837524 0.8750874996185303
vt 0.33102327585220337 0.7705018520355225
vt 0.0005645478959195316 0.7460938096046448
vt 0.35665640234947205 0.7123227119445801
vt 0.3289583623409271 0.8861564993858337
vt 0.7818252444267273 0.8466094732284546
vt 0.7980316877365112 0.8384106159210205
vt 0.8129787445068359 0.8422195911407471
vt 0.7811655402183533 0.8356415629386902
vt 0.7732553482055664 0.8514195084571838
vt 0.7681184411048889 0.8417890667915344
vt 0.7567055821418762 0.8494274616241455
vt 0.8023849129676819 0.8316875696182251
vt 0.8113937973976135 0.8314451575279236
vt 0.7797766327857971 0.8313751220703125
vt 0.7974567413330078 0.8274327516555786
vt 0.8075942993164062 0.8245342969894409
vt 0.7955992817878723 0.8490673899650574
vt 0.8133392930030823 0.8492838144302368
vt 0.7988624572753906 0.825150728225708
vt 0.807665228843689 0.8199214935302734
vt 0.7904056310653687 0.8093519806861877
vt 0.8072644472122192 0.8076174259185791
vt 0.7488902807235718 0.8215652108192444
vt 0.7626987099647522 0.8117856383323669
vt 0.7389798760414124 0.8145670890808105
vt 0.7492677569389343 0.8288506269454956
vt 0.7179057002067566 0.8302642703056335
vt 0.7107661366462708 0.8173849582672119
vt 0.7103992700576782 0.8309348821640015
vt 0.7568881511688232 0.8534762263298035
vt 0.7391534447669983 0.8559397459030151
vt 0.7509709000587463 0.8301867842674255
vt 0.7782040238380432 0.8295838236808777
vt 0.7691681385040283 0.8071931600570679
vt 0.7561892867088318 0.8082001805305481
vt 0.7338911294937134 0.8061511516571045
vt 0.7567515969276428 0.8023368716239929
vt 0.7968897819519043 0.8018890023231506
vt 0.7817551493644714 0.7908270359039307
vt 0.7989230751991272 0.7863648533821106
vt 0.8067246079444885 0.8015687465667725
vt 0.7414243817329407 0.7909343838691711
vt 0.729131281375885 0.8041816353797913
vt 0.8062064051628113 0.7863467335700989
vt 0.7176337838172913 0.7934732437133789
vt 0.7069916725158691 0.8058613538742065
vt 0.7064226865768433 0.795217752456665
vt 0.7601549029350281 0.7853810787200928
vt 0.7926762700080872 0.7834575176239014
vt 0.7948881983757019 0.7771819829940796
vt 0.8019400835037231 0.7833729982376099
vt 0.8083146214485168 0.7784681916236877
vt 0.8082819581031799 0.7826992273330688
vt 0.7377310991287231 0.781038761138916
vt 0.7276212573051453 0.7889844179153442
vt 0.7158803939819336 0.7871364951133728
vt 0.7057290077209473 0.7809336185455322
vt 0.7064549326896667 0.7879389524459839
vt 0.7930609583854675 0.8062941431999207
vt 0.8063963055610657 0.8038890361785889
vt 0.8016192317008972 0.7740950584411621
vt 0.8083352446556091 0.7716162204742432
vt 0.7546588778495789 0.7618423104286194
vt 0.7979947924613953 0.7495495080947876
vt 0.81150221824646 0.751712441444397
vt 0.7780004143714905 0.7493103742599487
vt 0.7451424598693848 0.7466151118278503
vt 0.7053796052932739 0.753908634185791
vt 0.7048901915550232 0.7581817507743835
vt 0.7263696789741516 0.7444278001785278
vt 0.7046213150024414 0.7427784204483032
vt 0.810967206954956 0.7580763101577759
vt 0.7540643811225891 0.7650314569473267
vt 0.7459020614624023 0.766684889793396
vt 0.7020998597145081 0.7562003135681152
vt 0.7044539451599121 0.76191246509552
vt 0.7094168663024902 0.8060590624809265
vt 0.7346848845481873 0.7792690396308899
vt 0.719143807888031 0.7416804432868958
vt 0.7427144050598145 0.8117194175720215
vt 0.8089343905448914 0.7925853133201599
vt 0.8092546463012695 0.8028128147125244
vt 0.7086246609687805 0.7898820638656616
vt 0.7174105048179626 0.7897641658782959
vt 0.7176350355148315 0.7918885946273804
vt 0.8092209696769714 0.7486580610275269
vt 0.7995402216911316 0.7486625909805298
vt 0.7087615728378296 0.81699538230896
vt 0.7969152331352234 0.7437143325805664
vt 0.8057424426078796 0.742502748966217
vt 0.8126076459884644 0.7410058975219727
vt 0.7775328755378723 0.7069358825683594
vt 0.7635614275932312 0.724465012550354
vt 0.7390326261520386 0.6963405609130859
vt 0.8133392930030823 0.7171493172645569
vt 0.7330638766288757 0.7312380075454712
vt 0.6800180673599243 0.6798312067985535
vt 0.6645214557647705 0.7245991230010986
vt 0.7803412079811096 0.744748055934906
vt 0.6322410106658936 0.7009119987487793
vt 0.6354263424873352 0.6679964661598206
vt 0.6316025257110596 0.7188544869422913
vt 0.765349268913269 0.7444746494293213
vt 0.6697285771369934 0.7280598878860474
vt 0.7176334857940674 0.7372809648513794
vt 0.7227845788002014 0.6896096467971802
vt 0.6662707328796387 0.6754983067512512
vt 0.805317223072052 0.8049280643463135
vt 0.31546497344970703 0.5455996990203857
vt 0.31772133708000183 0.520706295967102
vt 0.3214032053947449 0.5444614887237549
vt 0.34421464800834656 0.5117783546447754
vt 0.34397605061531067 0.5313075184822083
vt 0.36437273025512695 0.548405110836029
vt 0.37169480323791504 0.4898332357406616
vt 0.3380688428878784 0.5475031137466431
vt 0.3579612076282501 0.5511634349822998
vt 0.32529404759407043 0.48824745416641235
vt 0.34501156210899353 0.48730480670928955
vt 0.36065489053726196 0.4880836606025696
vt 0.3839351534843445 0.4884950518608093
vt 0.39724716544151306 0.5482457876205444
vt 0.3728739619255066 0.5521652102470398
vt 0.4130859971046448 0.5095008015632629
vt 0.3880106508731842 0.5533815622329712
vt 0.3989030420780182 0.558730959892273
vt 0.4090563654899597 0.5503479838371277
vt 0.421814501285553 0.5368889570236206
vt 0.42262741923332214 0.5162511467933655
vt 0.3140224516391754 0.5110329389572144
vt 0.3101021349430084 0.48764854669570923
vt 0.40567657351493835 0.4865623116493225
vt 0.42310574650764465 0.4993003010749817
vt 0.42186614871025085 0.559109091758728
vt 0.4239332973957062 0.4812803268432617
vt 0.4045571982860565 0.5669460296630859
vt 0.3122733533382416 0.5263029336929321
vt 0.3993997573852539 0.5739245414733887
vt 0.39715471863746643 0.4808313846588135
vt 0.30315884947776794 0.5019240379333496
vt 0.2995624542236328 0.5132372379302979
vt 0.30409738421440125 0.5270959138870239
vt 0.29730841517448425 0.5196499824523926
vt 0.2889786958694458 0.519218385219574
vt 0.3934667110443115 0.47149914503097534
vt 0.424909383058548 0.46432995796203613
vt 0.34672194719314575 0.4643958806991577
vt 0.3753584325313568 0.4830940365791321
vt 0.34880995750427246 0.48096317052841187
vt 0.33056601881980896 0.4804568290710449
vt 0.3303242325782776 0.46617549657821655
vt 0.31834855675697327 0.4808397889137268
vt 0.31594789028167725 0.45925039052963257
vt 0.32810595631599426 0.4363308548927307
vt 0.3123604357242584 0.43308860063552856
vt 0.3045150935649872 0.4805179834365845
vt 0.34285879135131836 0.4377904534339905
vt 0.35917481780052185 0.45331311225891113
vt 0.3802420198917389 0.44072282314300537
vt 0.4050314426422119 0.44422465562820435
vt 0.4211205542087555 0.5865519046783447
vt 0.29802796244621277 0.4928375482559204
vt 0.32695668935775757 0.4840654730796814
vt 0.32441067695617676 0.5481789112091064
vt 0.2956710457801819 0.45795899629592896
vt 0.29725193977355957 0.4288989305496216
vt 0.2985800504684448 0.472084641456604
vt 0.28408724069595337 0.46517741680145264
vt 0.2877805233001709 0.4759565591812134
vt 0.2945532202720642 0.4884275794029236
vt 0.2782720625400543 0.49330055713653564
vt 0.2705575227737427 0.4866412281990051
vt 0.4050278067588806 0.5885099172592163
vt 0.31231898069381714 0.545549213886261
vt 0.4218601584434509 0.6023333072662354
vt 0.26441746950149536 0.4813370704650879
vt 0.26365265250205994 0.47054576873779297
vt 0.2865586578845978 0.4268617033958435
vt 0.42314428091049194 0.4451659917831421
vt 0.2816258668899536 0.44857561588287354
vt 0.2857417166233063 0.5086577534675598
vt 0.2922796607017517 0.5055223703384399
vt 0.28488823771476746 0.5036157965660095
vt 0.292229562997818 0.4986618161201477
vt 0.28126686811447144 0.5005850195884705
vt 0.4252152144908905 0.5802244544029236
vt 0.2820807695388794 0.49729931354522705
vt 0.29040294885635376 0.4952428340911865
vt 0.42640161514282227 0.5582288503646851
vt 0.45924681425094604 0.5807204842567444
vt 0.4568776786327362 0.5608791708946228
vt 0.4768317639827728 0.5517011880874634
vt 0.47580674290657043 0.5787184834480286
vt 0.48101669549942017 0.5588855743408203
vt 0.48021864891052246 0.5873884558677673
vt 0.48100411891937256 0.5305757522583008
vt 0.4740504324436188 0.5295417308807373
vt 0.48068326711654663 0.5088757276535034
vt 0.45989537239074707 0.5130370259284973
vt 0.4820561110973358 0.4926103353500366
vt 0.45757508277893066 0.49895310401916504
vt 0.45895737409591675 0.4807094931602478
vt 0.45330968499183655 0.5289685726165771
vt 0.43008020520210266 0.529792308807373
vt 0.42645782232284546 0.5253018140792847
vt 0.42900019884109497 0.511613667011261
vt 0.48294344544410706 0.4811989665031433
vt 0.42840319871902466 0.4929735064506531
vt 0.4287835657596588 0.4781033396720886
vt 0.4786433279514313 0.5947372913360596
vt 0.4563257098197937 0.59522944688797
vt 0.42521026730537415 0.5916235446929932
vt 0.4459554851055145 0.6130086183547974
vt 0.46667665243148804 0.6143380403518677
vt 0.47848376631736755 0.6149628162384033
vt 0.4670848250389099 0.6335710287094116
vt 0.45725977420806885 0.631536602973938
vt 0.4565560817718506 0.6359915137290955
vt 0.44523343443870544 0.6334150433540344
vt 0.4414987862110138 0.6391270756721497
vt 0.42884618043899536 0.6294268369674683
vt 0.4253695607185364 0.6016727685928345
vt 0.42446279525756836 0.6396516561508179
vt 0.4239408075809479 0.627942681312561
vt 0.4245406985282898 0.6166747808456421
vt 0.4080280065536499 0.6085867881774902
vt 0.4213597774505615 0.6135951280593872
vt 0.3939858078956604 0.6006019115447998
vt 0.4809066653251648 0.4605170488357544
vt 0.4742283523082733 0.6299959421157837
vt 0.4201532304286957 0.6249127388000488
vt 0.39568910002708435 0.5872992277145386
vt 0.47555074095726013 0.45896703004837036
vt 0.4507363736629486 0.4723730683326721
vt 0.462534099817276 0.44841325283050537
vt 0.4398617446422577 0.4450075626373291
vt 0.4475383758544922 0.4431922435760498
vt 0.4291667342185974 0.46305954456329346
vt 0.45290061831474304 0.4405801296234131
vt 0.4384719729423523 0.44080615043640137
vt 0.4253791272640228 0.4411362409591675
vt 0.4715293049812317 0.4535406231880188
vt 0.4284825921058655 0.44870465993881226
vt 0.2925988733768463 0.5258455872535706
vt 0.40336352586746216 0.6284801363945007
vt 0.38919228315353394 0.6088275909423828
vt 0.41992297768592834 0.6287270784378052
vt 0.40537792444229126 0.6305503845214844
vt 0.3871760666370392 0.6308033466339111
vt 0.3745233714580536 0.6283864974975586
vt 0.37949857115745544 0.6326384544372559
vt 0.363142192363739 0.6330158710479736
vt 0.3473599851131439 0.6314067840576172
vt 0.33970943093299866 0.6394534111022949
vt 0.35063502192497253 0.6201732158660889
vt 0.32234978675842285 0.6334500312805176
vt 0.33495330810546875 0.6348159909248352
vt 0.3246998190879822 0.6395717859268188
vt 0.32320350408554077 0.6230165958404541
vt 0.31460434198379517 0.63633793592453
vt 0.3256736993789673 0.6145355701446533
vt 0.3459020256996155 0.6126552820205688
vt 0.3577761650085449 0.6118335723876953
vt 0.36550429463386536 0.6368889808654785
vt 0.4767710268497467 0.4562058448791504
vt 0.376192569732666 0.6098330616950989
vt 0.48388540744781494 0.46849894523620605
vt 0.42441514134407043 0.475572407245636
vt 0.4080505669116974 0.6435598731040955
vt 0.4263249933719635 0.6441370248794556
vt 0.426547646522522 0.6406663656234741
vt 0.4005872905254364 0.6517015695571899
vt 0.3892853558063507 0.6457425355911255
vt 0.38660910725593567 0.6404203176498413
vt 0.3651844263076782 0.6468659043312073
vt 0.37137672305107117 0.652290940284729
vt 0.3097412586212158 0.529255211353302
vt 0.31055179238319397 0.5371705293655396
vt 0.36601725220680237 0.43656325340270996
vt 0.4829450249671936 0.5115866661071777
vt 0.35924842953681946 0.6448608040809631
vt 0.36422470211982727 0.6496244668960571
vt 0.4060276746749878 0.435524582862854
vt 0.4206901490688324 0.43646371364593506
vt 0.39523619413375854 0.5596331357955933
vt 0.3952264189720154 0.5751038789749146
vt 0.36832860112190247 0.6553261876106262
vt 0.48261868953704834 0.5987393856048584
vt 0.4803214371204376 0.627582311630249
vt 0.2878197133541107 0.525174081325531
vt 0.38631728291511536 0.6058358550071716
vt 0.37326714396476746 0.6573581695556641
vt 0.48388540744781494 0.6229733228683472
vt 0.8471373915672302 0.4710388779640198
vt 0.8422593474388123 0.46743154525756836
vt 0.8526261448860168 0.4649174213409424
vt 0.8520773649215698 0.4947943687438965
vt 0.8494781851768494 0.4499170780181885
vt 0.8389751315116882 0.49913620948791504
vt 0.8378000259399414 0.4774441123008728
vt 0.8258039355278015 0.4869511127471924
vt 0.8332871794700623 0.5150125026702881
vt 0.8443072438240051 0.5309905409812927
vt 0.8552027344703674 0.522163450717926
vt 0.8499511480331421 0.5391005277633667
vt 0.8553720712661743 0.5338358879089355
vt 0.8453429937362671 0.5442357063293457
vt 0.8364540934562683 0.5417038202285767
vt 0.8201003670692444 0.4878918528556824
vt 0.8220532536506653 0.5131849050521851
vt 0.8244397044181824 0.5383880138397217
vt 0.8486226201057434 0.544249415397644
vt 0.8304938673973083 0.4790266752243042
vt 0.824794590473175 0.48231518268585205
vt 0.8692241907119751 0.5356998443603516
vt 0.8717867136001587 0.5225085616111755
vt 0.8794838190078735 0.5133339166641235
vt 0.8637497425079346 0.4925902485847473
vt 0.8805903792381287 0.5356544852256775
vt 0.8959937691688538 0.5313422679901123
vt 0.9068741202354431 0.5099169611930847
vt 0.895911455154419 0.4614867568016052
vt 0.909542977809906 0.4793497920036316
vt 0.8822818398475647 0.4599732756614685
vt 0.8964574933052063 0.42882198095321655
vt 0.8856120109558105 0.43139129877090454
vt 0.8893723487854004 0.4061644673347473
vt 0.8995789289474487 0.40729665756225586
vt 0.8896768093109131 0.3947112560272217
vt 0.8992323875427246 0.38067787885665894
vt 0.8896511197090149 0.37946897745132446
vt 0.9098317623138428 0.4231235980987549
vt 0.8649749755859375 0.46881842613220215
vt 0.920875072479248 0.3819544315338135
vt 0.9263207912445068 0.403481662273407
vt 0.914654552936554 0.45201337337493896
vt 0.9279319643974304 0.3844032883644104
vt 0.9197468161582947 0.5128532648086548
vt 0.9138745665550232 0.5180445313453674
vt 0.9078550338745117 0.5240052938461304
vt 0.9008575677871704 0.5339553952217102
vt 0.8775723576545715 0.4196661710739136
vt 0.8635456562042236 0.448932409286499
vt 0.9137475490570068 0.38143688440322876
vt 0.9250747561454773 0.47225862741470337
vt 0.9279319643974304 0.43708139657974243
vt 0.9276694655418396 0.40840333700180054
vt 0.8683367371559143 0.43618905544281006
vt 0.8790053129196167 0.5447936058044434
vt 0.8222593665122986 0.48535579442977905
vt 0.8791103363037109 0.40354615449905396
vt 0.8210407495498657 0.5232906341552734
vt 0.8386250138282776 0.46051520109176636
vt 0.8268777132034302 0.4681224822998047
vt 0.8383894562721252 0.4499174952507019
vt 0.8194998502731323 0.4523394703865051
vt 0.8177903890609741 0.46741485595703125
vt 0.8179068565368652 0.4424145221710205
vt 0.8607438206672668 0.425067663192749
vt 0.8558125495910645 0.43889904022216797
vt 0.8197436332702637 0.47128963470458984
vt 0.8351205587387085 0.40379267930984497
vt 0.8158528804779053 0.4222072958946228
vt 0.8184863328933716 0.37878286838531494
vt 0.859016478061676 0.39384788274765015
vt 0.8653659820556641 0.41856926679611206
vt 0.8289355635643005 0.37170612812042236
vt 0.845824122428894 0.37270164489746094
vt 0.8656842708587646 0.373942494392395
vt 0.8730664253234863 0.3946588635444641
vt 0.8778454065322876 0.3844693899154663
vt 0.8682850003242493 0.40962326526641846
vt 0.813183605670929 0.40421736240386963
vt 0.814748227596283 0.3710106611251831
vt 0.8109545111656189 0.3773866891860962
vt 0.8229966759681702 0.476490318775177
vt 0.8775820136070251 0.37427765130996704
vt 0.8596429824829102 0.43397533893585205
vt 0.8167606592178345 0.4776274561882019
vt 0.8649548292160034 0.423611581325531
vt 0.8829353451728821 0.5470517873764038
vt 0.8937602639198303 0.5453563928604126
vt 0.8903595805168152 0.5336164236068726
vt 0.8761982321739197 0.3978293538093567
vt 0.8805044889450073 0.3808920383453369
vt 0.8750649094581604 0.546485185623169
vt 0.8654413819313049 0.5470317006111145
vt 0.8742688894271851 0.41748327016830444
vt 0.8093704581260681 0.38088446855545044
vt 0.8973835110664368 0.5434697866439819
vt 0.9255020022392273 0.5109107494354248
vt 0.8330857157707214 0.47072267532348633
vt 0.8251615166664124 0.4733874201774597
vt 0.881722629070282 0.3764464259147644
vt 0.8590852618217468 0.5451316833496094
vt 0.8513116836547852 0.5483156442642212
vt 0.8079677820205688 0.37361496686935425
vt 0.8783714771270752 0.547855019569397
vt 0.8189682364463806 0.6931747198104858
vt 0.8278816938400269 0.7044500112533569
vt 0.8098918199539185 0.6928701400756836
vt 0.8147907257080078 0.704903781414032
vt 0.815261721611023 0.6889115571975708
vt 0.8268067240715027 0.7231327295303345
vt 0.8353540301322937 0.7226324081420898
vt 0.7988091707229614 0.6734479665756226
vt 0.8096155524253845 0.6688144207000732
vt 0.7922008633613586 0.659787118434906
vt 0.8046060800552368 0.6552528142929077
vt 0.794456958770752 0.6517455577850342
vt 0.8073139786720276 0.6481239795684814
vt 0.8035109639167786 0.6368170976638794
vt 0.8346660137176514 0.7423615455627441
vt 0.8424835801124573 0.746444582939148
vt 0.8441539406776428 0.7424688339233398
vt 0.8163771629333496 0.6346968412399292
vt 0.8123286366462708 0.6188797950744629
vt 0.8260103464126587 0.6188129186630249
vt 0.8193424344062805 0.6049977540969849
vt 0.811384379863739 0.605737566947937
vt 0.8218950629234314 0.5931565165519714
vt 0.8293473720550537 0.602446436882019
vt 0.8310477137565613 0.6073921918869019
vt 0.8342379331588745 0.5942012667655945
vt 0.8065353035926819 0.6139953136444092
vt 0.8010497689247131 0.6305708885192871
vt 0.7945790886878967 0.6375207901000977
vt 0.8359730243682861 0.7525122761726379
vt 0.834804356098175 0.585821807384491
vt 0.8427587151527405 0.7507830858230591
vt 0.8473590016365051 0.7593085169792175
vt 0.8374767303466797 0.7574185132980347
vt 0.7915822863578796 0.6443226337432861
vt 0.825598418712616 0.6933213472366333
vt 0.7876920104026794 0.6545294523239136
vt 0.7857214212417603 0.6497942209243774
vt 0.7831729054450989 0.647136390209198
vt 0.8061865568161011 0.5927876234054565
vt 0.8258499503135681 0.5852340459823608
vt 0.8348230123519897 0.558052659034729
vt 0.8202298283576965 0.5618717670440674
vt 0.8293473720550537 0.5512203574180603
vt 0.7957762479782104 0.5936107039451599
vt 0.7924355864524841 0.6159936189651489
vt 0.8154594302177429 0.5506134033203125
vt 0.8001835346221924 0.5650331974029541
vt 0.7859609127044678 0.5833727121353149
vt 0.7783131003379822 0.6190778017044067
vt 0.7726553678512573 0.6039750576019287
vt 0.7629748582839966 0.6318113207817078
vt 0.7720729112625122 0.6406065225601196
vt 0.7790790796279907 0.6448928117752075
vt 0.8356425166130066 0.5804711580276489
vt 0.8407993316650391 0.5750954151153564
vt 0.8441211581230164 0.5620163679122925
vt 0.8473590016365051 0.5603491067886353
vt 0.7966825366020203 0.6228121519088745
vt 0.8358814120292664 0.5694612264633179
vt 0.8399279713630676 0.5579906702041626
vt 0.7973358631134033 0.6748479604721069
vt 0.8267667293548584 0.7334897518157959
vt 0.8244040608406067 0.5467841625213623
vt 0.8070780634880066 0.6537532806396484
vt 0.8005504012107849 0.6783626079559326
vt 0.8171976804733276 0.541223406791687
vt 0.7748355865478516 0.5850964784622192
vt 0.7845438718795776 0.5708080530166626
vt 0.7652570605278015 0.6013649702072144
vt 0.7561239004135132 0.6281106472015381
vt 0.7542524337768555 0.6342111825942993
vt 0.1395619511604309 0.4878333806991577
vt 0.11954765021800995 0.49555861949920654
vt 0.13670960068702698 0.4983283281326294
vt 0.13847094774246216 0.4742852449417114
vt 0.13368068635463715 0.4685859680175781
vt 0.11042799055576324 0.4698353409767151
vt 0.12457525730133057 0.4568529725074768
vt 0.11680401116609573 0.44426989555358887
vt 0.09478046000003815 0.49720293283462524
vt 0.09138291329145432 0.4716160297393799
vt 0.08277611434459686 0.5016511678695679
vt 0.0907648354768753 0.4468991160392761
vt 0.06610523909330368 0.44088149070739746
vt 0.07408645749092102 0.43714380264282227
vt 0.075156070291996 0.4672276973724365
vt 0.05792443826794624 0.5096328258514404
vt 0.07214836031198502 0.5168777704238892
vt 0.08391658216714859 0.5091142058372498
vt 0.10847392678260803 0.4999956488609314
vt 0.11678123474121094 0.507686972618103
vt 0.09549671411514282 0.5249369144439697
vt 0.11186158657073975 0.5391814708709717
vt 0.08865118771791458 0.562608003616333
vt 0.07847944647073746 0.5571266412734985
vt 0.09923430532217026 0.566678524017334
vt 0.12223411351442337 0.5717717409133911
vt 0.13709887862205505 0.5298130512237549
vt 0.13574063777923584 0.5503977537155151
vt 0.140306755900383 0.5646748542785645
vt 0.1370023638010025 0.5128318071365356
vt 0.06286308914422989 0.5262376070022583
vt 0.07064090669155121 0.5429555177688599
vt 0.058720026165246964 0.5138373970985413
vt 0.05405515432357788 0.47522008419036865
vt 0.061908356845378876 0.452722430229187
vt 0.05144805088639259 0.4973244071006775
vt 0.0439109280705452 0.4810899496078491
vt 0.14062361419200897 0.5227196216583252
vt 0.14089138805866241 0.5409334301948547
vt 0.14001862704753876 0.5056010484695435
vt 0.14022856950759888 0.5539687275886536
vt 0.10143996775150299 0.4250314235687256
vt 0.10881662368774414 0.4340061545372009
vt 0.07198243588209152 0.5519269704818726
vt 0.06301093101501465 0.4366447925567627
vt 0.035909149795770645 0.4645092487335205
vt 0.03880621865391731 0.45568108558654785
vt 0.025946028530597687 0.4508936405181885
vt 0.14131677150726318 0.5715502500534058
vt 0.09450577944517136 0.4171072244644165
vt 0.07902202755212784 0.5626630783081055
vt 0.062350060790777206 0.41927629709243774
vt 0.08859707415103912 0.40882259607315063
vt 0.026816431432962418 0.44184786081314087
vt 0.07305260002613068 0.5571848750114441
vt 0.14577984809875488 0.49448710680007935
vt 0.140716090798378 0.4724356532096863
vt 0.14167730510234833 0.4946138858795166
vt 0.14448927342891693 0.5062772631645203
vt 0.043894920498132706 0.41536664962768555
vt 0.045529481023550034 0.42534106969833374
vt 0.014884795062243938 0.43411821126937866
vt 0.015313198789954185 0.4234592318534851
vt 0.007576022297143936 0.4239710569381714
vt 0.10431311279535294 0.570838212966919
vt 0.0581495575606823 0.5211822986602783
vt 0.08323384076356888 0.4013797640800476
vt 0.03482827916741371 0.47091037034988403
vt 0.02548038586974144 0.4557182192802429
vt 0.1704399138689041 0.4796726703643799
vt 0.17551152408123016 0.4942862391471863
vt 0.14971555769443512 0.4633275866508484
vt 0.16798827052116394 0.49847203493118286
vt 0.15815629065036774 0.5155056715011597
vt 0.18212130665779114 0.4607493281364441
vt 0.1620313972234726 0.4472421407699585
vt 0.16660410165786743 0.5350749492645264
vt 0.18482601642608643 0.4546782970428467
vt 0.16213378310203552 0.5550479888916016
vt 0.16126090288162231 0.5722509622573853
vt 0.1941695362329483 0.48946958780288696
vt 0.19491086900234222 0.5011274218559265
vt 0.1720317304134369 0.43580693006515503
vt 0.18432165682315826 0.5215504169464111
vt 0.042636699974536896 0.4862683415412903
vt 0.18869386613368988 0.5025714635848999
vt 0.1928863376379013 0.5041712522506714
vt 0.18019156157970428 0.42388004064559937
vt 0.06672247499227524 0.5395088195800781
vt 0.21866610646247864 0.4812038540840149
vt 0.21354642510414124 0.5243306756019592
vt 0.1951863169670105 0.5429540872573853
vt 0.20839576423168182 0.5407940149307251
vt 0.21309134364128113 0.5359638333320618
vt 0.22074268758296967 0.5231488943099976
vt 0.21842850744724274 0.5100686550140381
vt 0.2150088995695114 0.5106188058853149
vt 0.22365452349185944 0.512437641620636
vt 0.20846492052078247 0.5493013858795166
vt 0.2234760820865631 0.5072052478790283
vt 0.2263573706150055 0.4873984456062317
vt 0.22949671745300293 0.49930810928344727
vt 0.23629052937030792 0.479430615901947
vt 0.22507373988628387 0.4688538908958435
vt 0.2462640404701233 0.46077489852905273
vt 0.2373858243227005 0.44643688201904297
vt 0.2517412006855011 0.4443228244781494
vt 0.2616201341152191 0.44030529260635376
vt 0.24484777450561523 0.4291039705276489
vt 0.22305966913700104 0.4416835308074951
vt 0.20334254205226898 0.4395369291305542
vt 0.19851642847061157 0.5591148734092712
vt 0.24406978487968445 0.4723319411277771
vt 0.2601526081562042 0.4320526123046875
vt 0.22508090734481812 0.4287107586860657
vt 0.17304019629955292 0.5702872276306152
vt 0.18534187972545624 0.5654318928718567
vt 0.19697104394435883 0.4216355085372925
vt 0.1876707226037979 0.414278507232666
vt 0.20646412670612335 0.5556493997573853
vt 0.0514470599591732 0.5021020174026489
vt 0.05592853203415871 0.5117528438568115
vt 0.19387446343898773 0.4082629680633545
vt 0.017693599686026573 0.4417404532432556
vt 0.2478267252445221 0.42085063457489014
vt 0.22725936770439148 0.4126923680305481
vt 0.25036776065826416 0.46365416049957275
vt 0.07657433301210403 0.3939274549484253
vt 0.05450620874762535 0.4062473773956299
vt 0.23918943107128143 0.48617619276046753
vt 0.24475452303886414 0.4749934673309326
vt 0.2645478844642639 0.4267488121986389
vt 0.26061785221099854 0.42056941986083984
vt 0.20449435710906982 0.4022448658943176
vt 0.2504718005657196 0.41419875621795654
vt 0.2193351536989212 0.5419135689735413
vt 0.004313390236347914 0.41501373052597046
vt 0.0004476275644265115 0.4127016067504883
vt 0.012570461258292198 0.4087878465652466
vt 0.04050644487142563 0.4103137254714966
vt 0.023091739043593407 0.41488802433013916
vt 0.1995079517364502 0.39856141805648804
vt 0.23366500437259674 0.4069361090660095
vt 0.2153344303369522 0.3973478674888611
vt 0.20650018751621246 0.3896276354789734
vt 0.13817785680294037 0.47011828422546387
vt 0.14407537877559662 0.57491135597229
vt 0.07406514137983322 0.3896276354789734
vt 0.13082987070083618 0.46150434017181396
vt 0.11960015445947647 0.44574570655822754
vt 0.22348392009735107 0.5287790894508362
vt 0.23311299085617065 0.49835526943206787
vt 0.22519317269325256 0.5127984285354614
vt 0.720890998840332 0.14569830894470215
vt 0.7229486107826233 0.15034693479537964
vt 0.7407989501953125 0.1491428017616272
vt 0.7384530305862427 0.15786856412887573
vt 0.7094091176986694 0.18086665868759155
vt 0.6848844885826111 0.16907477378845215
vt 0.7225899696350098 0.18895918130874634
vt 0.6872066259384155 0.19569915533065796
vt 0.7076137065887451 0.19834470748901367
vt 0.6728209257125854 0.1934162974357605
vt 0.6929880976676941 0.14238274097442627
vt 0.672123908996582 0.17693233489990234
vt 0.7524811625480652 0.14973855018615723
vt 0.6715800166130066 0.14055991172790527
vt 0.6524831652641296 0.18947988748550415
vt 0.6570622324943542 0.16156446933746338
vt 0.7264931201934814 0.20104175806045532
vt 0.744127094745636 0.17462265491485596
vt 0.6439390182495117 0.1651788353919983
vt 0.6529137492179871 0.13342195749282837
vt 0.746495246887207 0.13959288597106934
vt 0.7398004531860352 0.19307398796081543
vt 0.762881338596344 0.1648527979850769
vt 0.7651737928390503 0.15040111541748047
vt 0.7066166400909424 0.1357128620147705
vt 0.6369699835777283 0.18521356582641602
vt 0.7547184228897095 0.19372498989105225
vt 0.7375463843345642 0.2026517391204834
vt 0.6586819887161255 0.19389039278030396
vt 0.7752845883369446 0.14303094148635864
vt 0.7817752957344055 0.150723397731781
vt 0.8009615540504456 0.1431465744972229
vt 0.7526229023933411 0.2043439745903015
vt 0.8030121326446533 0.15008926391601562
vt 0.8042190074920654 0.14829927682876587
vt 0.8096187710762024 0.14631450176239014
vt 0.7785456776618958 0.17059326171875
vt 0.7232267260551453 0.1361522078514099
vt 0.6392964124679565 0.18967705965042114
vt 0.7773088216781616 0.1397266387939453
vt 0.625335693359375 0.1868647336959839
vt 0.7956900596618652 0.13856136798858643
vt 0.8058062195777893 0.1361033320426941
vt 0.79818195104599 0.13342195749282837
vt 0.8073059320449829 0.14039325714111328
vt 0.8247198462486267 0.14249444007873535
vt 0.8312444090843201 0.14154136180877686
vt 0.8213322162628174 0.14673972129821777
vt 0.3442537188529968 0.9837698936462402
vt 0.34172046184539795 0.9858429431915283
vt 0.35854968428611755 0.977393627166748
vt 0.3368801772594452 0.9837673306465149
vt 0.3192511796951294 0.9917231202125549
vt 0.31136515736579895 0.9840394854545593
vt 0.3173622190952301 0.9847223162651062
vt 0.3236933648586273 0.9826012849807739
vt 0.3028244078159332 0.9933510422706604
vt 0.2927481234073639 0.9839199185371399
vt 0.2852005362510681 0.9926949739456177
vt 0.2776942253112793 0.9828914403915405
vt 0.26843735575675964 0.9911667108535767
vt 0.26245859265327454 0.9807614684104919
vt 0.24852587282657623 0.9818238615989685
vt 0.2507358193397522 0.9873135089874268
vt 0.2439570277929306 0.9842841029167175
vt 0.24955128133296967 0.977393627166748
vt 0.33475640416145325 0.9801554083824158
vt 0.7801581025123596 0.08632731437683105
vt 0.8017088770866394 0.08888709545135498
vt 0.7915247678756714 0.07253247499465942
vt 0.7698149085044861 0.07585644721984863
vt 0.7962048649787903 0.10739457607269287
vt 0.7854748368263245 0.11187857389450073
vt 0.7629701495170593 0.0875464677810669
vt 0.7732509970664978 0.11452090740203857
vt 0.7597626447677612 0.09786009788513184
vt 0.7487810254096985 0.07502627372741699
vt 0.8054038882255554 0.07276415824890137
vt 0.7621386051177979 0.06556552648544312
vt 0.7495993375778198 0.067085862159729
vt 0.7393438220024109 0.06814002990722656
vt 0.7806418538093567 0.06428366899490356
vt 0.7255063652992249 0.07982403039932251
vt 0.725929319858551 0.06983935832977295
vt 0.7082812190055847 0.07100367546081543
vt 0.7547484636306763 0.1167331337928772
vt 0.7397476434707642 0.11767697334289551
vt 0.714265763759613 0.08593207597732544
vt 0.6936487555503845 0.07147246599197388
vt 0.7249149680137634 0.1198546290397644
vt 0.7090900540351868 0.0961906909942627
vt 0.6963242292404175 0.08830541372299194
vt 0.7125717401504517 0.12189716100692749
vt 0.6884769797325134 0.07498699426651001
vt 0.7015007138252258 0.09918802976608276
vt 0.7076388001441956 0.11130380630493164
vt 0.8013783693313599 0.10651630163192749
vt 0.8061237931251526 0.06549394130706787
vt 0.7930309176445007 0.06403279304504395
vt 0.8048720955848694 0.061613500118255615
vt 0.8237055540084839 0.06544351577758789
vt 0.8091060519218445 0.08983802795410156
vt 0.8361005783081055 0.07491534948348999
vt 0.8371955752372742 0.0668109655380249
vt 0.8518352508544922 0.07240349054336548
vt 0.8454689383506775 0.0854877233505249
vt 0.8285737633705139 0.10329985618591309
vt 0.8165924549102783 0.10412955284118652
vt 0.6923182606697083 0.06617766618728638
vt 0.7030057907104492 0.06896495819091797
vt 0.8403852581977844 0.10167694091796875
vt 0.6790510416030884 0.061836183071136475
vt 0.6832744479179382 0.061613500118255615
vt 0.2271260768175125 0.5361608266830444
vt 0.22686052322387695 0.5526874661445618
vt 0.2436513602733612 0.5407372713088989
vt 0.22614434361457825 0.5237284302711487
vt 0.24880781769752502 0.5659171342849731
vt 0.22828136384487152 0.5718351602554321
vt 0.2310054749250412 0.5146129131317139
vt 0.24816952645778656 0.5076808929443359
vt 0.26365265250205994 0.5605184435844421
vt 0.26365265250205994 0.5234647989273071
vt 0.26016244292259216 0.5057623982429504
vt 0.22427614033222198 0.5542960166931152
vt 0.22445273399353027 0.5437930822372437
vt 0.2248038798570633 0.5336266756057739
vt 0.22391104698181152 0.5696077346801758
vt 0.2233661562204361 0.5731382966041565
vt 0.5850492119789124 0.760423481464386
vt 0.5587953925132751 0.7373679280281067
vt 0.5850492119789124 0.7361350059509277
vt 0.5724291205406189 0.7557215094566345
vt 0.5563032627105713 0.7518944144248962
vt 0.5828723907470703 0.7168793678283691
vt 0.556306004524231 0.7080078125
vt 0.5555722117424011 0.6855493783950806
vt 0.56737220287323 0.6690531969070435
vt 0.5545201301574707 0.6693434715270996
vt 0.5789172649383545 0.6688829660415649
vt 0.5563664436340332 0.7321580052375793
vt 0.5678796172142029 0.7643267512321472
vt 0.5612767934799194 0.7603498697280884
vt 0.5556074380874634 0.7548763751983643
vt 0.5492390394210815 0.7646276950836182
vt 0.5501127243041992 0.7602453231811523
vt 0.15754005312919617 0.0784749984741211
vt 0.14054659008979797 0.06924557685852051
vt 0.1312340497970581 0.11210095882415771
vt 0.15016509592533112 0.06880861520767212
vt 0.13165800273418427 0.09411942958831787
vt 0.11233294755220413 0.10361683368682861
vt 0.1091955378651619 0.12861186265945435
vt 0.13134069740772247 0.13015657663345337
vt 0.17274057865142822 0.06928044557571411
vt 0.14837710559368134 0.1143377423286438
vt 0.17396876215934753 0.081698477268219
vt 0.14636678993701935 0.1297703981399536
vt 0.16657285392284393 0.11664539575576782
vt 0.1631752997636795 0.13170170783996582
vt 0.19243097305297852 0.07051390409469604
vt 0.18678335845470428 0.09584736824035645
vt 0.18086431920528412 0.13277071714401245
vt 0.18346025049686432 0.11869281530380249
vt 0.19164422154426575 0.06630212068557739
vt 0.14062079787254333 0.06508427858352661
vt 0.20090222358703613 0.0986795425415039
vt 0.2010948657989502 0.07712191343307495
vt 0.12239472568035126 0.06904059648513794
vt 0.10210783779621124 0.10240989923477173
vt 0.11329719424247742 0.06847947835922241
vt 0.09273741394281387 0.11458718776702881
vt 0.0984940305352211 0.13039356470108032
vt 0.08818430453538895 0.13038867712020874
vt 0.07957201451063156 0.13021165132522583
vt 0.09027527272701263 0.09521615505218506
vt 0.10046330094337463 0.06913387775421143
vt 0.1721670925617218 0.0653032660484314
vt 0.1941617727279663 0.12168353796005249
vt 0.19508764147758484 0.13180673122406006
vt 0.21014626324176788 0.06185847520828247
vt 0.08179150521755219 0.06889528036117554
vt 0.0742737352848053 0.12012553215026855
vt 0.07243569940328598 0.1301499605178833
vt 0.1115894690155983 0.1317196488380432
vt 0.21530885994434357 0.08659178018569946
vt 0.21155038475990295 0.10032659769058228
vt 0.21508507430553436 0.061613500118255615
vt 0.06950024515390396 0.06930184364318848
vt 0.05945339798927307 0.06848263740539551
vt 0.05265190452337265 0.08780556917190552
vt 0.05368495360016823 0.1208118200302124
vt 0.05566322058439255 0.13068801164627075
vt 0.11230113357305527 0.061613500118255615
vt 0.06608802080154419 0.06601721048355103
vt 0.19140051305294037 0.13430851697921753
vt 0.04073410853743553 0.07012790441513062
vt 0.3732537627220154 0.10858923196792603
vt 0.36747661232948303 0.09160858392715454
vt 0.35394707322120667 0.10655122995376587
vt 0.34478968381881714 0.0890381932258606
vt 0.3539622724056244 0.07196998596191406
vt 0.33277279138565063 0.07483243942260742
vt 0.3811357021331787 0.0688631534576416
vt 0.38495713472366333 0.09345012903213501
vt 0.39015457034111023 0.11481118202209473
vt 0.39773643016815186 0.07815819978713989
vt 0.39985066652297974 0.10952907800674438
vt 0.4005614221096039 0.08931857347488403
vt 0.39839431643486023 0.06541645526885986
vt 0.3727913200855255 0.12351691722869873
vt 0.40512940287590027 0.12165665626525879
vt 0.3487435281276703 0.11948227882385254
vt 0.33800724148750305 0.10932332277297974
vt 0.32795992493629456 0.08757519721984863
vt 0.31067007780075073 0.07504642009735107
vt 0.32990995049476624 0.12180107831954956
vt 0.32464396953582764 0.11119312047958374
vt 0.3057054281234741 0.09007620811462402
vt 0.38951727747917175 0.12620240449905396
vt 0.3527008593082428 0.12992745637893677
vt 0.3789672553539276 0.13006591796875
vt 0.33466067910194397 0.12922298908233643
vt 0.3079022467136383 0.11956638097763062
vt 0.30573800206184387 0.10368454456329346
vt 0.28720882534980774 0.0721811056137085
vt 0.31159183382987976 0.13076239824295044
vt 0.32708656787872314 0.06838685274124146
vt 0.3655475974082947 0.06844478845596313
vt 0.3840774893760681 0.06433719396591187
vt 0.2873143255710602 0.09203094244003296
vt 0.3501543402671814 0.068092942237854
vt 0.30721381306648254 0.067821204662323
vt 0.29194772243499756 0.11678493022918701
vt 0.3056560456752777 0.12459510564804077
vt 0.2869874835014343 0.12295335531234741
vt 0.39839449524879456 0.061192095279693604
vt 0.2931101620197296 0.12990570068359375
vt 0.2750258147716522 0.11761236190795898
vt 0.2741331160068512 0.12716805934906006
vt 0.26939257979393005 0.06905108690261841
vt 0.2756499946117401 0.09373611211776733
vt 0.26024386286735535 0.10211431980133057
vt 0.2583771347999573 0.08830523490905762
vt 0.2864823043346405 0.06352907419204712
vt 0.26181185245513916 0.1183696985244751
vt 0.24565765261650085 0.06717664003372192
vt 0.24038130044937134 0.10297012329101562
vt 0.2569378912448883 0.12582546472549438
vt 0.24430668354034424 0.12451988458633423
vt 0.24125994741916656 0.11529594659805298
vt 0.24398423731327057 0.12814432382583618
vt 0.2575373351573944 0.06093168258666992
vt 0.2731279730796814 0.060044944286346436
vt 0.23321396112442017 0.12798857688903809
vt 0.3327178955078125 0.06396418809890747
vt 0.30726951360702515 0.060833752155303955
vt 0.33145439624786377 0.0608212947845459
vt 0.40488114953041077 0.07597947120666504
vt 0.4061581492424011 0.06407231092453003
vt 0.4104744791984558 0.058067381381988525
vt 0.4072437882423401 0.09389019012451172
vt 0.4088823199272156 0.11415708065032959
vt 0.4081016480922699 0.1255623698234558
vt 0.35204142332077026 0.06149280071258545
vt 0.39368128776550293 0.1293809413909912
vt 0.2870308458805084 0.06005805730819702
vt 0.2610154151916504 0.058067381381988525
vt 0.2543475031852722 0.12995469570159912
vt 0.9151825904846191 0.12389892339706421
vt 0.9449183344841003 0.12875163555145264
vt 0.9248345494270325 0.14738434553146362
vt 0.912140429019928 0.13961058855056763
vt 0.933295726776123 0.14987993240356445
vt 0.9353723526000977 0.11875081062316895
vt 0.9271638989448547 0.11480498313903809
vt 0.9413124918937683 0.1431061029434204
vt 0.9082363247871399 0.13468611240386963
vt 0.9363059401512146 0.15498554706573486
vt 0.9469712972640991 0.13357973098754883
vt 0.9220561981201172 0.11506712436676025
vt 0.9485228061676025 0.1294400691986084
vt 0.9340935945510864 0.2108873724937439
vt 0.9330995678901672 0.22880738973617554
vt 0.9325311779975891 0.21859943866729736
vt 0.9269858002662659 0.20273417234420776
vt 0.9360866546630859 0.19882482290267944
vt 0.9256370067596436 0.21082812547683716
vt 0.9294408559799194 0.19228875637054443
vt 0.9378209710121155 0.18899041414260864
vt 0.9322043061256409 0.1828632950782776
vt 0.9239616990089417 0.22991257905960083
vt 0.9312165975570679 0.2523117661476135
vt 0.9390974044799805 0.16996675729751587
vt 0.9223982691764832 0.24626845121383667
vt 0.9245450496673584 0.2571801543235779
vt 0.9287697076797485 0.2574634552001953
vt 0.9340099096298218 0.1696028709411621
vt 0.9441989064216614 0.15410172939300537
vt 0.920179545879364 0.25345003604888916
vt 0.9267726540565491 0.26148658990859985
vt 0.9339505434036255 0.28061968088150024
vt 0.9406229257583618 0.2840912342071533
vt 0.9374228715896606 0.2914508581161499
vt 0.940106987953186 0.29707854986190796
vt 0.9373070001602173 0.27080708742141724
vt 0.9410265684127808 0.1762101650238037
vt 0.9454048275947571 0.15944921970367432
vt 0.9448375701904297 0.14343243837356567
vt 0.9485228061676025 0.2983155846595764
vt 0.9334385395050049 0.24082916975021362
vt 0.9202937483787537 0.2460317611694336
vt 0.591744065284729 0.23394298553466797
vt 0.5771256685256958 0.2553359866142273
vt 0.5938684344291687 0.28205960988998413
vt 0.6104863882064819 0.26811736822128296
vt 0.6130843162536621 0.24538248777389526
vt 0.5670186281204224 0.27241039276123047
vt 0.5765005946159363 0.228948175907135
vt 0.6075689196586609 0.29325228929519653
vt 0.5646966695785522 0.2893609404563904
vt 0.6065086126327515 0.23020046949386597
vt 0.6151403188705444 0.2317853569984436
vt 0.5880398154258728 0.299682080745697
vt 0.5671224594116211 0.23961055278778076
vt 0.5691552758216858 0.30008864402770996
vt 0.565223217010498 0.29802989959716797
vt 0.5941674709320068 0.22302645444869995
vt 0.5714476108551025 0.2256072759628296
vt 0.5833902955055237 0.19584888219833374
vt 0.5628591775894165 0.2100733518600464
vt 0.5632320642471313 0.19737809896469116
vt 0.5641364455223083 0.2249774932861328
vt 0.6081770062446594 0.20349019765853882
vt 0.6166942119598389 0.21129870414733887
vt 0.6162498593330383 0.22454482316970825
vt 0.6178414821624756 0.19498306512832642
vt 0.6022924780845642 0.19376808404922485
vt 0.6160699725151062 0.18980640172958374
vt 0.5891062021255493 0.1787535548210144
vt 0.5654837489128113 0.19196224212646484
vt 0.6164029240608215 0.17951977252960205
vt 0.5679606199264526 0.17768502235412598
vt 0.5986623167991638 0.2255064845085144
vt 0.5677396059036255 0.22760921716690063
vt 0.5968664288520813 0.17670708894729614
vt 0.569250226020813 0.17508864402770996
vt 0.5649950504302979 0.2609339952468872
vt 0.5612783432006836 0.22300797700881958
vt 0.6071975827217102 0.2982451915740967
vt 0.5608773231506348 0.1945507526397705
vt 0.5626850128173828 0.28408581018447876
vt 0.6165047287940979 0.17508864402770996
vt 0.6199641823768616 0.1916012167930603
vt 0.6187226176261902 0.18401813507080078
vt 0.05868932604789734 0.027350902557373047
vt 0.054475799202919006 0.04000711441040039
vt 0.06971516460180283 0.04133737087249756
vt 0.03437333554029465 0.0333402156829834
vt 0.03178155794739723 0.051184892654418945
vt 0.03526276350021362 0.016409337520599365
vt 0.060685448348522186 0.010232388973236084
vt 0.0721510797739029 0.012999176979064941
vt 0.08294647186994553 0.021355271339416504
vt 0.08688618242740631 0.04716676473617554
vt 0.08818263560533524 0.012182891368865967
vt 0.057410720735788345 0.058424949645996094
vt 0.087620809674263 0.05531203746795654
vt 0.03187010437250137 0.059171080589294434
vt 0.07444635778665543 0.0613483190536499
vt 0.050561096519231796 0.061613500118255615
vt 0.06827118992805481 0.006959080696105957
vt 0.08695277571678162 0.00820469856262207
vt 0.036237385123968124 0.008526742458343506
vt 0.08714365214109421 0.03782612085342407
vt 0.08705590665340424 0.025652825832366943
vt 0.0879855826497078 0.021351277828216553
vt 0.04528409615159035 0.0057623982429504395
vt 0.06498757004737854 0.0057623982429504395
vt 0.03179463371634483 0.0354083776473999
vt 0.6904147267341614 0.8362467288970947
vt 0.7048971652984619 0.8424103260040283
vt 0.6930984854698181 0.8567776679992676
vt 0.7055030465126038 0.8134312033653259
vt 0.689493715763092 0.8133865594863892
vt 0.6844225525856018 0.8240948915481567
vt 0.7047924399375916 0.8671173453330994
vt 0.6922621130943298 0.8777749538421631
vt 0.696197509765625 0.8998101949691772
vt 0.6995145678520203 0.903781533241272
vt 0.7018203139305115 0.928634762763977
vt 0.6892504692077637 0.8576853275299072
vt 0.6869226694107056 0.838090181350708
vt 0.6902264356613159 0.8640568852424622
vt 0.7068039178848267 0.8233533501625061
vt 0.7068039178848267 0.8650293350219727
vt 0.6974533200263977 0.9061229228973389
vt 0.32183170318603516 0.4035365581512451
vt 0.31034842133522034 0.42180925607681274
vt 0.31853970885276794 0.4232930541038513
vt 0.30494654178619385 0.3954924941062927
vt 0.2999022901058197 0.41900408267974854
vt 0.2956989109516144 0.3961518406867981
vt 0.2773387134075165 0.41440802812576294
vt 0.33918920159339905 0.42296302318573
vt 0.27751392126083374 0.4019421339035034
vt 0.2626008987426758 0.4120517373085022
vt 0.3375144600868225 0.4259452819824219
vt 0.3541974127292633 0.42655712366104126
vt 0.351967453956604 0.41303551197052
vt 0.36125120520591736 0.4294237494468689
vt 0.3189220726490021 0.39203202724456787
vt 0.36270618438720703 0.418840229511261
vt 0.3608056306838989 0.40586352348327637
vt 0.3310348391532898 0.3846361041069031
vt 0.25798895955085754 0.40139198303222656
vt 0.27648088335990906 0.39450693130493164
vt 0.36112549901008606 0.39188098907470703
vt 0.3245064616203308 0.3688510060310364
vt 0.30759942531585693 0.36618947982788086
vt 0.2915325462818146 0.3634851574897766
vt 0.3401011824607849 0.3731459379196167
vt 0.25847530364990234 0.3919440507888794
vt 0.2746972143650055 0.358706533908844
vt 0.26340436935424805 0.3722851276397705
vt 0.2601090371608734 0.3778132200241089
vt 0.2626092731952667 0.3634776473045349
vt 0.2650337219238281 0.35840165615081787
vt 0.3612223267555237 0.3817707896232605
vt 0.25695812702178955 0.4096541404724121
vt 0.3650346100330353 0.38890397548675537
vt 0.37987521290779114 0.3849221467971802
vt 0.37814846634864807 0.38589733839035034
vt 0.3721795380115509 0.4037068486213684
vt 0.40322381258010864 0.3990950584411621
vt 0.40610963106155396 0.3883821964263916
vt 0.3927495777606964 0.4273614287376404
vt 0.4043366611003876 0.42686927318573
vt 0.4131380021572113 0.42622697353363037
vt 0.36965489387512207 0.4117692708969116
vt 0.36941513419151306 0.42454993724823
vt 0.4194719195365906 0.4137592911720276
vt 0.44070112705230713 0.4238455891609192
vt 0.43387463688850403 0.41006535291671753
vt 0.41840654611587524 0.4017654061317444
vt 0.44720152020454407 0.4005129337310791
vt 0.4529658555984497 0.42288899421691895
vt 0.43697166442871094 0.3883342742919922
vt 0.4211440086364746 0.3890736699104309
vt 0.46198269724845886 0.42166680097579956
vt 0.36566561460494995 0.41119468212127686
vt 0.4448850452899933 0.38492435216903687
vt 0.4763292968273163 0.42047834396362305
vt 0.49384981393814087 0.38410449028015137
vt 0.49725720286369324 0.41517436504364014
vt 0.4611561894416809 0.3813905715942383
vt 0.5207251310348511 0.38489580154418945
vt 0.5152058005332947 0.4125489592552185
vt 0.5278098583221436 0.4108251929283142
vt 0.5457459688186646 0.3858003616333008
vt 0.5572742819786072 0.3933250308036804
vt 0.5575070977210999 0.37474799156188965
vt 0.5618031620979309 0.37909644842147827
vt 0.5623241662979126 0.40179646015167236
vt 0.5600602030754089 0.41105204820632935
vt 0.5631136298179626 0.4170611500740051
vt 0.5562102794647217 0.4147953391075134
vt 0.5483648180961609 0.4129490852355957
vt 0.5068999528884888 0.4150475859642029
vt 0.4999677538871765 0.4177860617637634
vt 0.542515754699707 0.3726460933685303
vt 0.4883444309234619 0.42064011096954346
vt 0.5610730051994324 0.36392742395401
vt 0.5634177327156067 0.3734127879142761
vt 0.5644583702087402 0.356476366519928
vt 0.5620006322860718 0.35593974590301514
vt 0.5523090362548828 0.3608696460723877
vt 0.5370365977287292 0.36706435680389404
vt 0.5237679481506348 0.369553804397583
vt 0.4781147837638855 0.37790870666503906
vt 0.4996213912963867 0.374642014503479
vt 0.2677903175354004 0.35593974590301514
vt 0.25326383113861084 0.3633759617805481
vt 0.24383965134620667 0.37927645444869995
vt 0.24151401221752167 0.378171443939209
vt 0.2351846545934677 0.4007244110107422
vt 0.22963294386863708 0.3978881239891052
vt 0.24883167445659637 0.4061855673789978
vt 0.2505481243133545 0.39532363414764404
vt 0.364106148481369 0.42407917976379395
vt 0.3719656765460968 0.4291795492172241
vt 0.36712023615837097 0.4304078221321106
vt 0.26027655601501465 0.3565559387207031
vt 0.45421871542930603 0.034156620502471924
vt 0.4628046154975891 0.0004432797431945801
vt 0.4433465301990509 0.0329897403717041
vt 0.4506685137748718 0.001278698444366455
vt 0.4818039834499359 0.002659916877746582
vt 0.42797818779945374 0.019519150257110596
vt 0.4500589072704315 0.04814350605010986
vt 0.4299195408821106 0.046684205532073975
vt 0.42121756076812744 0.030586600303649902
vt 0.47292202711105347 0.035682857036590576
vt 0.4885241389274597 0.004886507987976074
vt 0.4712376296520233 0.047428011894226074
vt 0.4876735806465149 0.03638756275177002
vt 0.47837892174720764 0.048315584659576416
vt 0.49149900674819946 0.01380932331085205
vt 0.49467507004737854 0.017794132232666016
vt 0.4224054217338562 0.04636085033416748
vt 0.49131813645362854 0.0004432797431945801
vt 0.43675509095191956 0.007717132568359375
vt 0.4964189827442169 0.03544485569000244
vt 0.9328509569168091 0.8895359039306641
vt 0.9326614737510681 0.9073957800865173
vt 0.9124936461448669 0.8901287317276001
vt 0.91097092628479 0.9091007709503174
vt 0.9024562835693359 0.8896877765655518
vt 0.9332584738731384 0.8821073174476624
vt 0.9095255732536316 0.8697395324707031
vt 0.9332181215286255 0.8744031190872192
vt 0.9307188391685486 0.8673102855682373
vt 0.9111455082893372 0.8639163970947266
vt 0.9222742319107056 0.9122679829597473
vt 0.9213278293609619 0.9165334105491638
vt 0.8947231769561768 0.8744670152664185
vt 0.9003588557243347 0.8628597855567932
vt 0.8937714695930481 0.9123251438140869
vt 0.8971056342124939 0.8576955795288086
vt 0.892052948474884 0.8994463682174683
vt 0.9027219414710999 0.9172451496124268
vt 0.9126171469688416 0.9206803441047668
vt 0.8947483897209167 0.9195548295974731
vt 0.904657781124115 0.8556851148605347
vt 0.8901522159576416 0.9199559688568115
vt 0.914944052696228 0.8594990968704224
vt 0.9130368828773499 0.8506772518157959
vt 0.9364144802093506 0.8584421873092651
vt 0.9160975217819214 0.8406276106834412
vt 0.8997833728790283 0.8453563451766968
vt 0.8986930847167969 0.8244476914405823
vt 0.932792067527771 0.8421748876571655
vt 0.9420269727706909 0.8482512831687927
vt 0.9472103118896484 0.8599047660827637
vt 0.8943807482719421 0.8271278142929077
vt 0.8940286636352539 0.8140268325805664
vt 0.9058847427368164 0.8151183128356934
vt 0.9160471558570862 0.82770174741745
vt 0.941538393497467 0.832434892654419
vt 0.9432255029678345 0.8192341923713684
vt 0.9247286319732666 0.8118340969085693
vt 0.9452219009399414 0.8084335327148438
vt 0.9267478585243225 0.8078436255455017
vt 0.8997057676315308 0.8105453252792358
vt 0.948384165763855 0.8279004096984863
vt 0.9416864514350891 0.863421618938446
vt 0.9494180679321289 0.8521078824996948
vt 0.9492539167404175 0.8408405184745789
vt 0.8909776210784912 0.9316304922103882
vt 0.9032386541366577 0.9323790073394775
vt 0.8982424139976501 0.9478899240493774
vt 0.9221578240394592 0.9345417022705078
vt 0.9238813519477844 0.943444550037384
vt 0.9126006960868835 0.954431414604187
vt 0.9308553338050842 0.9366500973701477
vt 0.9287233948707581 0.9596743583679199
vt 0.9432336688041687 0.952415406703949
vt 0.899088978767395 0.9586702585220337
vt 0.8898596167564392 0.9502314329147339
vt 0.9440073370933533 0.9683992862701416
vt 0.9459863305091858 0.9424155950546265
vt 0.9492538571357727 0.9475462436676025
vt 0.9479619860649109 0.9613071084022522
vt 0.9241294264793396 0.9671053886413574
vt 0.9387635588645935 0.8658852577209473
vt 0.9405117630958557 0.9685283899307251
vt 0.9377661347389221 0.8813158273696899
vt 0.9367518424987793 0.9101353287696838
vt 0.9312517046928406 0.9304318428039551
vt 0.9379723072052002 0.9345237612724304
vt 0.9212393164634705 0.9269829392433167
vt 0.9262848496437073 0.9241565465927124
vt 0.8931934237480164 0.839560866355896
vt 0.8888562917709351 0.9563328623771667
vt 0.88736891746521 0.9250194430351257
vt 0.8915136456489563 0.8579061627388
vt 0.8911633491516113 0.8863933086395264
vt 0.9384557008743286 0.8050991296768188
vt 0.8969486355781555 0.8077903389930725
vt 0.8936505317687988 0.8065012693405151
vt 0.9479247331619263 0.803634762763977
vt 0.9203975796699524 0.9301133155822754
vt 0.8890219330787659 0.913249135017395
vt 0.8849596977233887 0.9421553015708923
vt 0.9084637761116028 0.6821322441101074
vt 0.8975617289543152 0.6712338924407959
vt 0.9090541005134583 0.6570014953613281
vt 0.8989179730415344 0.6813256740570068
vt 0.9174063801765442 0.6002628803253174
vt 0.9028809070587158 0.6113152503967285
vt 0.9209933876991272 0.5752885341644287
vt 0.9073711037635803 0.5819826126098633
vt 0.8958625197410583 0.619542121887207
vt 0.906180202960968 0.5707181692123413
vt 0.915896475315094 0.5594164133071899
vt 0.9122390151023865 0.6602684259414673
vt 0.9119725227355957 0.6811145544052124
vt 0.9140579700469971 0.6927993297576904
vt 0.9190099835395813 0.6034534573554993
vt 0.905320405960083 0.6964846849441528
vt 0.9144682884216309 0.6995893716812134
vt 0.9013615846633911 0.6915061473846436
vt 0.9000552892684937 0.700107216835022
vt 0.9092563986778259 0.7080687880516052
vt 0.9029120802879333 0.7053322792053223
vt 0.9053617715835571 0.7142294645309448
vt 0.9142139554023743 0.7128854990005493
vt 0.9066802263259888 0.7270286083221436
vt 0.9215261936187744 0.6076399087905884
vt 0.8911042213439941 0.652708888053894
vt 0.924350917339325 0.5875204801559448
vt 0.894334077835083 0.6141135096549988
vt 0.8917410969734192 0.6773198843002319
vt 0.8944847583770752 0.6877471804618835
vt 0.9167543053627014 0.7136217951774597
vt 0.9152701497077942 0.7253136038780212
vt 0.9180134534835815 0.7337815165519714
vt 0.9091192483901978 0.7354570031166077
vt 0.9158555269241333 0.7436847686767578
vt 0.9074615240097046 0.7409487962722778
vt 0.9192041158676147 0.7245591878890991
vt 0.9193369746208191 0.7483046054840088
vt 0.9108258485794067 0.7547976970672607
vt 0.9140571355819702 0.7635232210159302
vt 0.9058010578155518 0.7338970899581909
vt 0.9235856533050537 0.7643731832504272
vt 0.9174169898033142 0.7724882364273071
vt 0.9241782426834106 0.77187180519104
vt 0.9203953146934509 0.7793400287628174
vt 0.902002215385437 0.7125976085662842
vt 0.9036609530448914 0.7199568748474121
vt 0.91197669506073 0.7772150039672852
vt 0.9128978848457336 0.7842419743537903
vt 0.9166615009307861 0.7840233445167542
vt 0.9234708547592163 0.7837254405021667
vt 0.924350917339325 0.7873656153678894
vt 0.9236953258514404 0.5580673813819885
vt 0.9074740409851074 0.785860002040863
vt 0.9096052050590515 0.793796718120575
vt 0.9057507514953613 0.7605361342430115
vt 0.9074011445045471 0.7486106157302856
vt 0.9075490236282349 0.7774788737297058
vt 0.9011633992195129 0.780086874961853
vt 0.8945503234863281 0.7818456888198853
vt 0.8966373801231384 0.7943993806838989
vt 0.9062424302101135 0.7992021441459656
vt 0.9022560119628906 0.7734333276748657
vt 0.8937981724739075 0.7988157272338867
vt 0.8967664241790771 0.7745799422264099
vt 0.8884628415107727 0.6909219026565552
vt 0.8914746642112732 0.6964989900588989
vt 0.8855360746383667 0.6964758634567261
vt 0.890968382358551 0.7029601335525513
vt 0.8835642337799072 0.7088094353675842
vt 0.892505407333374 0.7117927074432373
vt 0.8924120664596558 0.7044954299926758
vt 0.8934946656227112 0.7158819437026978
vt 0.893926739692688 0.7248064279556274
vt 0.8825907707214355 0.7262749075889587
vt 0.8829843997955322 0.7396218776702881
vt 0.8954840302467346 0.7342045307159424
vt 0.8956608772277832 0.7275558710098267
vt 0.8961151838302612 0.7382094860076904
vt 0.8956514596939087 0.7452200651168823
vt 0.8950220346450806 0.7613294124603271
vt 0.8828755617141724 0.7578277587890625
vt 0.8902950286865234 0.7701696157455444
vt 0.8822739720344543 0.7671765089035034
vt 0.8883429765701294 0.7742863893508911
vt 0.8963695764541626 0.7692351341247559
vt 0.9036215543746948 0.736596941947937
vt 0.8913981914520264 0.7744135856628418
vt 0.8977855443954468 0.7538315057754517
vt 0.9026377201080322 0.7530440092086792
vt 0.900332510471344 0.7269713878631592
vt 0.5235878229141235 0.5621780157089233
vt 0.5243304371833801 0.5761899352073669
vt 0.515914261341095 0.5604079365730286
vt 0.5105183124542236 0.5906915664672852
vt 0.525067150592804 0.595252275466919
vt 0.5075722336769104 0.5678919553756714
vt 0.5239659547805786 0.607944905757904
vt 0.5222880244255066 0.5491122603416443
vt 0.5059658288955688 0.5533422231674194
vt 0.5088126063346863 0.6009178161621094
vt 0.5192027688026428 0.6139184236526489
vt 0.5072262287139893 0.5435453653335571
vt 0.5229283571243286 0.537924587726593
vt 0.507066011428833 0.5352010130882263
vt 0.5072641968727112 0.6099640130996704
vt 0.5085738301277161 0.6128103733062744
vt 0.5212870240211487 0.5334125757217407
vt 0.5081461668014526 0.5291122198104858
vt 0.5131821632385254 0.5279901027679443
vt 0.517264723777771 0.5261784791946411
vt 0.522343099117279 0.526152491569519
vt 0.5044762492179871 0.5386738777160645
vt 0.505151093006134 0.5269467830657959
vt 0.506916880607605 0.5876806974411011
vt 0.525067150592804 0.5279607772827148
vt 0.7389773726463318 0.9236247539520264
vt 0.734718382358551 0.9388090968132019
vt 0.7298962473869324 0.9231743216514587
vt 0.7388883829116821 0.910209059715271
vt 0.7349043488502502 0.9002659320831299
vt 0.725878894329071 0.9013204574584961
vt 0.7226451635360718 0.9473891258239746
vt 0.7376794219017029 0.9575443267822266
vt 0.7248463034629822 0.9622130990028381
vt 0.7132527232170105 0.929426908493042
vt 0.7158414125442505 0.9059671759605408
vt 0.7399283647537231 0.9360219836235046
vt 0.7379564046859741 0.9639513492584229
vt 0.7290269732475281 0.9696259498596191
vt 0.7094897031784058 0.9048793315887451
vt 0.7182145118713379 0.9474659562110901
vt 0.7117010951042175 0.9344629645347595
vt 0.721717119216919 0.9719926118850708
vt 0.7118892669677734 0.9019176363945007
vt 0.7399283647537231 0.9010894298553467
vt 0.7318844199180603 0.973847508430481
vt 0.7828465700149536 0.43865543603897095
vt 0.7782673835754395 0.42828476428985596
vt 0.7897483706474304 0.41304051876068115
vt 0.7930741906166077 0.398523211479187
vt 0.7987604141235352 0.38849562406539917
vt 0.7743041515350342 0.45860183238983154
vt 0.7668518424034119 0.4503738284111023
vt 0.7872288227081299 0.3851950168609619
vt 0.784902036190033 0.3852342367172241
vt 0.76051926612854 0.4737405776977539
vt 0.7853822708129883 0.48074454069137573
vt 0.7960222959518433 0.4472120404243469
vt 0.7997117638587952 0.4374547600746155
vt 0.8049739003181458 0.41236239671707153
vt 0.7997915744781494 0.45886486768722534
vt 0.7943520545959473 0.4840319752693176
vt 0.8078104853630066 0.3912029266357422
vt 0.8097583055496216 0.39331531524658203
vt 0.7714911699295044 0.4315425753593445
vt 0.8045850992202759 0.44645076990127563
vt 0.7670977711677551 0.4814879894256592
vt 0.7849576473236084 0.48840075731277466
vt 0.796173095703125 0.4933292865753174
vt 0.8052775859832764 0.49249815940856934
vt 0.8097583055496216 0.501329779624939
vt 0.39973631501197815 0.7888388633728027
vt 0.41546598076820374 0.7963424324989319
vt 0.4010895788669586 0.8117939829826355
vt 0.3928948938846588 0.8017162084579468
vt 0.42260825634002686 0.8081783652305603
vt 0.42647284269332886 0.823065459728241
vt 0.4072304964065552 0.8222752809524536
vt 0.4212256073951721 0.7914308309555054
vt 0.390079140663147 0.7955427169799805
vt 0.4118490517139435 0.789512038230896
vt 0.3939920663833618 0.788503885269165
vt 0.4262647330760956 0.83732670545578
vt 0.4154479205608368 0.8348090052604675
vt 0.4196081757545471 0.7912377715110779
vt 0.4280914068222046 0.8032002449035645
vt 0.4358994662761688 0.8159297704696655
vt 0.4354039430618286 0.8421332836151123
vt 0.4039023816585541 0.78847336769104
vt 0.4457811713218689 0.8335471153259277
vt 0.40943148732185364 0.8302931785583496
vt 0.4096965491771698 0.8367546796798706
vt 0.40466269850730896 0.83381587266922
vt 0.559980034828186 0.7981675863265991
vt 0.5680394172668457 0.8001072406768799
vt 0.5573422908782959 0.8091611266136169
vt 0.5477341413497925 0.8001172542572021
vt 0.5645840764045715 0.8121795654296875
vt 0.5482656359672546 0.8070199489593506
vt 0.5612235069274902 0.8206871151924133
vt 0.5503621101379395 0.8148747086524963
vt 0.5541638135910034 0.832870602607727
vt 0.5485542416572571 0.8407912254333496
vt 0.5614656805992126 0.7945555448532104
vt 0.5433923602104187 0.8021539449691772
vt 0.516185462474823 0.8407436609268188
vt 0.5280808806419373 0.8535269498825073
vt 0.5166856050491333 0.8579119443893433
vt 0.5159984827041626 0.8177507519721985
vt 0.47633200883865356 0.8328928351402283
vt 0.5112435221672058 0.804795503616333
vt 0.47765544056892395 0.8193013072013855
vt 0.46325060725212097 0.82537442445755
vt 0.49012526869773865 0.812660813331604
vt 0.4666280448436737 0.8544201850891113
vt 0.4903789162635803 0.8565921783447266
vt 0.479759156703949 0.8694577217102051
vt 0.49735233187675476 0.8633823394775391
vt 0.4567698538303375 0.8496918678283691
vt 0.44148969650268555 0.8482542634010315
vt 0.5336581468582153 0.7961585521697998
vt 0.443454772233963 0.8595064878463745
vt 0.44149860739707947 0.8754385113716125
vt 0.43476739525794983 0.8597384095191956
vt 0.45152246952056885 0.8843561410903931
vt 0.42774030566215515 0.8912718296051025
vt 0.41241979598999023 0.8857397437095642
vt 0.4106103181838989 0.897606372833252
vt 0.3957642912864685 0.8944864273071289
vt 0.4184938371181488 0.8738371133804321
vt 0.45379838347435 0.8213880062103271
vt 0.4514225721359253 0.8107620477676392
vt 0.46334174275398254 0.8119350075721741
vt 0.4481750428676605 0.797159731388092
vt 0.43452391028404236 0.7835118770599365
vt 0.4546782970428467 0.7701004147529602
vt 0.4958130419254303 0.7810751795768738
vt 0.4973395764827728 0.7542910575866699
vt 0.5124098062515259 0.7572338581085205
vt 0.5212066769599915 0.7617326974868774
vt 0.524122416973114 0.7495912313461304
vt 0.5011632442474365 0.731482744216919
vt 0.4223925471305847 0.850686252117157
vt 0.5385329127311707 0.7469607591629028
vt 0.537886917591095 0.7379677295684814
vt 0.5467405319213867 0.7458431124687195
vt 0.5292607545852661 0.7251684665679932
vt 0.5519422888755798 0.7313665151596069
vt 0.5195430517196655 0.7151687145233154
vt 0.5413007736206055 0.7266688346862793
vt 0.5473737120628357 0.7205747365951538
vt 0.5433576107025146 0.71195387840271
vt 0.531904935836792 0.7068766355514526
vt 0.5347206592559814 0.724023699760437
vt 0.47744446992874146 0.7531446814537048
vt 0.46903812885284424 0.7730399370193481
vt 0.5366101861000061 0.7001376748085022
vt 0.4728935658931732 0.7545998096466064
vt 0.5312283635139465 0.6899856328964233
vt 0.5294082164764404 0.700218677520752
vt 0.5219173431396484 0.6937024593353271
vt 0.5273285508155823 0.6801893711090088
vt 0.5191413164138794 0.6871917247772217
vt 0.5165332555770874 0.6971789598464966
vt 0.5034249424934387 0.7013804912567139
vt 0.4871847927570343 0.7012457847595215
vt 0.47906598448753357 0.7182669043540955
vt 0.4575328230857849 0.7266921401023865
vt 0.46369266510009766 0.7305129766464233
vt 0.4430975317955017 0.7460004091262817
vt 0.4137062430381775 0.7624014616012573
vt 0.5164332389831543 0.6789900064468384
vt 0.49949100613594055 0.7077292203903198
vt 0.42644456028938293 0.7582268714904785
vt 0.40606236457824707 0.7735188007354736
vt 0.4016484022140503 0.7680501341819763
vt 0.39171335101127625 0.778606653213501
vt 0.39374855160713196 0.7831476330757141
vt 0.44238516688346863 0.732703447341919
vt 0.45346760749816895 0.714583158493042
vt 0.3847164809703827 0.7707698345184326
vt 0.5243679285049438 0.6670275926589966
vt 0.5118694305419922 0.6635943055152893
vt 0.4384596347808838 0.7154523134231567
vt 0.4162415564060211 0.7334631085395813
vt 0.392810583114624 0.7565484046936035
vt 0.5225154757499695 0.6564538478851318
vt 0.5106054544448853 0.658751368522644
vt 0.5225357413291931 0.6505069732666016
vt 0.5002608895301819 0.7279629111289978
vt 0.3773500323295593 0.7626867294311523
vt 0.5147405862808228 0.6392664313316345
vt 0.52729731798172 0.6215358972549438
vt 0.5374748706817627 0.636634111404419
vt 0.5680394172668457 0.6130319237709045
vt 0.5204637050628662 0.7024245262145996
vt 0.49380674958229065 0.7252146005630493
vt 0.458645224571228 0.7527912855148315
vt 0.43343210220336914 0.7743598222732544
vt 0.41854020953178406 0.7720104455947876
vt 0.4091236889362335 0.7856805324554443
vt 0.5386154055595398 0.7951187491416931
vt 0.13067199289798737 0.3128089904785156
vt 0.14323168992996216 0.3124663829803467
vt 0.13781969249248505 0.3112441301345825
vt 0.1296091377735138 0.3160461187362671
vt 0.14604711532592773 0.30861061811447144
vt 0.14909310638904572 0.2965366244316101
vt 0.1132497787475586 0.2947695255279541
vt 0.11392731964588165 0.30701327323913574
vt 0.15134623646736145 0.2947695255279541
vt 0.1889568567276001 0.2970579266548157
vt 0.24216651916503906 0.296725332736969
vt 0.9802182912826538 0.20489972829818726
vt 0.9959713220596313 0.20459097623825073
vt 0.9789291620254517 0.22333574295043945
vt 0.9944884777069092 0.2183218002319336
vt 0.9937127828598022 0.23752331733703613
vt 0.993852972984314 0.24380970001220703
vt 0.9928349256515503 0.26220643520355225
vt 0.9800149202346802 0.24029111862182617
vt 0.994675874710083 0.25729215145111084
vt 0.9959713220596313 0.27902543544769287
vt 0.9889078736305237 0.28649330139160156
vt 0.9822371006011963 0.26963871717453003
vt 0.994461178779602 0.2851019501686096
vt 0.9733411073684692 0.2548002600669861
vt 0.9731438755989075 0.21107101440429688
vt 0.9735832810401917 0.20345747470855713
vt 0.9694569706916809 0.20624613761901855
vt 0.966511070728302 0.2111874222755432
vt 0.9658101201057434 0.2062419056892395
vt 0.9760165214538574 0.22493410110473633
vt 0.9742198586463928 0.2438795566558838
vt 0.9651257991790771 0.2328128218650818
vt 0.9712876677513123 0.22734218835830688
vt 0.9622822403907776 0.21725142002105713
vt 0.9696769714355469 0.215956449508667
vt 0.9509313702583313 0.2320207953453064
vt 0.9696923494338989 0.2558448910713196
vt 0.9661588668823242 0.2809114456176758
vt 0.94368976354599 0.2424473762512207
vt 0.9735567569732666 0.27716362476348877
vt 0.9719891548156738 0.3040686249732971
vt 0.9788197875022888 0.3062916398048401
vt 0.9801619648933411 0.32962965965270996
vt 0.9662147164344788 0.3320356607437134
vt 0.9587612152099609 0.31547772884368896
vt 0.9620951414108276 0.3328900933265686
vt 0.9404325485229492 0.22381442785263062
vt 0.9395702481269836 0.2139756679534912
vt 0.9529933333396912 0.21257048845291138
vt 0.9532762765884399 0.20478558540344238
vt 0.961456835269928 0.2048584222793579
vt 0.940539538860321 0.205041766166687
vt 0.9455376267433167 0.2634839415550232
vt 0.8386817574501038 0.6090795993804932
vt 0.8555908203125 0.617088258266449
vt 0.8632137179374695 0.6029250025749207
vt 0.8379572629928589 0.6203516125679016
vt 0.8681436777114868 0.6234397292137146
vt 0.8347591161727905 0.6395794749259949
vt 0.852020800113678 0.6469062566757202
vt 0.8340098857879639 0.6566894054412842
vt 0.8498544096946716 0.6857767105102539
vt 0.8438730835914612 0.6884312629699707
vt 0.8696123957633972 0.6565773487091064
vt 0.8337713479995728 0.6707123517990112
vt 0.8502060770988464 0.6013104915618896
vt 0.8856742978096008 0.6232062578201294
vt 0.880438506603241 0.6037958860397339
vt 0.887162446975708 0.6364206075668335
vt 0.8873844146728516 0.6504820585250854
vt 0.88723224401474 0.6695923805236816
vt 0.8740406036376953 0.6866509914398193
vt 0.8876454830169678 0.6823446750640869
vt 0.8866075873374939 0.6120821237564087
vt 0.8326226472854614 0.6846448183059692
vt 0.8321396708488464 0.6945922374725342
vt 0.837326169013977 0.6046098470687866
vt 0.8343942165374756 0.6317808032035828
vt 0.8418070673942566 0.6006205677986145
vt 0.8350979685783386 0.6211209297180176
vt 0.835549533367157 0.6143454313278198
vt 0.8816472291946411 0.6006205677986145
vt 0.8876413702964783 0.6232566833496094
vt 0.9737842679023743 0.8158727288246155
vt 0.9726292490959167 0.7760645747184753
vt 0.9771819114685059 0.8008024096488953
vt 0.9774723052978516 0.7775499224662781
vt 0.9785538911819458 0.8186264038085938
vt 0.9784614443778992 0.8412895798683167
vt 0.9700251221656799 0.8475161194801331
vt 0.9792370200157166 0.860701858997345
vt 0.9699426293373108 0.8645286560058594
vt 0.9719384908676147 0.7553126215934753
vt 0.9811950325965881 0.7403223514556885
vt 0.9773997068405151 0.865120530128479
vt 0.9742066860198975 0.7435621023178101
vt 0.9703589081764221 0.7441497445106506
vt 0.9697278738021851 0.7191939353942871
vt 0.9737821221351624 0.7131759524345398
vt 0.9719190001487732 0.7043439745903015
vt 0.9812571406364441 0.7321457862854004
vt 0.9797149300575256 0.7117915153503418
vt 0.9825425148010254 0.71541428565979
vt 0.9825425148010254 0.8789947032928467
vt 0.9714932441711426 0.86979740858078
vt 0.9724860787391663 0.879875898361206
vt 0.9691073298454285 0.7704308032989502
vt 0.9673231840133667 0.8276758790016174
vt 0.9802567362785339 0.7705255150794983
vt 0.9762976169586182 0.7074403166770935
vt 0.8482482433319092 0.1249227523803711
vt 0.8621404767036438 0.12207210063934326
vt 0.865469753742218 0.1100725531578064
vt 0.8486482501029968 0.128858745098114
vt 0.8330349326133728 0.10910946130752563
vt 0.8330801725387573 0.11842429637908936
vt 0.8359423279762268 0.12242001295089722
vt 0.8344884514808655 0.10682624578475952
vt 0.8724923133850098 0.10682624578475952
vt 0.8696522116661072 0.11962312459945679
vt 0.8780674338340759 0.10959571599960327
vt 0.8795331120491028 0.11904865503311157
vt 0.8812395930290222 0.11514478921890259
vt 0.8965980410575867 0.11226946115493774
vt 0.8403622508049011 0.12938809394836426
vt 0.8418683409690857 0.1316489577293396
vt 0.5445863604545593 0.9644510746002197
vt 0.5571029782295227 0.9895049929618835
vt 0.5635151267051697 0.9638363718986511
vt 0.5814917683601379 0.9634911417961121
vt 0.5274977087974548 0.9659493565559387
vt 0.5418328642845154 0.9915780425071716
vt 0.5657489895820618 0.9898098707199097
vt 0.5879493355751038 0.9641979336738586
vt 0.5306877493858337 0.9845184683799744
vt 0.5805684924125671 0.9857863783836365
vt 0.57073575258255 0.9623295068740845
vt 0.5889685750007629 0.9847427010536194
vt 0.5902621150016785 0.9720585346221924
vt 0.5984780788421631 0.9633045792579651
vt 0.5281714200973511 0.9619344472885132
vt 0.5053715109825134 0.9596630930900574
vt 0.5573635101318359 0.9596630930900574
vt 0.8432701826095581 0.058067381381988525
vt 0.8339937925338745 0.044989049434661865
vt 0.8421823978424072 0.053149282932281494
vt 0.8491495251655579 0.0447695255279541
vt 0.8061222434043884 0.055810511112213135
vt 0.8112332224845886 0.0447695255279541
vt 0.8063083291053772 0.04847198724746704
vt 0.8485974073410034 0.05721992254257202
vt 0.7891674041748047 0.048627376556396484
vt 0.7902439832687378 0.05430150032043457
vt 0.9746927618980408 0.6249740123748779
vt 0.9709058403968811 0.6143163442611694
vt 0.9690501093864441 0.6377485990524292
vt 0.9729768633842468 0.6404934525489807
vt 0.9686917662620544 0.657094419002533
vt 0.9724687337875366 0.6636627912521362
vt 0.9653500914573669 0.6854771375656128
vt 0.9737868905067444 0.6870100498199463
vt 0.9679957032203674 0.6147089600563049
vt 0.966809093952179 0.5833859443664551
vt 0.9603065848350525 0.6884966492652893
vt 0.9596574306488037 0.6592578887939453
vt 0.9653207659721375 0.6576353311538696
vt 0.9715721607208252 0.5827050805091858
vt 0.9692517518997192 0.5779880285263062
vt 0.9582778811454773 0.6244376301765442
vt 0.9598972201347351 0.6170399188995361
vt 0.9550464153289795 0.6055134534835815
vt 0.9571020603179932 0.5907303690910339
vt 0.9598010778427124 0.5845449566841125
vt 0.9556739330291748 0.5654017925262451
vt 0.9645946621894836 0.5601106882095337
vt 0.9720086455345154 0.5610726475715637
vt 0.9551756978034973 0.5873181223869324
vt 0.9789135456085205 0.5571808815002441
vt 0.9790343046188354 0.6861320734024048
vt 0.9815961122512817 0.6881909370422363
vt 0.9844585061073303 0.5793178081512451
vt 0.9821406006813049 0.6433303952217102
vt 0.9846047163009644 0.6201333999633789
vt 0.9848394393920898 0.5893833637237549
vt 0.9861235618591309 0.6608015298843384
vt 0.9860959053039551 0.6324065923690796
vt 0.9835538268089294 0.5571808815002441
vt 0.9857374429702759 0.687986433506012
vt 0.9552958011627197 0.6231390237808228
vt 0.9446078538894653 0.6277630925178528
vt 0.9561135768890381 0.656861424446106
vt 0.9349395632743835 0.6915528774261475
vt 0.9275791645050049 0.6662982702255249
vt 0.958075225353241 0.6885744333267212
vt 0.9280944466590881 0.6194564700126648
vt 0.9505548477172852 0.5998241901397705
vt 0.930231511592865 0.5769049525260925
vt 0.9445023536682129 0.5661603808403015
vt 0.9520238637924194 0.5655642747879028
vt 0.9252461791038513 0.6844415664672852
vt 0.9339088201522827 0.5680508613586426
vt 0.9495558738708496 0.6916912794113159
vt 0.9268479943275452 0.5676155090332031
vt 0.9255001544952393 0.6666420698165894
vt 0.9274008274078369 0.6919326186180115
vt 0.9295910000801086 0.5650812387466431
vt 0.1357259899377823 0.2077541947364807
vt 0.14364440739154816 0.19777756929397583
vt 0.13669966161251068 0.1927269697189331
vt 0.12672409415245056 0.1949285864830017
vt 0.11820277571678162 0.20257776975631714
vt 0.11856483668088913 0.22451895475387573
vt 0.12563520669937134 0.1924217939376831
vt 0.13088814914226532 0.22473406791687012
vt 0.15821151435375214 0.2186661958694458
vt 0.15189997851848602 0.22208499908447266
vt 0.14861847460269928 0.2032109498977661
vt 0.16714081168174744 0.20546108484268188
vt 0.15712693333625793 0.19797277450561523
vt 0.16427603363990784 0.21371430158615112
vt 0.17316816747188568 0.20079559087753296
vt 0.17559155821800232 0.196325421333313
vt 0.11276888847351074 0.19516044855117798
vt 0.10862764716148376 0.1915554404258728
vt 0.17181921005249023 0.20906096696853638
vt 0.11501634120941162 0.2132440209388733
vt 0.10713714361190796 0.19939589500427246
vt 0.18054182827472687 0.20392102003097534
vt 0.1902417242527008 0.1978510022163391
vt 0.10428641736507416 0.19533520936965942
vt 0.09675688296556473 0.19483870267868042
vt 0.1541810929775238 0.19113117456436157
vt 0.14415200054645538 0.18975621461868286
vt 0.11487386375665665 0.2038082480430603
vt 0.09397829324007034 0.18927305936813354
vt 0.13566629588603973 0.18927305936813354
vt 0.09086839854717255 0.19519281387329102
vt 0.4913656413555145 0.33256179094314575
vt 0.49164819717407227 0.3122186064720154
vt 0.4695613384246826 0.3311472535133362
vt 0.4701627790927887 0.3103516101837158
vt 0.4746999740600586 0.3078877329826355
vt 0.4922175109386444 0.30718082189559937
vt 0.47886428236961365 0.3346630930900574
vt 0.4937332272529602 0.3289105296134949
vt 0.4937332272529602 0.3103574514389038
vt 0.012741954997181892 0.0417177677154541
vt 0.023972162976861 0.04638087749481201
vt 0.021339165046811104 0.07425814867019653
vt 0.010479912161827087 0.07190203666687012
vt 0.02009383589029312 0.08115142583847046
vt 0.026609821245074272 0.02432185411453247
vt 0.008307717740535736 0.023492932319641113
vt 0.008064853958785534 0.07952839136123657
vt 0.02570396661758423 0.07935816049575806
vt 0.02751588262617588 0.08113056421279907
vt 0.026399606838822365 0.10002660751342773
vt 0.0071809967048466206 0.03480499982833862
vt 0.007965275086462498 0.08216261863708496
vt 0.006800503935664892 0.10585594177246094
vt 0.025843963027000427 0.10473871231079102
vt 0.02656148560345173 0.12052720785140991
vt 0.006598035339266062 0.11845076084136963
vt 0.016584275290369987 0.12446099519729614
vt 0.037978995591402054 0.12295329570770264
vt 0.004028648138046265 0.12455672025680542
vt 0.03526623547077179 0.10302555561065674
vt 0.030972084030508995 0.02389073371887207
vt 0.04521038383245468 0.11089134216308594
vt 0.04521038383245468 0.12382417917251587
vt 0.004823106806725264 0.023572564125061035
vt 0.028237292543053627 0.07797080278396606
vt 0.0062358928844332695 0.07093238830566406
vt 0.20823277533054352 0.621249794960022
vt 0.22796416282653809 0.6080866456031799
vt 0.22890281677246094 0.5977052450180054
vt 0.21137385070323944 0.607898473739624
vt 0.20062775909900665 0.613595724105835
vt 0.23869259655475616 0.6019448041915894
vt 0.24665366113185883 0.5844761729240417
vt 0.18886218965053558 0.6234933733940125
vt 0.2494286149740219 0.5934773683547974
vt 0.25577205419540405 0.5760281085968018
vt 0.25834810733795166 0.5870316028594971
vt 0.26632288098335266 0.5733384490013123
vt 0.25963038206100464 0.568705677986145
vt 0.19392308592796326 0.628571629524231
vt 0.16803181171417236 0.6315469741821289
vt 0.17375525832176208 0.6257830262184143
vt 0.14907896518707275 0.6265549659729004
vt 0.1563378870487213 0.6230562329292297
vt 0.14182895421981812 0.6187092661857605
vt 0.1323409229516983 0.6148393154144287
vt 0.12223409861326218 0.6178281903266907
vt 0.10424040257930756 0.607979416847229
vt 0.11817081272602081 0.6062768697738647
vt 0.10801254957914352 0.6017578840255737
vt 0.09700920432806015 0.5927430391311646
vt 0.08872786909341812 0.5969035625457764
vt 0.0805169939994812 0.5892825126647949
vt 0.08482663333415985 0.5808061957359314
vt 0.07007869333028793 0.5782372951507568
vt 0.06490600109100342 0.568705677986145
vt 0.10298556834459305 0.5957463383674622
vt 0.1828041970729828 0.6223913431167603
vt 0.1927592009305954 0.6171419024467468
vt 0.23554089665412903 0.5909914970397949
vt 0.2505057752132416 0.577502429485321
vt 0.13525299727916718 0.6241893768310547
vt 0.17148245871067047 0.6230729818344116
vt 0.27170994877815247 0.5765068531036377
vt 0.2229466438293457 0.5993373394012451
vt 0.18179954588413239 0.632535457611084
vt 0.21824292838573456 0.6166336536407471
vt 0.983929455280304 0.9453995823860168
vt 0.9739975929260254 0.9477760791778564
vt 0.9739280939102173 0.9325184226036072
vt 0.9786564111709595 0.9866558313369751
vt 0.9877604246139526 0.9849140644073486
vt 0.9725764989852905 0.9842421412467957
vt 0.989191472530365 0.9319857358932495
vt 0.9905654788017273 0.9287174344062805
vt 0.9742439389228821 0.924854040145874
vt 0.9866675734519958 0.9202290177345276
vt 0.9914950728416443 0.9091312289237976
vt 0.979637086391449 0.9180492758750916
vt 0.9836975336074829 0.9115556478500366
vt 0.9914950728416443 0.9880319237709045
vt 0.9682184457778931 0.9329352378845215
vt 0.9686586260795593 0.9255994558334351
vt 0.9688622355461121 0.9874032735824585
vt 0.9695773720741272 0.95492023229599
vt 0.8369870781898499 0.32482683658599854
vt 0.8418470621109009 0.31802886724472046
vt 0.852098822593689 0.321211040019989
vt 0.8528390526771545 0.3098147511482239
vt 0.8589664101600647 0.30943387746810913
vt 0.8607878088951111 0.31915003061294556
vt 0.824234127998352 0.3244287967681885
vt 0.8289297223091125 0.3088817000389099
vt 0.8199996948242188 0.3188311457633972
vt 0.8376923203468323 0.30575597286224365
vt 0.8438205718994141 0.30774855613708496
vt 0.8169723153114319 0.3109847903251648
vt 0.8317029476165771 0.3018617033958435
vt 0.8225632309913635 0.3064255118370056
vt 0.8183673620223999 0.3227294683456421
vt 0.8581410646438599 0.32836729288101196
vt 0.8509189486503601 0.3339230418205261
vt 0.8481477499008179 0.33436310291290283
vt 0.841667652130127 0.33123666048049927
vt 0.8330737948417664 0.3292614817619324
vt 0.8280484080314636 0.33064526319503784
vt 0.8417393565177917 0.3035076856613159
vt 0.853151798248291 0.30545151233673096
vt 0.815068781375885 0.303866982460022
vt 0.8560170531272888 0.33713650703430176
vt 0.8503232598304749 0.33823299407958984
vt 0.8142345547676086 0.3136172890663147
vt 0.8462949991226196 0.3429466485977173
vt 0.8458176851272583 0.3506205677986145
vt 0.8607878088951111 0.34853309392929077
vt 0.8418375253677368 0.3494037389755249
vt 0.846457302570343 0.33773237466812134
vt 0.13634680211544037 0.023907482624053955
vt 0.1289248764514923 0.030077993869781494
vt 0.14545297622680664 0.0324932336807251
vt 0.11082469671964645 0.024304330348968506
vt 0.12189345061779022 0.03696262836456299
vt 0.11119922250509262 0.03044980764389038
vt 0.12991049885749817 0.03951549530029297
vt 0.13482250273227692 0.04590809345245361
vt 0.14850454032421112 0.04407548904418945
vt 0.1540824919939041 0.03419756889343262
vt 0.17039671540260315 0.04261964559555054
vt 0.1642172485589981 0.031144380569458008
vt 0.17998729646205902 0.031472623348236084
vt 0.18305286765098572 0.04501408338546753
vt 0.19528944790363312 0.04471158981323242
vt 0.1910175234079361 0.032666146755218506
vt 0.19983693957328796 0.035080909729003906
vt 0.20525988936424255 0.02833414077758789
vt 0.15749630331993103 0.04773133993148804
vt 0.21210262179374695 0.03318518400192261
vt 0.21884308755397797 0.029225587844848633
vt 0.18656329810619354 0.021031677722930908
vt 0.2133961170911789 0.020605862140655518
vt 0.1491912603378296 0.027202069759368896
vt 0.20174449682235718 0.012789547443389893
vt 0.1349179744720459 0.04948890209197998
vt 0.163539856672287 0.015993237495422363
vt 0.12223122268915176 0.017819762229919434
vt 0.13643579185009003 0.018037617206573486
vt 0.11074363440275192 0.01668459177017212
vt 0.17333215475082397 0.04839438199996948
vt 0.21599698066711426 0.012369036674499512
vt 0.14671114087104797 0.04995119571685791
vt 0.14483535289764404 0.017117559909820557
vt 0.12689296901226044 0.045677125453948975
vt 0.1274879276752472 0.049395084381103516
vt 0.10804902762174606 0.03906172513961792
vt 0.10130158066749573 0.036521732807159424
vt 0.1781296730041504 0.011594414710998535
vt 0.10312909632921219 0.03156501054763794
vt 0.12587229907512665 0.013130903244018555
vt 0.1388787478208542 0.01297461986541748
vt 0.11318330466747284 0.013928234577178955
vt 0.20014797151088715 0.054521262645721436
vt 0.20722180604934692 0.011081576347351074
vt 0.10322853922843933 0.02383822202682495
vt 0.09086839854717255 0.018175840377807617
vt 0.10552661865949631 0.015537559986114502
vt 0.09160223603248596 0.033495545387268066
vt 0.1000562310218811 0.034166574478149414
vt 0.15631400048732758 0.011081576347351074
vt 0.14389893412590027 0.011928379535675049
vt 0.20562483370304108 0.0400998592376709
vt 0.20290976762771606 0.04321610927581787
vt 0.12054869532585144 0.04758328199386597
vt 0.21978513896465302 0.03485369682312012
vt 0.5042070150375366 0.15926390886306763
vt 0.5003570914268494 0.14157778024673462
vt 0.4867066740989685 0.160383403301239
vt 0.48328861594200134 0.14496564865112305
vt 0.5231624245643616 0.15910375118255615
vt 0.5111531019210815 0.13751310110092163
vt 0.5346710681915283 0.1583232879638672
vt 0.5354558825492859 0.14392030239105225
vt 0.5466497540473938 0.15678483247756958
vt 0.5309351682662964 0.13696032762527466
vt 0.4565868675708771 0.1530807614326477
vt 0.4575105607509613 0.16680532693862915
vt 0.4429953098297119 0.15811395645141602
vt 0.43283286690711975 0.15049266815185547
vt 0.42429113388061523 0.15744256973266602
vt 0.41126659512519836 0.15535646677017212
vt 0.4352293908596039 0.17242908477783203
vt 0.4707617461681366 0.14450985193252563
vt 0.4864734709262848 0.14057612419128418
vt 0.4244908094406128 0.14796018600463867
vt 0.557558536529541 0.15696454048156738
vt 0.5420461297035217 0.1388600468635559
vt 0.4137515723705292 0.14677280187606812
vt 0.47688576579093933 0.13417291641235352
vt 0.4548962414264679 0.13655948638916016
vt 0.40192657709121704 0.15404802560806274
vt 0.39679038524627686 0.16110140085220337
vt 0.46831515431404114 0.13103467226028442
vt 0.4541408121585846 0.12913453578948975
vt 0.43698716163635254 0.1319941282272339
vt 0.4206286668777466 0.12721633911132812
vt 0.38809311389923096 0.16215252876281738
vt 0.5626493096351624 0.14496231079101562
vt 0.5666500329971313 0.15556424856185913
vt 0.5523166060447693 0.13660752773284912
vt 0.5796471238136292 0.15262389183044434
vt 0.5693425536155701 0.134560227394104
vt 0.5873417854309082 0.1305328607559204
vt 0.6008664965629578 0.13342487812042236
vt 0.6038495898246765 0.12721633911132812
vt 0.595689058303833 0.14248043298721313
vt 0.5876412391662598 0.14949357509613037
vt 0.5982358455657959 0.14398229122161865
vt 0.8669881820678711 0.22387123107910156
vt 0.852824866771698 0.211215078830719
vt 0.8624057173728943 0.20086556673049927
vt 0.8533799052238464 0.2279726266860962
vt 0.8648343682289124 0.24525940418243408
vt 0.8536704182624817 0.24316030740737915
vt 0.8569644689559937 0.25722891092300415
vt 0.8674020767211914 0.2554135322570801
vt 0.8672956824302673 0.2645770311355591
vt 0.8542205095291138 0.26887524127960205
vt 0.8573866486549377 0.271911084651947
vt 0.8644082546234131 0.2744346261024475
vt 0.8521709442138672 0.20418530702590942
vt 0.8619055151939392 0.18422001600265503
vt 0.8532792329788208 0.18867677450180054
vt 0.8592703938484192 0.17887979745864868
vt 0.8764289617538452 0.20743674039840698
vt 0.8771212697029114 0.23205900192260742
vt 0.8755143284797668 0.19070464372634888
vt 0.8828678727149963 0.2433243989944458
vt 0.8881651759147644 0.21588563919067383
vt 0.891010582447052 0.19755703210830688
vt 0.8777968287467957 0.17815834283828735
vt 0.891414225101471 0.1829739809036255
vt 0.8970126509666443 0.21770405769348145
vt 0.897047758102417 0.24814194440841675
vt 0.8891937732696533 0.16677522659301758
vt 0.8744121193885803 0.16578197479248047
vt 0.9011213183403015 0.1913285255432129
vt 0.8597553372383118 0.16580110788345337
vt 0.8826690316200256 0.15516161918640137
vt 0.8634271621704102 0.15381205081939697
vt 0.9050160646438599 0.17583930492401123
vt 0.8509399890899658 0.22829705476760864
vt 0.8991844058036804 0.3334119915962219
vt 0.8945556879043579 0.3496965765953064
vt 0.8840046525001526 0.3297727108001709
vt 0.895004153251648 0.28712600469589233
vt 0.8859867453575134 0.2971968650817871
vt 0.881634533405304 0.2771983742713928
vt 0.9044753909111023 0.29605400562286377
vt 0.8967337012290955 0.26333343982696533
vt 0.9105528593063354 0.2701740264892578
vt 0.9125329852104187 0.3109462857246399
vt 0.9105954766273499 0.34222549200057983
vt 0.9142136573791504 0.2884886860847473
vt 0.9092063307762146 0.2610419988632202
vt 0.9085928201675415 0.34726738929748535
vt 0.9137911200523376 0.3496677875518799
vt 0.8765285611152649 0.27097415924072266
vt 0.9207859039306641 0.3127596378326416
vt 0.916037380695343 0.3309330344200134
vt 0.9233590960502625 0.34767502546310425
vt 0.8846181631088257 0.257140576839447
vt 0.9252461791038513 0.3266276717185974
vt 0.9098015427589417 0.24965977668762207
vt 0.9128811955451965 0.25442343950271606
vt 0.8959237933158875 0.352744996547699
vt 0.8710824847221375 0.3051992654800415
vt 0.8727321624755859 0.28225165605545044
vt 0.8784769177436829 0.32505953311920166
vt 0.8679230213165283 0.2944751977920532
vt 0.8652526140213013 0.2789510488510132
vt 0.9116227030754089 0.23452800512313843
vt 0.9241529107093811 0.352472186088562
vt 0.9135628342628479 0.21515357494354248
vt 0.916871964931488 0.22241532802581787
vt 0.9201703667640686 0.20736193656921387
vt 0.9130133986473083 0.19140714406967163
vt 0.9252461791038513 0.18739008903503418
vt 0.8846126794815063 0.3406760096549988
vt 0.8881880640983582 0.3512955904006958
vt 0.8900629281997681 0.3603723645210266
vt 0.9056793451309204 0.34948819875717163
vt 0.7441197633743286 0.6214413642883301
vt 0.7451410889625549 0.611937403678894
vt 0.7521499991416931 0.6262622475624084
vt 0.7514389753341675 0.6375170946121216
vt 0.7378589510917664 0.6391769647598267
vt 0.7551167011260986 0.6152986288070679
vt 0.7548511028289795 0.605233907699585
vt 0.7526722550392151 0.6012527942657471
vt 0.7587287425994873 0.5819453597068787
vt 0.7524189949035645 0.6330242156982422
vt 0.7480684518814087 0.6397136449813843
vt 0.7411439418792725 0.6405500173568726
vt 0.7423989176750183 0.6154189109802246
vt 0.7558540105819702 0.594882607460022
vt 0.7568572759628296 0.5793439745903015
vt 0.7354521155357361 0.638089120388031
vt 0.7587287425994873 0.6440602540969849
vt 0.3120046555995941 0.7060917615890503
vt 0.29411444067955017 0.6954225897789001
vt 0.2952764928340912 0.7071563005447388
vt 0.3194395899772644 0.7011770606040955
vt 0.34870314598083496 0.6982641220092773
vt 0.350366473197937 0.7048069834709167
vt 0.34137681126594543 0.6921895146369934
vt 0.3502202033996582 0.6872499585151672
vt 0.30179890990257263 0.689174234867096
vt 0.3385851979255676 0.6866134405136108
vt 0.2930038273334503 0.6880330443382263
vt 0.2905385494232178 0.7069095373153687
vt 0.2911674976348877 0.6911340951919556
vt 0.27131831645965576 0.7020221948623657
vt 0.2838263511657715 0.7082383036613464
vt 0.26449501514434814 0.6911593675613403
vt 0.2549159526824951 0.7017209529876709
vt 0.2486451268196106 0.6906200051307678
vt 0.2460688054561615 0.7020920515060425
vt 0.24890068173408508 0.7108815908432007
vt 0.24306176602840424 0.7109882831573486
vt 0.2876642048358917 0.712013840675354
vt 0.266862690448761 0.6866134405136108
vt 0.2904539406299591 0.6870303153991699
vt 0.26883068680763245 0.7039021253585815
vt 0.2544085383415222 0.687538743019104
vt 0.350492388010025 0.7099940180778503
vt 0.29638251662254333 0.7123227119445801
vt 0.31708258390426636 0.7119911909103394
vt 0.2575671970844269 0.7034454345703125
vt 0.9841830730438232 0.3978921175003052
vt 0.9871254563331604 0.4171050786972046
vt 0.9743859767913818 0.416598379611969
vt 0.9743922352790833 0.39919954538345337
vt 0.9754354357719421 0.4333205223083496
vt 0.9863471388816833 0.4303269386291504
vt 0.9721947312355042 0.44247257709503174
vt 0.9774614572525024 0.3858872056007385
vt 0.9902903437614441 0.3816434144973755
vt 0.9890668988227844 0.37632977962493896
vt 0.9880480170249939 0.4511163830757141
vt 0.9738175272941589 0.4605594277381897
vt 0.9875621795654297 0.4578808546066284
vt 0.9816429018974304 0.4685283899307251
vt 0.9895250201225281 0.44048386812210083
vt 0.9873416423797607 0.467670202255249
vt 0.993285596370697 0.4018176794052124
vt 0.9931787252426147 0.3879033327102661
vt 0.9924915432929993 0.4157731533050537
vt 0.9704810380935669 0.4297049045562744
vt 0.9911367297172546 0.4328151345252991
vt 0.993285596370697 0.37793463468551636
vt 0.9708508849143982 0.4029102921485901
vt 0.9701341986656189 0.41737669706344604
vt 0.9723041653633118 0.39331239461898804
vt 0.9712834358215332 0.4488840103149414
vt 0.9697859287261963 0.46232324838638306
vt 0.9691137075424194 0.39643973112106323
vt 0.5787762999534607 0.4422187805175781
vt 0.5676283240318298 0.42574530839920044
vt 0.5895542502403259 0.4310528039932251
vt 0.593250572681427 0.44538748264312744
vt 0.609383225440979 0.43581634759902954
vt 0.6107884645462036 0.4481368660926819
vt 0.6159868836402893 0.4457623362541199
vt 0.5876387357711792 0.42729151248931885
vt 0.5697136521339417 0.4391070604324341
vt 0.5637834072113037 0.4362184405326843
vt 0.5787652134895325 0.42082589864730835
vt 0.5673925876617432 0.4199615716934204
vt 0.5766630172729492 0.4160884618759155
vt 0.5653373003005981 0.41718924045562744
vt 0.5867562294006348 0.4108685851097107
vt 0.5794183611869812 0.41204309463500977
vt 0.5939837098121643 0.4123923182487488
vt 0.5918756127357483 0.4083513021469116
vt 0.6199885606765747 0.43971025943756104
vt 0.6136643290519714 0.42272114753723145
vt 0.6143102049827576 0.41222941875457764
vt 0.6192318797111511 0.4080178737640381
vt 0.6180109977722168 0.4238569140434265
vt 0.6002770662307739 0.4007105231285095
vt 0.6068957448005676 0.3959360122680664
vt 0.6228197813034058 0.39411503076553345
vt 0.6131130456924438 0.43278181552886963
vt 0.6222334504127502 0.4370381236076355
vt 0.5975721478462219 0.4019339680671692
vt 0.542864978313446 0.48357969522476196
vt 0.5401310920715332 0.4723936915397644
vt 0.5449829697608948 0.4737030267715454
vt 0.5598569512367249 0.4728969931602478
vt 0.548083484172821 0.49427056312561035
vt 0.5585311651229858 0.4856407046318054
vt 0.5730724930763245 0.47606033086776733
vt 0.5863111615180969 0.49324554204940796
vt 0.5905803442001343 0.5191602110862732
vt 0.5581386089324951 0.5209584832191467
vt 0.6043848991394043 0.5085855722427368
vt 0.5399720668792725 0.5137558579444885
vt 0.6111637353897095 0.4828079342842102
vt 0.5936589241027832 0.4798693060874939
vt 0.618813693523407 0.49135398864746094
vt 0.625602126121521 0.512874960899353
vt 0.6100084781646729 0.5276312828063965
vt 0.5869500041007996 0.5302481055259705
vt 0.5626442432403564 0.5347985029220581
vt 0.5385163426399231 0.5280259847640991
vt 0.615641176700592 0.5167708396911621
vt 0.5414113998413086 0.49831581115722656
vt 0.5858105421066284 0.5341821908950806
vt 0.6252431273460388 0.5289138555526733
vt 0.6159205436706543 0.5464059114456177
vt 0.6296485066413879 0.5403642058372498
vt 0.6349747776985168 0.5531027317047119
vt 0.599198043346405 0.5632321834564209
vt 0.6145278215408325 0.5808544158935547
vt 0.6414795517921448 0.5661009550094604
vt 0.5890935063362122 0.587288498878479
vt 0.5813211798667908 0.5663094520568848
vt 0.5756486058235168 0.5706825256347656
vt 0.6105659604072571 0.6066043376922607
vt 0.5723419785499573 0.5528231263160706
vt 0.592383086681366 0.5410975217819214
vt 0.6483603715896606 0.5903575420379639
vt 0.6254323720932007 0.6046191453933716
vt 0.59372878074646 0.6149450540542603
vt 0.6517499685287476 0.6059229373931885
vt 0.5643778443336487 0.5925984382629395
vt 0.5741775631904602 0.6074463725090027
vt 0.5360422730445862 0.5418168306350708
vt 0.5400211215019226 0.5579203367233276
vt 0.5445284247398376 0.5363816022872925
vt 0.5369856357574463 0.5301560163497925
vt 0.5509666204452515 0.574298620223999
vt 0.6087868809700012 0.6284459829330444
vt 0.5817113518714905 0.6186429858207703
vt 0.6235430836677551 0.6255722045898438
vt 0.6532963514328003 0.6153455972671509
vt 0.5924699306488037 0.6331661939620972
vt 0.6416329145431519 0.6400856375694275
vt 0.6250013709068298 0.6448398232460022
vt 0.6039444208145142 0.6402299404144287
vt 0.6576157212257385 0.6299957036972046
vt 0.6210008859634399 0.49676698446273804
vt 0.6467616558074951 0.576951265335083
vt 0.656293511390686 0.6000595688819885
vt 0.5313339233398438 0.5529109239578247
vt 0.6171882152557373 0.48589175939559937
vt 0.664474606513977 0.6412017345428467
vt 0.663205623626709 0.6132080554962158
vt 0.6508942246437073 0.5868189334869385
vt 0.6700984835624695 0.6333358287811279
vt 0.6047235727310181 0.6484929323196411
vt 0.5543525815010071 0.5868186950683594
vt 0.5664681196212769 0.6068536043167114
vt 0.6407673358917236 0.6471602916717529
vt 0.5885833501815796 0.6463208198547363
vt 0.6131448745727539 0.48070067167282104
vt 0.6179895997047424 0.48301005363464355
vt 0.6257629990577698 0.4691999554634094
vt 0.6238937973976135 0.4822755455970764
vt 0.6058182120323181 0.4595458507537842
vt 0.5846003890037537 0.47308236360549927
vt 0.5719545483589172 0.4694198966026306
vt 0.5767805576324463 0.45500439405441284
vt 0.5540036559104919 0.46255582571029663
vt 0.6197423338890076 0.4501453638076782
vt 0.6369102597236633 0.4463711977005005
vt 0.6475741267204285 0.4543845057487488
vt 0.5585196614265442 0.4474645256996155
vt 0.6509986519813538 0.4458044171333313
vt 0.642724871635437 0.4432641863822937
vt 0.6298732757568359 0.4401087164878845
vt 0.6390804052352905 0.469072163105011
vt 0.6299479007720947 0.47951316833496094
vt 0.5524293780326843 0.46778619289398193
vt 0.6514516472816467 0.44809454679489136
vt 0.6557281017303467 0.4379885196685791
vt 0.5617547035217285 0.4338333010673523
vt 0.6383469104766846 0.434941828250885
vt 0.6491775512695312 0.4310045838356018
vt 0.6402313113212585 0.4205336570739746
vt 0.621611475944519 0.42579376697540283
vt 0.6240511536598206 0.41793501377105713
vt 0.6295852065086365 0.4004652500152588
vt 0.6463645696640015 0.39980989694595337
vt 0.6568177938461304 0.403728723526001
vt 0.6552612781524658 0.41756588220596313
vt 0.6510164141654968 0.3769068717956543
vt 0.6573880910873413 0.3900347948074341
vt 0.6652235388755798 0.3766692876815796
vt 0.6376876831054688 0.37714552879333496
vt 0.6429539918899536 0.37012410163879395
vt 0.653605580329895 0.37214183807373047
vt 0.6641813516616821 0.3990534543991089
vt 0.6288806796073914 0.4345111846923828
vt 0.6531115174293518 0.4295108914375305
vt 0.6652442812919617 0.42093175649642944
vt 0.6700984835624695 0.4262416362762451
vt 0.6664428114891052 0.41740840673446655
vt 0.6214395761489868 0.4195442199707031
vt 0.5454519987106323 0.5716099739074707
vt 0.5797063112258911 0.6300005912780762
vt 0.6599052548408508 0.44496333599090576
vt 0.6700924038887024 0.4329547882080078
vt 0.7031977772712708 0.3603087067604065
vt 0.6953622102737427 0.36581987142562866
vt 0.6926900148391724 0.3617955446243286
vt 0.6860519051551819 0.3678016662597656
vt 0.6787285208702087 0.36855971813201904
vt 0.6851481199264526 0.3719157576560974
vt 0.6795129179954529 0.3724796175956726
vt 0.6747523546218872 0.3726305365562439
vt 0.6704724431037903 0.3706737756729126
vt 0.6705176830291748 0.365913450717926
vt 0.6793907880783081 0.35867220163345337
vt 0.6945053339004517 0.35273462533950806
vt 0.702111542224884 0.34977102279663086
vt 0.7149768471717834 0.35084837675094604
vt 0.7165654301643372 0.34643250703811646
vt 0.7295633554458618 0.3453611731529236
vt 0.7322556972503662 0.3530886769294739
vt 0.7461056113243103 0.3444148898124695
vt 0.7470465898513794 0.352835476398468
vt 0.7556306719779968 0.3688105344772339
vt 0.7565082311630249 0.34560626745224
vt 0.7440407872200012 0.37187814712524414
vt 0.7640469670295715 0.38423246145248413
vt 0.76120924949646 0.37462204694747925
vt 0.7308222651481628 0.3669167160987854
vt 0.7149476408958435 0.3606763482093811
vt 0.7556219100952148 0.3966408371925354
vt 0.7680515646934509 0.38749605417251587
vt 0.7712622880935669 0.40210771560668945
vt 0.7261974215507507 0.378581702709198
vt 0.7108150720596313 0.374442994594574
vt 0.6986232995986938 0.3738199472427368
vt 0.7585439085960388 0.41286277770996094
vt 0.7240438461303711 0.3906317353248596
vt 0.7093340754508972 0.38622230291366577
vt 0.7464563846588135 0.4083256125450134
vt 0.7363579869270325 0.4010962247848511
vt 0.6927410960197449 0.37691962718963623
vt 0.7571721076965332 0.42896246910095215
vt 0.7708472013473511 0.4149608612060547
vt 0.6756806373596191 0.38155776262283325
vt 0.7615882754325867 0.34810882806777954
vt 0.762312114238739 0.35914790630340576
vt 0.6848569512367249 0.35559970140457153
vt 0.7348170280456543 0.5750243663787842
vt 0.729330837726593 0.5581101179122925
vt 0.7335875630378723 0.554823637008667
vt 0.7207204103469849 0.5528151988983154
vt 0.7207625508308411 0.5378183722496033
vt 0.739337682723999 0.5256927609443665
vt 0.7256078124046326 0.5201731324195862
vt 0.7418177127838135 0.5083435773849487
vt 0.7044211626052856 0.5436702966690063
vt 0.7231816649436951 0.502034604549408
vt 0.7484477162361145 0.4984742999076843
vt 0.7208501696586609 0.48578155040740967
vt 0.7398568987846375 0.48815393447875977
vt 0.7332631349563599 0.4753493070602417
vt 0.7282132506370544 0.4551885724067688
vt 0.708922266960144 0.467438280582428
vt 0.7044541835784912 0.531193196773529
vt 0.7038607001304626 0.5154332518577576
vt 0.7027925252914429 0.4926149845123291
vt 0.7450681924819946 0.545951247215271
vt 0.7477192878723145 0.5618757009506226
vt 0.7545268535614014 0.5143240094184875
vt 0.7520037293434143 0.5270284414291382
vt 0.7344710230827332 0.5921177864074707
vt 0.7480252385139465 0.5887784361839294
vt 0.7648555636405945 0.49468833208084106
vt 0.7663440704345703 0.5007962584495544
vt 0.7579776048660278 0.5733654499053955
vt 0.7385896444320679 0.6026323437690735
vt 0.7025874853134155 0.4756505489349365
vt 0.7658559083938599 0.5585449934005737
vt 0.7696243524551392 0.5326212644577026
vt 0.7712622880935669 0.5382615327835083
vt 0.769866943359375 0.5188324451446533
vt 0.7592241168022156 0.4753803014755249
vt 0.7607764005661011 0.48414963483810425
vt 0.7487977743148804 0.4770158529281616
vt 0.7547369003295898 0.45204275846481323
vt 0.7325430512428284 0.46129071712493896
vt 0.7586496472358704 0.46138036251068115
vt 0.755548894405365 0.4381343722343445
vt 0.7352929711341858 0.6026170253753662
vt 0.7308646440505981 0.604628324508667
vt 0.6940388083457947 0.48245012760162354
vt 0.6912532448768616 0.4603768587112427
vt 0.7199061512947083 0.4437914490699768
vt 0.7217316031455994 0.4349491596221924
vt 0.7081571817398071 0.44012171030044556
vt 0.720596194267273 0.4067538380622864
vt 0.7389922738075256 0.43020933866500854
vt 0.7310085296630859 0.41904014348983765
vt 0.7366417050361633 0.414600133895874
vt 0.6946131587028503 0.40133136510849
vt 0.7697668075561523 0.5074737071990967
vt 0.6986061930656433 0.3821871280670166
vt 0.6997727155685425 0.5517188906669617
vt 0.6889605522155762 0.42174166440963745
vt 0.6816525459289551 0.3952794671058655
vt 0.7520876526832581 0.4255325198173523
vt 0.6771479845046997 0.4122532606124878
vt 0.7710444331169128 0.5494358539581299
vt 0.7458949089050293 0.4162060618400574
vt 0.6860928535461426 0.4529154300689697
vt 0.6832331418991089 0.46705377101898193
vt 0.666326642036438 0.4685545563697815
vt 0.6765449643135071 0.49473047256469727
vt 0.6624583601951599 0.488006055355072
vt 0.6611459255218506 0.49461519718170166
vt 0.6655722856521606 0.4581871032714844
vt 0.664440393447876 0.5088100433349609
vt 0.6904792189598083 0.5055291056632996
vt 0.6839076280593872 0.5495128035545349
vt 0.6787941455841064 0.5678261518478394
vt 0.6931934952735901 0.567101001739502
vt 0.6742873191833496 0.5712555646896362
vt 0.6855414509773254 0.5800682902336121
vt 0.672441303730011 0.5847064256668091
vt 0.6829135417938232 0.5944582223892212
vt 0.7001284956932068 0.5881246328353882
vt 0.7042413949966431 0.6081835031509399
vt 0.7109315991401672 0.6000947952270508
vt 0.7141051888465881 0.5806177854537964
vt 0.7051990628242493 0.5712337493896484
vt 0.7170916795730591 0.5647895336151123
vt 0.7014633417129517 0.5582201480865479
vt 0.6722331047058105 0.5890570878982544
vt 0.6692315340042114 0.5793964862823486
vt 0.6670549511909485 0.5204102396965027
vt 0.6867977380752563 0.5301411151885986
vt 0.6731715798377991 0.5395602583885193
vt 0.6677982211112976 0.5458669662475586
vt 0.6651079654693604 0.5300886034965515
vt 0.6741104125976562 0.5628763437271118
vt 0.6801353096961975 0.3849114179611206
vt 0.7330091595649719 0.5910504460334778
vt 0.7620452642440796 0.444729208946228
vt 0.6850792169570923 0.59812331199646
vt 0.6622678637504578 0.4765622019767761
vt 0.7174657583236694 0.5906769037246704
vt 0.6642268896102905 0.5408580303192139
vt 0.7701593637466431 0.5710036754608154
vt 0.7113398909568787 0.6085993051528931
vt 0.9797090291976929 0.5304329991340637
vt 0.9715852737426758 0.5389696359634399
vt 0.9796590805053711 0.5178960561752319
vt 0.9760844707489014 0.5095820426940918
vt 0.9733051657676697 0.5022163391113281
vt 0.9668068289756775 0.5425662994384766
vt 0.9680671691894531 0.5030821561813354
vt 0.9646373987197876 0.5344765186309814
vt 0.9717743396759033 0.548417329788208
vt 0.9780341386795044 0.5025830268859863
vt 0.9834377765655518 0.5025330781936646
vt 0.9797390699386597 0.541353166103363
vt 0.9794362187385559 0.5479011535644531
vt 0.9820484519004822 0.5527482032775879
vt 0.9659795165061951 0.5484613180160522
vt 0.9834377765655518 0.5435953140258789
vt 0.23826581239700317 0.005356490612030029
vt 0.231007382273674 0.014910876750946045
vt 0.23566889762878418 0.002271592617034912
vt 0.23772236704826355 0.023836195468902588
vt 0.23648910224437714 0.04444527626037598
vt 0.22963294386863708 0.021295011043548584
vt 0.24929361045360565 0.04764854907989502
vt 0.2443576157093048 0.058082759380340576
vt 0.2365475445985794 0.05870610475540161
vt 0.2509235143661499 0.023520827293395996
vt 0.26096686720848083 0.046337246894836426
vt 0.254441499710083 0.05841398239135742
vt 0.24945013225078583 0.0625
vt 0.25660258531570435 0.027463436126708984
vt 0.25965774059295654 0.02800065279006958
vt 0.2558130919933319 0.01791316270828247
vt 0.2501286268234253 0.012877464294433594
vt 0.26096686720848083 0.016686618328094482
vt 0.24024063348770142 0.0004432797431945801
vt 0.25659504532814026 0.010248899459838867
vt 0.2636979818344116 0.6187793612480164
vt 0.27609744668006897 0.6141007542610168
vt 0.28061866760253906 0.6063972115516663
vt 0.26340898871421814 0.6032570004463196
vt 0.24552270770072937 0.6166377067565918
vt 0.24557147920131683 0.6078977584838867
vt 0.2895260155200958 0.6077293753623962
vt 0.24581439793109894 0.6213757991790771
vt 0.248050257563591 0.6022120714187622
vt 0.24485228955745697 0.6015070676803589
vt 0.28819867968559265 0.6015070676803589
vt 0.2976723313331604 0.6045483350753784
vt 0.28665152192115784 0.6146682500839233
vt 0.27620595693588257 0.6180845499038696
vt 0.26105132699012756 0.6218971610069275
vt 0.29361841082572937 0.610144317150116
vt 0.3251239061355591 0.03741186857223511
vt 0.3266855776309967 0.02497798204421997
vt 0.32147708535194397 0.035774409770965576
vt 0.34356918931007385 0.030742108821868896
vt 0.31197279691696167 0.032178401947021484
vt 0.3011961281299591 0.027724027633666992
vt 0.2995263338088989 0.010195016860961914
vt 0.2950023114681244 0.022706270217895508
vt 0.2947731614112854 0.012008965015411377
vt 0.34876948595046997 0.020302951335906982
vt 0.3572436571121216 0.03479188680648804
vt 0.36797261238098145 0.026278138160705566
vt 0.3251860439777374 0.011077880859375
vt 0.3381307125091553 0.037966132164001465
vt 0.3239278495311737 0.04494136571884155
vt 0.3483153283596039 0.012986719608306885
vt 0.3623369634151459 0.012768685817718506
vt 0.36961036920547485 0.011082231998443604
vt 0.3845383822917938 0.020625531673431396
vt 0.3706417977809906 0.0398327112197876
vt 0.3981828987598419 0.032041728496551514
vt 0.37332794070243835 0.04731035232543945
vt 0.3808389902114868 0.0482524037361145
vt 0.3937615156173706 0.04961085319519043
vt 0.416741281747818 0.046986162662506104
vt 0.41419538855552673 0.05144691467285156
vt 0.40216442942619324 0.013469278812408447
vt 0.3829914629459381 0.010195016860961914
vt 0.36685070395469666 0.04578965902328491
vt 0.35620346665382385 0.04421025514602661
vt 0.35149767994880676 0.0502358078956604
vt 0.33449986577033997 0.0511016845703125
vt 0.3164827525615692 0.05895388126373291
vt 0.33705031871795654 0.05251264572143555
vt 0.3640845715999603 0.04903501272201538
vt 0.39957883954048157 0.010450005531311035
vt 0.2940913140773773 0.02825981378555298
vt 0.4145604968070984 0.03877907991409302
vt 0.3230249881744385 0.04100567102432251
vt 0.03509264811873436 0.5687769651412964
vt 0.03635116294026375 0.5621691346168518
vt 0.044228482991456985 0.5671200752258301
vt 0.037198297679424286 0.5738884806632996
vt 0.05595344677567482 0.5399969220161438
vt 0.041434936225414276 0.5433815717697144
vt 0.035103004425764084 0.5490798354148865
vt 0.05592569708824158 0.5593760013580322
vt 0.055452536791563034 0.5783570408821106
vt 0.04545380920171738 0.5781031847000122
vt 0.038438811898231506 0.581213116645813
vt 0.05595344677567482 0.5828900337219238
vt 0.02958371862769127 0.5572104454040527
vt 0.038446441292762756 0.5394567847251892
vt 0.04474499076604843 0.5385638475418091
vt 0.028200536966323853 0.5662747621536255
vt 0.03382965177297592 0.5773501396179199
vt 0.0660640150308609 0.331119179725647
vt 0.06129268929362297 0.34366071224212646
vt 0.06072089448571205 0.33815813064575195
vt 0.06585973501205444 0.31945228576660156
vt 0.06900496035814285 0.34403032064437866
vt 0.06391235440969467 0.36569148302078247
vt 0.05916496366262436 0.3615971803665161
vt 0.05774395540356636 0.35371333360671997
vt 0.06938225775957108 0.3639677166938782
vt 0.06166006252169609 0.31873762607574463
vt 0.06384845077991486 0.3109777569770813
vt 0.06814762204885483 0.31129658222198486
vt 0.06938227266073227 0.30452126264572144
vt 0.9479709267616272 0.51747727394104
vt 0.9422059059143066 0.5208418965339661
vt 0.9420675039291382 0.4921398162841797
vt 0.9472758173942566 0.5439550876617432
vt 0.9556848406791687 0.5462536811828613
vt 0.937423586845398 0.544905424118042
vt 0.9376688599586487 0.5140910148620605
vt 0.9348107576370239 0.4938133955001831
vt 0.9534206986427307 0.5146842002868652
vt 0.9525657892227173 0.4932878613471985
vt 0.9351258873939514 0.547429084777832
vt 0.9314684867858887 0.5094677209854126
vt 0.9442183375358582 0.487541139125824
vt 0.9395167231559753 0.48837578296661377
vt 0.9556848406791687 0.486380398273468
vt 0.9306177496910095 0.486258864402771
vt 0.02315409854054451 0.5321604013442993
vt 0.01331847719848156 0.5362547636032104
vt 0.013474555686116219 0.523409366607666
vt 0.022339342162013054 0.5202613472938538
vt 0.012085944414138794 0.5077413320541382
vt 0.023029102012515068 0.510572612285614
vt 0.02169078215956688 0.4946523904800415
vt 0.026410026475787163 0.5320155620574951
vt 0.012480765581130981 0.4962034821510315
vt 0.015955591574311256 0.48359930515289307
vt 0.026410026475787163 0.4859381914138794
vt 0.02286643348634243 0.5385638475418091
vt 0.4991358816623688 0.5141077637672424
vt 0.5052659511566162 0.509860634803772
vt 0.4964604079723358 0.5029467940330505
vt 0.5001323223114014 0.48926204442977905
vt 0.5062381029129028 0.5171142816543579
vt 0.5154586434364319 0.514560878276825
vt 0.5163646340370178 0.5105048418045044
vt 0.5085583925247192 0.5019555687904358
vt 0.5195637345314026 0.5017431974411011
vt 0.511303722858429 0.48503369092941284
vt 0.5222699642181396 0.5048282742500305
vt 0.49510303139686584 0.4814996123313904
vt 0.5083061456680298 0.4618980884552002
vt 0.49446094036102295 0.4978782534599304
vt 0.49581387639045715 0.4482138752937317
vt 0.5232591032981873 0.4894750118255615
vt 0.5227572917938232 0.47078800201416016
vt 0.5279262661933899 0.48155879974365234
vt 0.5262541174888611 0.4467173218727112
vt 0.5384037494659424 0.4578738808631897
vt 0.5387928485870361 0.4290497899055481
vt 0.5263187289237976 0.4268617033958435
vt 0.5474485158920288 0.43110454082489014
vt 0.5363498330116272 0.4878154397010803
vt 0.5106940269470215 0.4279686212539673
vt 0.5012321472167969 0.42762041091918945
vt 0.4859422445297241 0.4426823854446411
vt 0.48388540744781494 0.4268617033958435
vt 0.4869045913219452 0.4723660349845886
vt 0.48476821184158325 0.49235081672668457
vt 0.4931625723838806 0.5058017373085022
vt 0.49669918417930603 0.5172872543334961
vt 0.5310350656509399 0.48667722940444946
vt 0.5281828045845032 0.48663902282714844
vt 0.5262088775634766 0.4924417734146118
vt 0.523027777671814 0.5000956654548645
vt 0.3650573492050171 0.1422872543334961
vt 0.3791319727897644 0.13467299938201904
vt 0.3612775504589081 0.13832533359527588
vt 0.37671178579330444 0.14108604192733765
vt 0.39794090390205383 0.1316489577293396
vt 0.34761688113212585 0.1418246030807495
vt 0.3392612040042877 0.13626056909561157
vt 0.33116570115089417 0.14072316884994507
vt 0.3252679109573364 0.13530504703521729
vt 0.31854692101478577 0.13998711109161377
vt 0.3291029632091522 0.1329154372215271
vt 0.3183710277080536 0.1316489577293396
vt 0.31555259227752686 0.13570213317871094
vt 0.3595000207424164 0.13403987884521484
vt 0.30967220664024353 0.13191252946853638
vt 0.3013931214809418 0.13720965385437012
vt 0.29856759309768677 0.13253378868103027
vt 0.7083403468132019 0.6626772880554199
vt 0.6978594660758972 0.6548300981521606
vt 0.6942219138145447 0.6619060039520264
vt 0.7219167947769165 0.6523268222808838
vt 0.7173001170158386 0.6625967025756836
vt 0.7270963191986084 0.6577768325805664
vt 0.6827694177627563 0.6589781045913696
vt 0.6740904450416565 0.6529000401496887
vt 0.6693568825721741 0.657627522945404
vt 0.6638317108154297 0.6502659320831299
vt 0.7444958686828613 0.6536439657211304
vt 0.7291228771209717 0.6597309112548828
vt 0.676357090473175 0.6510841846466064
vt 0.6709572672843933 0.6600120067596436
vt 0.7556473612785339 0.6526904106140137
vt 0.7577947378158569 0.650826632976532
vt 0.7641002535820007 0.6502659320831299
vt 0.21491266787052155 0.12342631816864014
vt 0.23256249725818634 0.11780381202697754
vt 0.2182035595178604 0.11231178045272827
vt 0.2308199107646942 0.111258864402771
vt 0.2350044697523117 0.12455672025680542
vt 0.21522413194179535 0.11143815517425537
vt 0.21172784268856049 0.111258864402771
vt 0.6038495898246765 0.6983389854431152
vt 0.6025492548942566 0.7114191651344299
vt 0.5881741046905518 0.7167553305625916
vt 0.5875825881958008 0.7058671116828918
vt 0.6033684611320496 0.7163651585578918
vt 0.5887161493301392 0.6948562860488892
vt 0.6033684611320496 0.693705677986145
vt 0.5850492119789124 0.7144451141357422
vt 0.9521802663803101 0.7408485412597656
vt 0.9593040347099304 0.7437024116516113
vt 0.9537816047668457 0.7498478889465332
vt 0.9609536528587341 0.7557477951049805
vt 0.9592857956886292 0.7317397594451904
vt 0.9550544023513794 0.7306613922119141
vt 0.9514381885528564 0.7324748635292053
vt 0.9494180679321289 0.7537054419517517
vt 0.9531781077384949 0.7648746967315674
vt 0.9629404544830322 0.7677712440490723
vt 0.9660677313804626 0.7748351097106934
vt 0.9561288952827454 0.7781374454498291
vt 0.9664279222488403 0.7885634303092957
vt 0.9586487412452698 0.790676474571228
vt 0.9660952687263489 0.8018617033958435
vt 0.958726704120636 0.7244392037391663
vt 0.9635307192802429 0.7156760692596436
vt 0.954624593257904 0.718186616897583
vt 0.9575392007827759 0.7102618217468262
vt 0.9650593400001526 0.7103772163391113
vt 0.9591474533081055 0.702570915222168
vt 0.9660952687263489 0.7052161693572998
vt 0.31331339478492737 0.6730550527572632
vt 0.31487008929252625 0.6835463047027588
vt 0.2994782030582428 0.6818156242370605
vt 0.3018873333930969 0.6713624000549316
vt 0.33004823327064514 0.6747046709060669
vt 0.3298189043998718 0.6839538812637329
vt 0.34321942925453186 0.6743708252906799
vt 0.3561762869358063 0.681139349937439
vt 0.3558194637298584 0.6726195812225342
vt 0.37223467230796814 0.6711484789848328
vt 0.3715532422065735 0.6783688068389893
vt 0.29677706956863403 0.6697695255279541
vt 0.3773062527179718 0.6742134094238281
vt 0.3773500323295593 0.6697695255279541
vt 0.7619954943656921 0.6681703329086304
vt 0.7652724981307983 0.6770073175430298
vt 0.7499145865440369 0.675423800945282
vt 0.7794234752655029 0.6778408885002136
vt 0.7448077201843262 0.6671652793884277
vt 0.7394227385520935 0.671660304069519
vt 0.7381378412246704 0.6803602576255798
vt 0.7725024819374084 0.6827242374420166
vt 0.7785063982009888 0.6726687550544739
vt 0.7477242946624756 0.6858654022216797
vt 0.7799586057662964 0.6832449436187744
vt 0.7601659297943115 0.6888761520385742
vt 0.7720770239830017 0.6892039775848389
vt 0.7842356562614441 0.6754075288772583
vt 0.7849275469779968 0.6782732009887695
vt 0.7390080094337463 0.6626315116882324
vt 0.7415359616279602 0.6611467599868774
vt 0.7720447182655334 0.6612303853034973
vt 0.7496278882026672 0.6609042882919312
vt 0.7619192004203796 0.6615692973136902
vt 0.785586416721344 0.6679102182388306
vt 0.7778529524803162 0.6636723875999451
vt 0.784927487373352 0.662545919418335
vt 0.777875542640686 0.6873960494995117
vt 0.7437290549278259 0.6910461187362671
vt 0.7838690280914307 0.68207848072052
vt 0.6405497789382935 0.5192339420318604
vt 0.6430279612541199 0.524912416934967
vt 0.6406525373458862 0.5047837495803833
vt 0.6440878510475159 0.5102235078811646
vt 0.6460078954696655 0.49443143606185913
vt 0.6410080194473267 0.4923343062400818
vt 0.6495075821876526 0.48093974590301514
vt 0.6426248550415039 0.48282521963119507
vt 0.6380214691162109 0.5282247066497803
vt 0.6441280245780945 0.5369172096252441
vt 0.6409922242164612 0.5492528080940247
vt 0.6478493809700012 0.5520060658454895
vt 0.6378692984580994 0.5024921894073486
vt 0.6495075821876526 0.5633865594863892
vt 0.6396198272705078 0.5542833805084229
vt 0.30275237560272217 0.303514301776886
vt 0.2901987135410309 0.3074859380722046
vt 0.29520511627197266 0.3170488476753235
vt 0.306087851524353 0.3222005367279053
vt 0.3110727071762085 0.30470216274261475
vt 0.3177207410335541 0.3238988518714905
vt 0.3201008141040802 0.30843377113342285
vt 0.29268303513526917 0.32836002111434937
vt 0.28382518887519836 0.31943660974502563
vt 0.31023603677749634 0.3306899666786194
vt 0.29732972383499146 0.33601677417755127
vt 0.32940489053726196 0.3182108998298645
vt 0.33948850631713867 0.31151217222213745
vt 0.32615143060684204 0.3322352170944214
vt 0.32522308826446533 0.30630242824554443
vt 0.27484405040740967 0.3244895935058594
vt 0.2784750461578369 0.3064846396446228
vt 0.2649511396884918 0.3072825074195862
vt 0.2516010105609894 0.31498152017593384
vt 0.2522353529930115 0.3084537982940674
vt 0.23995110392570496 0.31270724534988403
vt 0.28069859743118286 0.33245790004730225
vt 0.2581513226032257 0.32852989435195923
vt 0.23897171020507812 0.3061699867248535
vt 0.23016934096813202 0.31146878004074097
vt 0.2308528870344162 0.30420440435409546
vt 0.24489547312259674 0.2996624708175659
vt 0.2513483464717865 0.30146175622940063
vt 0.26385632157325745 0.29523807764053345
vt 0.3205927312374115 0.3005715012550354
vt 0.3135197162628174 0.30160486698150635
vt 0.22381940484046936 0.3084709644317627
vt 0.2206905335187912 0.31563419103622437
vt 0.26442819833755493 0.29747819900512695
vt 0.21372856199741364 0.3098640441894531
vt 0.2720988988876343 0.29740411043167114
vt 0.27848395705223083 0.29264670610427856
vt 0.2840140759944916 0.2951311469078064
vt 0.2864442467689514 0.2885638475418091
vt 0.2975729703903198 0.2910969853401184
vt 0.29607105255126953 0.2940085530281067
vt 0.3079869747161865 0.293820858001709
vt 0.30991360545158386 0.2914414405822754
vt 0.3242573142051697 0.2967389225959778
vt 0.22884221374988556 0.3034484386444092
vt 0.12886647880077362 0.34620916843414307
vt 0.13463474810123444 0.3415132164955139
vt 0.13016283512115479 0.339721143245697
vt 0.11356441676616669 0.32373565435409546
vt 0.09390057623386383 0.3205552101135254
vt 0.10529469698667526 0.3438560366630554
vt 0.11907006800174713 0.3596545457839966
vt 0.13351023197174072 0.3561556935310364
vt 0.0973944365978241 0.3093559741973877
vt 0.09766025841236115 0.3507779836654663
vt 0.07251742482185364 0.30142199993133545
vt 0.08172556012868881 0.3070996403694153
vt 0.1364983171224594 0.36736804246902466
vt 0.12657292187213898 0.37776321172714233
vt 0.10571713000535965 0.3748459219932556
vt 0.1428202986717224 0.38394975662231445
vt 0.15569953620433807 0.3764383792877197
vt 0.1543515920639038 0.3611527681350708
vt 0.13987605273723602 0.3556707501411438
vt 0.1732444316148758 0.3592619299888611
vt 0.18239988386631012 0.36677461862564087
vt 0.13831372559070587 0.4014435410499573
vt 0.195814311504364 0.35666197538375854
vt 0.11531763523817062 0.3960973024368286
vt 0.0883682370185852 0.29920947551727295
vt 0.19820961356163025 0.3584873676300049
vt 0.12218987941741943 0.4007638096809387
vt 0.13035008311271667 0.4086596965789795
vt 0.14936967194080353 0.35540860891342163
vt 0.15866351127624512 0.3475106954574585
vt 0.18083612620830536 0.3491199016571045
vt 0.08951043337583542 0.3456917405128479
vt 0.12060113996267319 0.416223406791687
vt 0.07766161113977432 0.28859901428222656
vt 0.06759176403284073 0.2885638475418091
vt 0.21160626411437988 0.344512939453125
vt 0.15085645020008087 0.34797149896621704
vt 0.2219676673412323 0.34734827280044556
vt 0.18455533683300018 0.33867233991622925
vt 0.23098014295101166 0.3408876061439514
vt 0.2006252408027649 0.3312166929244995
vt 0.20922794938087463 0.32174187898635864
vt 0.15536774694919586 0.3830820918083191
vt 0.14600086212158203 0.39485669136047363
vt 0.21647752821445465 0.31673163175582886
vt 0.19244897365570068 0.3309484124183655
vt 0.24491959810256958 0.3403129577636719
vt 0.26717615127563477 0.3414648175239563
vt 0.25255441665649414 0.3489348888397217
vt 0.2740112841129303 0.3522723317146301
vt 0.28002411127090454 0.34603893756866455
vt 0.29009923338890076 0.334994912147522
vt 0.29724568128585815 0.34488826990127563
vt 0.28829225897789 0.35412293672561646
vt 0.23930546641349792 0.3487631678581238
vt 0.29745692014694214 0.35637104511260986
vt 0.13959278166294098 0.35012108087539673
vt 0.17357859015464783 0.3384837508201599
vt 0.309001624584198 0.3455924987792969
vt 0.30978459119796753 0.35629868507385254
vt 0.3201909363269806 0.35121864080429077
vt 0.3198653757572174 0.3581158518791199
vt 0.3321402370929718 0.3587713837623596
vt 0.3220783770084381 0.34112733602523804
vt 0.33975180983543396 0.3552830219268799
vt 0.34333035349845886 0.36484676599502563
vt 0.3027096092700958 0.35800474882125854
vt 0.3136695921421051 0.36118167638778687
vt 0.3294764757156372 0.36315274238586426
vt 0.2758461534976959 0.35509663820266724
vt 0.28749021887779236 0.35740047693252563
vt 0.4174385666847229 0.662360429763794
vt 0.41530343890190125 0.6705722808837891
vt 0.4071105122566223 0.6625040769577026
vt 0.4228954315185547 0.6704413890838623
vt 0.4276304841041565 0.6617907881736755
vt 0.4357621669769287 0.6689445972442627
vt 0.39694592356681824 0.6709816455841064
vt 0.40574800968170166 0.6739537119865417
vt 0.3964889645576477 0.6621387004852295
vt 0.3844497501850128 0.6715748310089111
vt 0.38094720244407654 0.6624531745910645
vt 0.3773500323295593 0.6617907881736755
vt 0.4333450198173523 0.6726046204566956
vt 0.4373321533203125 0.663097620010376
vt 0.3965912461280823 0.67508864402771
vt 0.3780439496040344 0.6678148508071899
vt 0.6633108258247375 0.6649407148361206
vt 0.6630472540855408 0.6690876483917236
vt 0.6757851839065552 0.6707662343978882
vt 0.6440261006355286 0.6670095920562744
vt 0.6422600150108337 0.6633402109146118
vt 0.6846030950546265 0.6664718985557556
vt 0.6640278697013855 0.6715425252914429
vt 0.6880035996437073 0.6617907881736755
vt 0.6584311127662659 0.6617907881736755
vt 0.6870189309120178 0.6680206656455994
vt 0.6412144303321838 0.6665282249450684
vt 0.6387645602226257 0.6658265590667725
vt 0.06025636941194534 0.17426514625549316
vt 0.04726147651672363 0.17402827739715576
vt 0.05626221001148224 0.18070483207702637
vt 0.043824438005685806 0.1839699149131775
vt 0.05304235592484474 0.18626803159713745
vt 0.04839126020669937 0.16888296604156494
vt 0.04384516924619675 0.17006880044937134
vt 0.06042972207069397 0.16888296604156494
vt 0.04664067551493645 0.18661350011825562
vt 0.03894359990954399 0.1726151704788208
vt 0.6244404911994934 0.6607701778411865
vt 0.6127289533615112 0.6718938946723938
vt 0.6099947094917297 0.6633107662200928
vt 0.6232718229293823 0.6665123701095581
vt 0.6217811107635498 0.6597778797149658
vt 0.6218669414520264 0.6729609966278076
vt 0.6127305030822754 0.6564716100692749
vt 0.6207790970802307 0.6867280602455139
vt 0.6088576912879944 0.6920297145843506
vt 0.62185138463974 0.7036309242248535
vt 0.6081279516220093 0.7054767608642578
vt 0.6106802821159363 0.7115035057067871
vt 0.6212460398674011 0.7111868858337402
vt 0.6176601648330688 0.719719409942627
vt 0.6052697896957397 0.7168874144554138
vt 0.6047448515892029 0.7335076332092285
vt 0.6168437600135803 0.7402632236480713
vt 0.6193343997001648 0.7358303070068359
vt 0.6076089143753052 0.7404367923736572
vt 0.6244404911994934 0.7406914830207825
vt 0.6239891648292542 0.6581226587295532
vt 0.4332776367664337 0.9132394790649414
vt 0.4380588233470917 0.9191989898681641
vt 0.4434255063533783 0.9142704010009766
vt 0.43172478675842285 0.9069665670394897
vt 0.44732099771499634 0.8994110226631165
vt 0.4346048831939697 0.8940602540969849
vt 0.44636520743370056 0.9058310985565186
vt 0.4283795952796936 0.9065468907356262
vt 0.45286130905151367 0.9000228047370911
vt 0.44154947996139526 0.9224586486816406
vt 0.45964598655700684 0.8988451957702637
vt 0.46312054991722107 0.9018826484680176
vt 0.4698180854320526 0.9006882309913635
vt 0.44014933705329895 0.9292173981666565
vt 0.47546064853668213 0.9026565551757812
vt 0.46209192276000977 0.9113418459892273
vt 0.45518144965171814 0.915232241153717
vt 0.4658852219581604 0.9151249527931213
vt 0.4548828601837158 0.9277045130729675
vt 0.4671470820903778 0.9302515983581543
vt 0.4492610692977905 0.9223322868347168
vt 0.4443153440952301 0.92999666929245
vt 0.47924062609672546 0.9136358499526978
vt 0.47539058327674866 0.9328572750091553
vt 0.48299500346183777 0.9350739121437073
vt 0.481456995010376 0.9017742276191711
vt 0.486310750246048 0.920268177986145
vt 0.4880595803260803 0.9127246737480164
vt 0.4941502511501312 0.9217437505722046
vt 0.4889751970767975 0.9362527132034302
vt 0.49230989813804626 0.9347435832023621
vt 0.48988378047943115 0.903806209564209
vt 0.43525615334510803 0.9203752279281616
vt 0.43240615725517273 0.9147219657897949
vt 0.49789372086524963 0.9207859635353088
vt 0.5029460787773132 0.9032647609710693
vt 0.5108484625816345 0.913932204246521
vt 0.5147911906242371 0.9020479917526245
vt 0.5242691040039062 0.9091322422027588
vt 0.5348394513130188 0.8997572064399719
vt 0.537116527557373 0.9044976234436035
vt 0.5552418828010559 0.8940603137016296
vt 0.5058746933937073 0.9205929040908813
vt 0.5102543234825134 0.9293885827064514
vt 0.514270007610321 0.9231728911399841
vt 0.5172013640403748 0.9321548938751221
vt 0.5224626064300537 0.9237317442893982
vt 0.5271244645118713 0.9305418729782104
vt 0.5317269563674927 0.9237317442893982
vt 0.5439053773880005 0.9222975969314575
vt 0.5484123229980469 0.9229368567466736
vt 0.5584473013877869 0.9375435709953308
vt 0.5212794542312622 0.9416399002075195
vt 0.5222354531288147 0.9585928916931152
vt 0.526462733745575 0.9605496525764465
vt 0.5472967028617859 0.9492701888084412
vt 0.5584065914154053 0.9427716135978699
vt 0.5178815722465515 0.9446961879730225
vt 0.5599821209907532 0.940693199634552
vt 0.519635796546936 0.934624433517456
vt 0.3474806845188141 0.31773698329925537
vt 0.3599703013896942 0.3218308687210083
vt 0.34865933656692505 0.32523709535598755
vt 0.34064459800720215 0.3222534656524658
vt 0.36392122507095337 0.31427305936813354
vt 0.3573872447013855 0.3345731496810913
vt 0.36392122507095337 0.3294394016265869
vt 0.36217835545539856 0.33820921182632446
vt 0.3465810716152191 0.32740968465805054
vt 0.9062089920043945 0.5510390400886536
vt 0.8992602825164795 0.5524111986160278
vt 0.8917388319969177 0.5636984705924988
vt 0.891682505607605 0.5564704537391663
vt 0.8857023119926453 0.5583816766738892
vt 0.9026332497596741 0.5492020845413208
vt 0.8779460191726685 0.5579516887664795
vt 0.8644061088562012 0.5590370893478394
vt 0.8760738372802734 0.5664143562316895
vt 0.8874651789665222 0.5704787373542786
vt 0.8941547274589539 0.5689544677734375
vt 0.915156900882721 0.5519707202911377
vt 0.8656448721885681 0.5529720783233643
vt 0.8596100807189941 0.5535419583320618
vt 0.8589972853660583 0.5597927570343018
vt 0.9144036173820496 0.5565612316131592
vt 0.9279319643974304 0.5503473877906799
vt 0.8610900640487671 0.5492020845413208
vt 0.8312444090843201 0.03564095497131348
vt 0.8702391386032104 0.03590422868728638
vt 0.833181619644165 0.032472968101501465
vt 0.8650672435760498 0.031787872314453125
vt 0.882267415523529 0.03291893005371094
vt 0.9056935906410217 0.03307241201400757
vt 0.9015591144561768 0.031166374683380127
vt 0.9363245368003845 0.02797478437423706
vt 0.9346221089363098 0.030983030796051025
vt 0.9535804986953735 0.02556842565536499
vt 0.939672589302063 0.03196835517883301
vt 0.9586153030395508 0.028245747089385986
vt 0.9119402766227722 0.022514641284942627
vt 0.8588902354240417 0.02272498607635498
vt 0.8415156006813049 0.022576749324798584
vt 0.9333478808403015 0.020302534103393555
vt 0.9512375593185425 0.019060254096984863
vt 0.9554051160812378 0.022605955600738525
vt 0.8425722718238831 0.01999342441558838
vt 0.8328140377998352 0.019060254096984863
vt 0.8856797218322754 0.019911229610443115
vt 0.9590549468994141 0.022621333599090576
vt 0.9592658877372742 0.01987236738204956
vt 0.4893217384815216 0.9763206243515015
vt 0.49819108843803406 0.9711906909942627
vt 0.4843764901161194 0.9659664630889893
vt 0.4987376034259796 0.9624115228652954
vt 0.48189571499824524 0.976707935333252
vt 0.4927334189414978 0.9792392253875732
vt 0.5038713216781616 0.9744611978530884
vt 0.4808318018913269 0.9611074328422546
vt 0.49181675910949707 0.9605496525764465
vt 0.5053715109825134 0.9704564213752747
vt 0.475675493478775 0.9649592041969299
vt 0.4731423556804657 0.9605496525764465
vt 0.48526784777641296 0.980053186416626
vt 0.9393692016601562 0.008622169494628906
vt 0.9818646311759949 0.0074631571769714355
vt 0.9469699859619141 0.005672931671142578
vt 0.933424711227417 0.005343198776245117
vt 0.9708327651023865 0.005694746971130371
vt 0.9297907948493958 0.006687760353088379
vt 0.9288272261619568 0.0004432797431945801
vt 0.9843979477882385 0.0004432797431945801
vt 0.9540187120437622 0.0030777454376220703
vt 0.9852283000946045 0.009254634380340576
vt 0.951373279094696 0.011081576347351074
vt 0.18114066123962402 0.5804288387298584
vt 0.1902417242527008 0.5874997973442078
vt 0.17877931892871857 0.5912615060806274
vt 0.18848906457424164 0.5935283899307251
vt 0.18836671113967896 0.575948178768158
vt 0.17609690129756927 0.584176778793335
vt 0.17412713170051575 0.5788832306861877
vt 0.1902417242527008 0.571365237236023
vt 0.8028848171234131 0.8919689059257507
vt 0.8039379119873047 0.8969784379005432
vt 0.8104708194732666 0.8875396847724915
vt 0.7862143516540527 0.9097933769226074
vt 0.791240930557251 0.9089363217353821
vt 0.806708574295044 0.8829653263092041
vt 0.8113301992416382 0.8813214302062988
vt 0.7822803854942322 0.908535361289978
vt 0.8055687546730042 0.8672595024108887
vt 0.7970864176750183 0.8658667206764221
vt 0.7791329622268677 0.8811283707618713
vt 0.7653006315231323 0.8618115186691284
vt 0.7513316869735718 0.8776281476020813
vt 0.7571578025817871 0.8931296467781067
vt 0.7765722870826721 0.8982805013656616
vt 0.7332316637039185 0.876299262046814
vt 0.7346084117889404 0.8845388293266296
vt 0.7447749972343445 0.8983311653137207
vt 0.7321911454200745 0.8603723049163818
vt 0.727546751499176 0.8754767775535583
vt 0.7229185104370117 0.865902304649353
vt 0.755677342414856 0.9102801084518433
vt 0.7642235159873962 0.9087169766426086
vt 0.7635198831558228 0.9197627902030945
vt 0.7678410410881042 0.9249559640884399
vt 0.7790220975875854 0.9168029427528381
vt 0.7830098271369934 0.931568443775177
vt 0.7892195582389832 0.9247876405715942
vt 0.7699331045150757 0.9395005702972412
vt 0.7641823291778564 0.9379936456680298
vt 0.7728634476661682 0.9550917148590088
vt 0.7923734784126282 0.9314348697662354
vt 0.7996063828468323 0.8651014566421509
vt 0.8000573515892029 0.9405633807182312
vt 0.7968137860298157 0.9568080306053162
vt 0.7620571255683899 0.945195734500885
vt 0.7580254077911377 0.9518454670906067
vt 0.761590301990509 0.9616112112998962
vt 0.7696998119354248 0.9623456001281738
vt 0.7435643672943115 0.9666200280189514
vt 0.7926291227340698 0.965042769908905
vt 0.7772068977355957 0.9616131782531738
vt 0.7619368433952332 0.9244051575660706
vt 0.7524231672286987 0.9698353409767151
vt 0.7389624118804932 0.9841850996017456
vt 0.7273706793785095 0.9843966960906982
vt 0.7312842011451721 0.989385724067688
vt 0.7232096195220947 0.9887087941169739
vt 0.7371533513069153 0.998670220375061
vt 0.7311909794807434 0.9953135848045349
vt 0.7238587737083435 0.9919216632843018
vt 0.7915212512016296 0.9141525030136108
vt 0.7891606092453003 0.9176715612411499
vt 0.7820203900337219 0.9644622206687927
vt 0.7877507209777832 0.9665245413780212
vt 0.7969900965690613 0.9701748490333557
vt 0.8133392930030823 0.8734182119369507
vt 0.8068273663520813 0.8603723645210266
vt 0.79616379737854 0.9104864001274109
vt 0.8677640557289124 0.14127475023269653
vt 0.8615704774856567 0.13634580373764038
vt 0.8567101955413818 0.1484929323196411
vt 0.8522390723228455 0.13865339756011963
vt 0.8464637398719788 0.1391112208366394
vt 0.8672072887420654 0.13608157634735107
vt 0.8481179475784302 0.13608157634735107
vt 0.8742166757583618 0.13918209075927734
vt 0.7731070518493652 0.555701494216919
vt 0.7799424529075623 0.5604651570320129
vt 0.7834796905517578 0.5587651133537292
vt 0.7731042504310608 0.5644902586936951
vt 0.7817065715789795 0.5479822158813477
vt 0.7721575498580933 0.547429084777832
vt 0.783810555934906 0.5660461187362671
vt 0.7891674041748047 0.547429084777832
vt 0.9538192749023438 0.1077127456665039
vt 0.95368891954422 0.11513298749923706
vt 0.9631296396255493 0.11672431230545044
vt 0.9630880951881409 0.10888409614562988
vt 0.9604553580284119 0.12730282545089722
vt 0.9537619948387146 0.12541037797927856
vt 0.9512085914611816 0.13499081134796143
vt 0.9537534117698669 0.13849657773971558
vt 0.9622759222984314 0.13930541276931763
vt 0.9540742635726929 0.14713025093078613
vt 0.9637421369552612 0.15194839239120483
vt 0.9535722732543945 0.1559188961982727
vt 0.9636545181274414 0.16277003288269043
vt 0.954054594039917 0.16356384754180908
vt 0.9636545181274414 0.12366718053817749
vt 0.771882176399231 0.039237260818481445
vt 0.7941868901252747 0.03581792116165161
vt 0.774976909160614 0.034182846546173096
vt 0.7616553902626038 0.03648638725280762
vt 0.7933610081672668 0.030736804008483887
vt 0.8101574778556824 0.030032992362976074
vt 0.8058670163154602 0.02744394540786743
vt 0.8123869299888611 0.026152491569519043
vt 0.8169203400611877 0.029195666313171387
vt 0.8103752732276917 0.03293699026107788
vt 0.8034496307373047 0.036454975605010986
vt 0.7834141254425049 0.03921866416931152
vt 0.760749101638794 0.042634010314941406
vt 0.7396537661552429 0.03884607553482056
vt 0.7398061752319336 0.03396105766296387
vt 0.7552728056907654 0.04401659965515137
vt 0.7295513153076172 0.038800597190856934
vt 0.7281814217567444 0.03096979856491089
vt 0.739859938621521 0.0422707200050354
vt 0.7237762212753296 0.039826929569244385
vt 0.7104546427726746 0.027276992797851562
vt 0.7391451597213745 0.05067646503448486
vt 0.7504652142524719 0.04822385311126709
vt 0.7324114441871643 0.04793184995651245
vt 0.7229230403900146 0.04594981670379639
vt 0.7125838994979858 0.03885817527770996
vt 0.7135595679283142 0.04567009210586548
vt 0.7064254879951477 0.04205667972564697
vt 0.7015161514282227 0.03599107265472412
vt 0.6972672343254089 0.05057930946350098
vt 0.6960608959197998 0.04486644268035889
vt 0.7557653784751892 0.04710584878921509
vt 0.7330490350723267 0.05029165744781494
vt 0.7015655040740967 0.026152491569519043
vt 0.7495031952857971 0.05984938144683838
vt 0.7075021266937256 0.05103015899658203
vt 0.7488506436347961 0.06427305936813354
vt 0.3574455678462982 0.371493935585022
vt 0.36213070154190063 0.36303192377090454
vt 0.34959712624549866 0.36303192377090454
vt 0.3603832423686981 0.3745567202568054
vt 0.9359945058822632 0.7540843486785889
vt 0.9351016283035278 0.7469223141670227
vt 0.9431512951850891 0.741888701915741
vt 0.9331619739532471 0.7520608901977539
vt 0.9405713081359863 0.7566489577293396
vt 0.9383909106254578 0.7404282689094543
vt 0.9431512951850891 0.727393627166748
vt 0.9328954219818115 0.7404897809028625
vt 0.9279319643974304 0.7390899062156677
vt 0.9305558800697327 0.7555800676345825
vt 0.6570319533348083 0.5730863809585571
vt 0.6631333827972412 0.5753796100616455
vt 0.6597935557365417 0.5897457599639893
vt 0.664726972579956 0.59114670753479
vt 0.660313606262207 0.6032801270484924
vt 0.6599100232124329 0.5629786252975464
vt 0.6549071073532104 0.5617306232452393
vt 0.6568546295166016 0.5931861400604248
vt 0.6548791527748108 0.5769944190979004
vt 0.664726972579956 0.5616134405136108
vt 0.2673419713973999 0.20293426513671875
vt 0.27451106905937195 0.20939338207244873
vt 0.27563855051994324 0.20611274242401123
vt 0.2847071588039398 0.21185457706451416
vt 0.2889448404312134 0.21248644590377808
vt 0.2862132787704468 0.21555203199386597
vt 0.2660750150680542 0.20541846752166748
vt 0.26025548577308655 0.19944024085998535
vt 0.2580747902393341 0.20190459489822388
vt 0.2503095865249634 0.19487124681472778
vt 0.2476041615009308 0.1976149082183838
vt 0.23668637871742249 0.19120478630065918
vt 0.24063536524772644 0.19841605424880981
vt 0.2905454933643341 0.22103369235992432
vt 0.2939206063747406 0.21636641025543213
vt 0.23854123055934906 0.18538212776184082
vt 0.22998254001140594 0.1871727705001831
vt 0.22353222966194153 0.18299657106399536
vt 0.2747270166873932 0.19918227195739746
vt 0.24750129878520966 0.18004369735717773
vt 0.27108070254325867 0.18812644481658936
vt 0.28001704812049866 0.17799818515777588
vt 0.28150448203086853 0.16761362552642822
vt 0.29451900720596313 0.15987998247146606
vt 0.27750685811042786 0.1611250638961792
vt 0.26145514845848083 0.16429734230041504
vt 0.23969928920269012 0.17289668321609497
vt 0.2198326736688614 0.16985225677490234
vt 0.24289123713970184 0.16472148895263672
vt 0.29842615127563477 0.17877066135406494
vt 0.29167985916137695 0.18912041187286377
vt 0.34090566635131836 0.18683946132659912
vt 0.32426801323890686 0.16123229265213013
vt 0.35315635800361633 0.17672568559646606
vt 0.35511887073516846 0.1564716100692749
vt 0.3300071656703949 0.2077506184577942
vt 0.3451739251613617 0.22616612911224365
vt 0.333828866481781 0.23450344800949097
vt 0.3079455494880676 0.2153880000114441
vt 0.31114277243614197 0.20565438270568848
vt 0.3107360601425171 0.23028725385665894
vt 0.23469847440719604 0.16289621591567993
vt 0.21424053609371185 0.16717666387557983
vt 0.21563293039798737 0.17809265851974487
vt 0.29474738240242004 0.22201180458068848
vt 0.2963777184486389 0.2302626371383667
vt 0.34940510988235474 0.24834704399108887
vt 0.2027752846479416 0.17311996221542358
vt 0.3581729829311371 0.19557416439056396
vt 0.3546711504459381 0.23738360404968262
vt 0.36012300848960876 0.21398884057998657
vt 0.30144771933555603 0.15702831745147705
vt 0.34056609869003296 0.25248652696609497
vt 0.3607090413570404 0.17348003387451172
vt 0.3086124658584595 0.24289405345916748
vt 0.29652538895606995 0.2417585849761963
vt 0.3256421685218811 0.2518742084503174
vt 0.2765059769153595 0.1564716100692749
vt 0.3609072268009186 0.24870973825454712
vt 0.2561141848564148 0.16183501482009888
vt 0.3649638891220093 0.16387122869491577
vt 0.36312687397003174 0.24139773845672607
vt 0.3123747408390045 0.2563391923904419
vt 0.3620685040950775 0.25116318464279175
vt 0.33968791365623474 0.25930851697921753
vt 0.35239195823669434 0.2553577423095703
vt 0.37125521898269653 0.21392911672592163
vt 0.3642893433570862 0.19284063577651978
vt 0.2851855456829071 0.23527300357818604
vt 0.2900593876838684 0.22558408975601196
vt 0.37018245458602905 0.1740405559539795
vt 0.37439173460006714 0.1820662021636963
vt 0.3770431876182556 0.1899203062057495
vt 0.381331205368042 0.1963769793510437
vt 0.38272157311439514 0.21005946397781372
vt 0.3762947618961334 0.24232041835784912
vt 0.3826730251312256 0.22747766971588135
vt 0.38047704100608826 0.23815584182739258
vt 0.7809650301933289 0.361918568611145
vt 0.7712622880935669 0.3635321259498596
vt 0.7721560001373291 0.35912054777145386
vt 0.7796248197555542 0.370540976524353
vt 0.7734867334365845 0.3718748688697815
vt 0.7801272869110107 0.3781028389930725
vt 0.7826585173606873 0.36240440607070923
vt 0.7824063301086426 0.36974644660949707
vt 0.7826585173606873 0.3519946336746216
vt 0.7782623767852783 0.3497340679168701
vt 0.7829006314277649 0.352417528629303
vt 0.28178805112838745 0.2744789719581604
vt 0.2774544060230255 0.2876772880554199
vt 0.2873987555503845 0.2771144509315491
vt 0.29009073972702026 0.2668111324310303
vt 0.29220083355903625 0.2703303098678589
vt 0.29946285486221313 0.2633177638053894
vt 0.26435983180999756 0.2657732367515564
vt 0.2666369676589966 0.27562177181243896
vt 0.28455454111099243 0.26165682077407837
vt 0.2985604703426361 0.257535457611084
vt 0.26695796847343445 0.2606644034385681
vt 0.2605980634689331 0.26319676637649536
vt 0.24878069758415222 0.27042484283447266
vt 0.24574753642082214 0.2619532346725464
vt 0.28514668345451355 0.25771230459213257
vt 0.2525491714477539 0.257535457611084
vt 0.15716002881526947 0.6002543568611145
vt 0.16531917452812195 0.600357174873352
vt 0.16610723733901978 0.5894778966903687
vt 0.1723366230726242 0.5861355066299438
vt 0.16816756129264832 0.6010469198226929
vt 0.16916991770267487 0.585934042930603
vt 0.14494076371192932 0.5991182327270508
vt 0.14576447010040283 0.5975583791732788
vt 0.13481518626213074 0.5998479127883911
vt 0.1498197317123413 0.5857811570167542
vt 0.12195459753274918 0.5811170339584351
vt 0.11862130463123322 0.5880927443504333
vt 0.12224774807691574 0.596505880355835
vt 0.12136157602071762 0.6015070676803589
vt 0.1417190134525299 0.5811170339584351
vt 0.118638776242733 0.5951785445213318
vt 0.9518311619758606 0.4579819440841675
vt 0.9536432027816772 0.4714294672012329
vt 0.9445403814315796 0.4458196759223938
vt 0.9426755905151367 0.43363887071609497
vt 0.957953929901123 0.4668874740600586
vt 0.9633405208587646 0.4772998094558716
vt 0.9591079950332642 0.48301875591278076
vt 0.9676129817962646 0.4857333302497864
vt 0.9700613021850586 0.49281585216522217
vt 0.9493141770362854 0.43997472524642944
vt 0.9533834457397461 0.451712429523468
vt 0.9450744986534119 0.4244498610496521
vt 0.9395702481269836 0.4210131764411926
vt 0.9468030333518982 0.4123455286026001
vt 0.952269971370697 0.42795807123184204
vt 0.9570640325546265 0.448361337184906
vt 0.9678593277931213 0.4724445939064026
vt 0.9516905546188354 0.4156026840209961
vt 0.9501575827598572 0.40421247482299805
vt 0.9495311975479126 0.39703649282455444
vt 0.9543733596801758 0.3961604833602905
vt 0.9579787254333496 0.3814852833747864
vt 0.9550313353538513 0.373492956161499
vt 0.9497665762901306 0.3899887800216675
vt 0.9591814279556274 0.44168126583099365
vt 0.9630711674690247 0.36232131719589233
vt 0.9624630212783813 0.3543369770050049
vt 0.9587474465370178 0.358734130859375
vt 0.962968111038208 0.3448101282119751
vt 0.9667358994483948 0.3446197509765625
vt 0.973542332649231 0.488588809967041
vt 0.9735899567604065 0.5004432201385498
vt 0.9678123593330383 0.3480251431465149
vt 0.9735899567604065 0.34175533056259155
vt 0.962222695350647 0.44629859924316406
vt 0.9637221693992615 0.45134592056274414
vt 0.634922206401825 0.16699635982513428
vt 0.6411416530609131 0.16128945350646973
vt 0.637135922908783 0.15158432722091675
vt 0.6404264569282532 0.14491236209869385
vt 0.6423455476760864 0.16589432954788208
vt 0.6356233358383179 0.1451098918914795
vt 0.6423455476760864 0.13342195749282837
vt 0.6289167404174805 0.16477352380752563
vt 0.630790114402771 0.16888296604156494
vt 0.9595020413398743 0.9747880697250366
vt 0.9631273150444031 0.9856400489807129
vt 0.9546350836753845 0.9823940992355347
vt 0.9606040716171265 0.992464542388916
vt 0.9530889391899109 0.9716231822967529
vt 0.9587149024009705 0.9590824842453003
vt 0.9511920809745789 0.9647969603538513
vt 0.9512109160423279 0.9575205445289612
vt 0.9521690011024475 0.9440418481826782
vt 0.9551581144332886 0.9367120862007141
vt 0.9605390429496765 0.9398523569107056
vt 0.9568848013877869 0.9207624197006226
vt 0.9508586525917053 0.9167042970657349
vt 0.9521458148956299 0.901393473148346
vt 0.9592269659042358 0.9151157140731812
vt 0.9592882990837097 0.8954468369483948
vt 0.9551807641983032 0.8849172592163086
vt 0.9631273150444031 0.8919893503189087
vt 0.9503133296966553 0.9326987266540527
vt 0.9517541527748108 0.9851163625717163
vt 0.9628181457519531 0.9275534152984619
vt 0.9631544351577759 0.9097791910171509
vt 0.956953227519989 0.8816489577293396
vt 0.9631783962249756 0.9485516548156738
vt 0.9637421369552612 0.9764009118080139
vt 0.9635347723960876 0.9652236104011536
vt 0.6656415462493896 0.3522437810897827
vt 0.6604332327842712 0.35067659616470337
vt 0.6130671501159668 0.3510631322860718
vt 0.6817367672920227 0.34884750843048096
vt 0.6318139433860779 0.35370320081710815
vt 0.6541319489479065 0.36204618215560913
vt 0.6133038401603699 0.3614041805267334
vt 0.6329218149185181 0.3648049831390381
vt 0.6031287312507629 0.3556585907936096
vt 0.6029543280601501 0.34884750843048096
vt 0.21238768100738525 0.13476043939590454
vt 0.23142504692077637 0.1369781494140625
vt 0.20399099588394165 0.12987589836120605
vt 0.22859753668308258 0.13979816436767578
vt 0.24143071472644806 0.13998854160308838
vt 0.20966999232769012 0.1400243639945984
vt 0.15907861292362213 0.15895909070968628
vt 0.16138698160648346 0.1531246304512024
vt 0.13964873552322388 0.15584981441497803
vt 0.18046435713768005 0.16291016340255737
vt 0.18515241146087646 0.15525567531585693
vt 0.13459938764572144 0.1514490842819214
vt 0.20800510048866272 0.15605294704437256
vt 0.1095796674489975 0.1479319930076599
vt 0.2071971744298935 0.15161901712417603
vt 0.22220143675804138 0.15707045793533325
vt 0.0813421979546547 0.14642035961151123
vt 0.05632845312356949 0.13846099376678467
vt 0.064329594373703 0.14864403009414673
vt 0.053452812135219574 0.14308428764343262
vt 0.23500807583332062 0.1524602174758911
vt 0.046558137983083725 0.150005042552948
vt 0.17693984508514404 0.14656859636306763
vt 0.22415080666542053 0.1479690670967102
vt 0.23885947465896606 0.14754033088684082
vt 0.24974071979522705 0.15007489919662476
vt 0.24948850274085999 0.14176559448242188
vt 0.15540827810764313 0.1467459797859192
vt 0.04893103614449501 0.13696736097335815
vt 0.055842265486717224 0.15419083833694458
vt 0.04798998683691025 0.12987589836120605
vt 0.19776855409145355 0.14490550756454468
vt 0.06676694750785828 0.15654534101486206
vt 0.10698497295379639 0.15411198139190674
vt 0.2043876349925995 0.16228824853897095
vt 0.07739829272031784 0.158622145652771
vt 0.09972095489501953 0.16331630945205688
vt 0.12959864735603333 0.1703137755393982
vt 0.14847290515899658 0.1705448031425476
vt 0.16632874310016632 0.17061811685562134
vt 0.1726299375295639 0.16926193237304688
vt 0.04610564187169075 0.15568280220031738
vt 0.10163725912570953 0.16985023021697998
vt 0.06546355038881302 0.16155707836151123
vt 0.24861542880535126 0.1532890796661377
vt 0.1855073720216751 0.16606992483139038
vt 0.23879291117191315 0.15712320804595947
vt 0.15417040884494781 0.17715537548065186
vt 0.13165298104286194 0.1777482032775879
vt 0.25606855750083923 0.14538121223449707
vt 0.2556040287017822 0.14030224084854126
vt 0.0969621017575264 0.17434674501419067
vt 0.21889808773994446 0.16072505712509155
vt 0.2608376145362854 0.14323890209197998
vt 0.2592768967151642 0.15254807472229004
vt 0.06476811319589615 0.16626441478729248
vt 0.057936638593673706 0.16572266817092896
vt 0.26096686720848083 0.15573853254318237
vt 0.6287484765052795 0.05011439323425293
vt 0.6265074014663696 0.03727453947067261
vt 0.623618483543396 0.0367734432220459
vt 0.6342272162437439 0.048526763916015625
vt 0.6256391406059265 0.026033103466033936
vt 0.6317453980445862 0.023985862731933594
vt 0.6266809701919556 0.014514803886413574
vt 0.6311897039413452 0.008873581886291504
vt 0.6217547059059143 0.03523147106170654
vt 0.645378828048706 0.04863440990447998
vt 0.6552363038063049 0.02965831756591797
vt 0.6436680555343628 0.027183830738067627
vt 0.6568970084190369 0.04857665300369263
vt 0.6577990055084229 0.011701643466949463
vt 0.6424157023429871 0.00842195749282837
vt 0.6658362746238708 0.028034508228302002
vt 0.6786128282546997 0.01294618844985962
vt 0.6801321506500244 0.036206185817718506
vt 0.6767292618751526 0.050468504428863525
vt 0.6800169348716736 0.046369731426239014
vt 0.6786589622497559 0.01856929063796997
vt 0.6815733909606934 0.01887446641921997
vt 0.6356257796287537 0.02496802806854248
vt 0.6831192374229431 0.009951531887054443
vt 0.6616930961608887 0.010444581508636475
vt 0.6872124671936035 0.00842195749282837
vt 0.6839860677719116 0.04997122287750244
vt 0.6784805655479431 0.05280643701553345
vt 0.6802546381950378 0.05470478534698486
vt 0.6874443888664246 0.027248859405517578
vt 0.6880035996437073 0.05895388126373291
vt 0.6855860948562622 0.03046184778213501
vt 0.8597181439399719 0.5865017771720886
vt 0.8570037484169006 0.5815383195877075
vt 0.8568827509880066 0.5847824811935425
vt 0.8551265597343445 0.590250551700592
vt 0.8653733730316162 0.5856648683547974
vt 0.8688451051712036 0.5784574747085571
vt 0.8539290428161621 0.5784574747085571
vt 0.8482542634010315 0.5804582834243774
vt 0.8624781370162964 0.5917553305625916
vt 0.3359977602958679 0.5666216611862183
vt 0.3253665268421173 0.5695922374725342
vt 0.3262287676334381 0.5625574588775635
vt 0.3395865559577942 0.5616456270217896
vt 0.3540734052658081 0.5571808815002441
vt 0.3104966878890991 0.5599012970924377
vt 0.2761862277984619 0.5571808815002441
vt 0.48648500442504883 0.09224849939346313
vt 0.504796028137207 0.09589707851409912
vt 0.48416775465011597 0.08839958906173706
vt 0.4797077476978302 0.08782988786697388
vt 0.5180095434188843 0.10445815324783325
vt 0.5314475297927856 0.10336583852767944
vt 0.47550642490386963 0.09129917621612549
vt 0.46625739336013794 0.08218306303024292
vt 0.5310930609703064 0.10859930515289307
vt 0.5536413192749023 0.10666120052337646
vt 0.5418121218681335 0.10125315189361572
vt 0.5634346604347229 0.10081404447555542
vt 0.5714740753173828 0.1072741150856018
vt 0.576921820640564 0.09894782304763794
vt 0.5226714015007019 0.09825176000595093
vt 0.5962532162666321 0.09809011220932007
vt 0.4669782221317291 0.07543033361434937
vt 0.5919644236564636 0.10385948419570923
vt 0.5962861776351929 0.09343165159225464
vt 0.6089170575141907 0.08844912052154541
vt 0.6175167560577393 0.0932542085647583
vt 0.6367663145065308 0.07643324136734009
vt 0.6332789659500122 0.08718246221542358
vt 0.6460118293762207 0.08418655395507812
vt 0.6504437923431396 0.079012930393219
vt 0.6447849273681641 0.06937497854232788
vt 0.6539550423622131 0.07110089063644409
vt 0.6461519598960876 0.06515955924987793
vt 0.6518739461898804 0.0890694260597229
vt 0.4561325013637543 0.06515955924987793
vt 0.6538872718811035 0.08126431703567505
vt 0.6584601402282715 0.08473628759384155
vt 0.5345972776412964 0.09644490480422974
vt 0.5032040476799011 0.08998852968215942
vt 0.6315945982933044 0.07628542184829712
vt 0.6392286419868469 0.07115930318832397
vt 0.4846126437187195 0.08322620391845703
vt 0.5929381251335144 0.08983051776885986
vt 0.00821194052696228 0.30553871393203735
vt 0.0004476275644265115 0.3007228970527649
vt 0.011775927618145943 0.299649178981781
vt 0.0024338015355169773 0.30548274517059326
vt 0.006344315595924854 0.2899307608604431
vt 0.004555806517601013 0.2789829969406128
vt 0.011548230424523354 0.2852649688720703
vt 0.011834598146378994 0.27212125062942505
vt 0.004999116994440556 0.27000319957733154
vt 0.013898397795855999 0.2650189995765686
vt 0.005566748324781656 0.26286858320236206
vt 0.014771710149943829 0.2592189908027649
vt 0.010134992189705372 0.257535457611084
vt 0.01477169431746006 0.31072694063186646
vt 0.762309730052948 0.20290809869766235
vt 0.7754450440406799 0.203838050365448
vt 0.7665002346038818 0.19833189249038696
vt 0.7780402302742004 0.19933432340621948
vt 0.7633263468742371 0.19547873735427856
vt 0.7829006314277649 0.19547873735427856
vt 0.763283371925354 0.20668673515319824
vt 0.7754503488540649 0.208776593208313
vt 0.7205781936645508 0.059151291847229004
vt 0.711313009262085 0.058795034885406494
vt 0.7197296023368835 0.06275439262390137
vt 0.7256042957305908 0.057180821895599365
vt 0.7131227254867554 0.06697589159011841
vt 0.703222930431366 0.057180821895599365
vt 0.7196727991104126 0.06870567798614502
vt 0.9929267168045044 0.8280575275421143
vt 0.9923903346061707 0.796154260635376
vt 0.9938411712646484 0.8043413758277893
vt 0.9970993995666504 0.7897586822509766
vt 0.9995523691177368 0.7770389914512634
vt 0.9961574673652649 0.7773714065551758
vt 0.994831383228302 0.8260326981544495
vt 0.9995523691177368 0.8515070676803589
vt 0.9368715882301331 0.3951660990715027
vt 0.9324082136154175 0.38622021675109863
vt 0.9360136389732361 0.38003939390182495
vt 0.9327701926231384 0.39800357818603516
vt 0.9363137483596802 0.4065054655075073
vt 0.9329253435134888 0.4111601710319519
vt 0.9368845224380493 0.4197695255279541
vt 0.9335487484931946 0.36928385496139526
vt 0.9364131689071655 0.3650139570236206
vt 0.9368845224380493 0.3479610085487366
vt 0.014198893681168556 0.6829527020454407
vt 0.011819728650152683 0.6758919954299927
vt 0.014491505920886993 0.6669094562530518
vt 0.008504924364387989 0.6649785041809082
vt 0.008834514766931534 0.6820310354232788
vt 0.015666965395212173 0.6913518905639648
vt 0.015666965395212173 0.6616904735565186
vt 0.012795674614608288 0.6597428917884827
vt 0.014067460782825947 0.6941207647323608
vt 0.013856670819222927 0.653812050819397
vt 0.010007651522755623 0.6978533267974854
vt 0.014552328735589981 0.7032475471496582
vt 0.008918753825128078 0.7078900337219238
vt 0.007079712580889463 0.5932836532592773
vt 0.004491310566663742 0.5874305367469788
vt 0.004028648138046265 0.5928174257278442
vt 0.010627208277583122 0.5740883350372314
vt 0.011261183768510818 0.6114742159843445
vt 0.03683284670114517 0.669621467590332
vt 0.026014462113380432 0.6534086465835571
vt 0.029923496767878532 0.6698771715164185
vt 0.033962879329919815 0.6497966051101685
vt 0.024333562701940536 0.6417168974876404
vt 0.029408304020762444 0.657412052154541
vt 0.030354727059602737 0.6329411268234253
vt 0.023059481754899025 0.624563455581665
vt 0.042538419365882874 0.6636273860931396
vt 0.0577392578125 0.6828781962394714
vt 0.019220637157559395 0.6378121376037598
vt 0.06407838314771652 0.7009955644607544
vt 0.02054430916905403 0.6069903373718262
vt 0.01663726381957531 0.6192816495895386
vt 0.026099493727087975 0.5984448790550232
vt 0.011263631284236908 0.6035775542259216
vt 0.015343880280852318 0.5876573324203491
vt 0.026493370532989502 0.5777447819709778
vt 0.0600396953523159 0.7025063037872314
vt 0.0228726863861084 0.5699324607849121
vt 0.01843973807990551 0.5656687021255493
vt 0.01588566042482853 0.630852997303009
vt 0.01613508351147175 0.562075138092041
vt 0.023677919059991837 0.556294322013855
vt 0.039696771651506424 0.6823712587356567
vt 0.19918568432331085 0.6877460479736328
vt 0.17195558547973633 0.6921601295471191
vt 0.20180252194404602 0.701313853263855
vt 0.13854767382144928 0.6894397735595703
vt 0.13885371387004852 0.6962987184524536
vt 0.16899989545345306 0.6992800235748291
vt 0.11054565757513046 0.6957011222839355
vt 0.10272607207298279 0.6856776475906372
vt 0.08190902322530746 0.687368631362915
vt 0.09211784601211548 0.6673840880393982
vt 0.13339853286743164 0.6692018508911133
vt 0.10516847670078278 0.6521803140640259
vt 0.11579105257987976 0.6355850696563721
vt 0.15416187047958374 0.6436054706573486
vt 0.05964910611510277 0.6631138324737549
vt 0.17830005288124084 0.6494319438934326
vt 0.17130890488624573 0.6726260185241699
vt 0.21551744639873505 0.6596384644508362
vt 0.21482810378074646 0.6482502222061157
vt 0.20256681740283966 0.674098551273346
vt 0.22875767946243286 0.6780411005020142
vt 0.05035272613167763 0.644332766532898
vt 0.2463814914226532 0.6604622602462769
vt 0.2575264871120453 0.6556980609893799
vt 0.059795670211315155 0.6388643383979797
vt 0.25774574279785156 0.6724445819854736
vt 0.2445492148399353 0.6797668933868408
vt 0.07439431548118591 0.6143031120300293
vt 0.04018105939030647 0.625982940196991
vt 0.09118127822875977 0.6406031250953674
vt 0.09617216140031815 0.6303660869598389
vt 0.08268097788095474 0.6224733591079712
vt 0.2647736966609955 0.6691933870315552
vt 0.21677982807159424 0.6879487633705139
vt 0.2111635059118271 0.7099860906600952
vt 0.2329787313938141 0.7083834409713745
vt 0.23549500107765198 0.6869673132896423
vt 0.07820170372724533 0.6975668668746948
vt 0.0557575486600399 0.6050362586975098
vt 0.06809806078672409 0.6132489442825317
vt 0.03520287573337555 0.5947277545928955
vt 0.08717304468154907 0.7012170553207397
vt 0.26878127455711365 0.6525489091873169
vt 0.2689327001571655 0.6674531698226929
vt 0.20141926407814026 0.7092568874359131
vt 0.17616523802280426 0.709816575050354
vt 0.20430365204811096 0.7116259336471558
vt 0.13377827405929565 0.6375369429588318
vt 0.10212807357311249 0.702971875667572
vt 0.14209286868572235 0.7062138915061951
vt 0.1565554440021515 0.7070786356925964
vt 0.17051637172698975 0.7088020443916321
vt 0.1359391212463379 0.7054603099822998
vt 0.2785804271697998 0.6662169694900513
vt 0.2836988866329193 0.6613835692405701
vt 0.28423193097114563 0.6531504392623901
vt 0.2912551164627075 0.653240442276001
vt 0.2873140871524811 0.6427214741706848
vt 0.2946254312992096 0.6422369480133057
vt 0.28263789415359497 0.6394986510276794
vt 0.28741899132728577 0.6337339878082275
vt 0.27883949875831604 0.643256664276123
vt 0.24249322712421417 0.6493677496910095
vt 0.18466190993785858 0.7105076313018799
vt 0.2749331593513489 0.637485146522522
vt 0.26869264245033264 0.6393123865127563
vt 0.27024316787719727 0.6442204117774963
vt 0.2626206874847412 0.642073929309845
vt 0.27290841937065125 0.6710190773010254
vt 0.22969473898410797 0.7111637592315674
vt 0.2985556423664093 0.6464543342590332
vt 0.03869662433862686 0.5848734378814697
vt 0.04400057718157768 0.5917168855667114
vt 0.29357844591140747 0.6327254772186279
vt 0.29725170135498047 0.6395202875137329
vt 0.29186657071113586 0.621943473815918
vt 0.2773032486438751 0.6326735019683838
vt 0.23094569146633148 0.6462571620941162
vt 0.06712869554758072 0.6069140434265137
vt 0.11116963624954224 0.63209468126297
vt 0.10128423571586609 0.6279046535491943
vt 0.0941334068775177 0.6242212057113647
vt 0.2963078022003174 0.6269232034683228
vt 0.2975732684135437 0.6312016844749451
vt 0.3040332794189453 0.6228777170181274
vt 0.29977020621299744 0.6175059080123901
vt 0.29882094264030457 0.6373180150985718
vt 0.30649250745773315 0.6309781670570374
vt 0.30085960030555725 0.638214111328125
vt 0.3075713515281677 0.619764506816864
vt 0.306149959564209 0.617651104927063
vt 0.311672568321228 0.6151889562606812
vt 0.30803897976875305 0.6104735136032104
vt 0.3133264482021332 0.610444962978363
vt 0.3126084804534912 0.6066032648086548
vt 0.3194531202316284 0.6036218404769897
vt 0.3201272487640381 0.607753574848175
vt 0.3169437050819397 0.6169203519821167
vt 0.3244253098964691 0.610647439956665
vt 0.31644874811172485 0.6203802824020386
vt 0.3224669396877289 0.5949888229370117
vt 0.33109989762306213 0.6022517681121826
vt 0.3190790116786957 0.5991526246070862
vt 0.3341311812400818 0.5966629981994629
vt 0.3237035870552063 0.5900291800498962
vt 0.23632389307022095 0.7009581327438354
vt 0.05130212381482124 0.5971348285675049
vt 0.05804355815052986 0.6011136770248413
vt 0.33653655648231506 0.5897265076637268
vt 0.3273378312587738 0.5854958295822144
vt 0.33871179819107056 0.5725643634796143
vt 0.3279728889465332 0.5728643536567688
vt 0.32358813285827637 0.5799938440322876
vt 0.34625178575515747 0.5726941823959351
vt 0.34956860542297363 0.589572548866272
vt 0.35447391867637634 0.5740460753440857
vt 0.36764904856681824 0.5830037593841553
vt 0.35044237971305847 0.6026776432991028
vt 0.3755559027194977 0.5849905014038086
vt 0.37499603629112244 0.577841579914093
vt 0.363589882850647 0.5614157915115356
vt 0.38046732544898987 0.5705368518829346
vt 0.3668975532054901 0.556294322013855
vt 0.3552546203136444 0.5718398094177246
vt 0.3376352787017822 0.5933239459991455
vt 0.3527210056781769 0.5728415250778198
vt 0.36281731724739075 0.5962784290313721
vt 0.33613505959510803 0.5996947288513184
vt 0.3744365870952606 0.5627326369285583
vt 0.3430570363998413 0.6030605435371399
vt 0.3809310793876648 0.5688306093215942
vt 0.08664650470018387 0.6189238429069519
vt 0.07901255041360855 0.6141524314880371
vt 0.2647155523300171 0.6361148357391357
vt 0.293660432100296 0.6528222560882568
vt 0.26033714413642883 0.6376402378082275
vt 0.33842238783836365 0.6025023460388184
vt 0.1362040936946869 0.7097380757331848
vt 0.1182618960738182 0.7087024450302124
vt 0.375617653131485 0.5871886014938354
vt 0.20648829638957977 0.714982271194458
vt 0.26903942227363586 0.6710637807846069
vt 0.4954979419708252 0.541824221611023
vt 0.49368977546691895 0.5617142915725708
vt 0.4924931228160858 0.5482155084609985
vt 0.4861881732940674 0.548640787601471
vt 0.49058687686920166 0.5341328382492065
vt 0.48388540744781494 0.5354629755020142
vt 0.491605281829834 0.5642544031143188
vt 0.49264752864837646 0.6017260551452637
vt 0.4945244789123535 0.5984915494918823
vt 0.4955260157585144 0.6092877984046936
vt 0.4901084899902344 0.6033624410629272
vt 0.4860946536064148 0.5730710029602051
vt 0.49312275648117065 0.6218971610069275
vt 0.4963655471801758 0.5385363101959229
vt 0.4973142445087433 0.5314716100692749
vt 0.4973142445087433 0.6213424205780029
vt 0.48475584387779236 0.5556527376174927
vt 0.49423593282699585 0.5644003748893738
vt 0.82769775390625 0.3615577220916748
vt 0.8141942024230957 0.36145728826522827
vt 0.8193360567092896 0.36481326818466187
vt 0.8100143074989319 0.3639072775840759
vt 0.8064654469490051 0.36088061332702637
vt 0.8219771981239319 0.3669213652610779
vt 0.8303491473197937 0.3683510422706604
vt 0.7966565489768982 0.3636123538017273
vt 0.8028794527053833 0.2824355959892273
vt 0.8064559102058411 0.2845376133918762
vt 0.802720308303833 0.2714282274246216
vt 0.7967582941055298 0.27172625064849854
vt 0.8040410876274109 0.29299163818359375
vt 0.80913907289505 0.2933228015899658
vt 0.8106294870376587 0.30078428983688354
vt 0.7993276119232178 0.2838791012763977
vt 0.8071516752243042 0.3037189245223999
vt 0.812107503414154 0.3083433508872986
vt 0.804992139339447 0.31574559211730957
vt 0.8100240230560303 0.3161711096763611
vt 0.8110693693161011 0.34491628408432007
vt 0.8195403218269348 0.3312722444534302
vt 0.8219519257545471 0.3395538330078125
vt 0.8248329162597656 0.3483520746231079
vt 0.7946896553039551 0.28120315074920654
vt 0.8002129197120667 0.30425316095352173
vt 0.8016543388366699 0.3426079750061035
vt 0.7990024089813232 0.32746440172195435
vt 0.7959027290344238 0.3519279360771179
vt 0.7889782786369324 0.3562427759170532
vt 0.7897287011146545 0.36358773708343506
vt 0.784602165222168 0.35598647594451904
vt 0.7878323793411255 0.3045939803123474
vt 0.7922110557556152 0.2647583484649658
vt 0.7783589363098145 0.27839940786361694
vt 0.7835902571678162 0.24103397130966187
vt 0.797683596611023 0.2529091238975525
vt 0.7957493662834167 0.23654615879058838
vt 0.7993452548980713 0.24255335330963135
vt 0.800095796585083 0.23437583446502686
vt 0.783184289932251 0.222561776638031
vt 0.800773561000824 0.228010892868042
vt 0.8062207102775574 0.21101176738739014
vt 0.8062683343887329 0.22488152980804443
vt 0.7886149883270264 0.3515116572380066
vt 0.8159661293029785 0.2115778923034668
vt 0.8113784790039062 0.20079785585403442
vt 0.8184068202972412 0.22970032691955566
vt 0.8275530934333801 0.22591912746429443
vt 0.8201192021369934 0.2009108066558838
vt 0.8294582366943359 0.2063741683959961
vt 0.7758798003196716 0.2973206639289856
vt 0.7724176645278931 0.31063294410705566
vt 0.7769437432289124 0.3089115619659424
vt 0.7708300948143005 0.33557140827178955
vt 0.7774251699447632 0.33222460746765137
vt 0.7685433030128479 0.34442567825317383
vt 0.7550859451293945 0.3408331871032715
vt 0.7651717662811279 0.32885903120040894
vt 0.7808176875114441 0.347709059715271
vt 0.7581486701965332 0.3118587136268616
vt 0.751509428024292 0.3241199254989624
vt 0.7701362371444702 0.30298614501953125
vt 0.77516770362854 0.286594033241272
vt 0.7516323924064636 0.29809993505477905
vt 0.7556790709495544 0.2926176190376282
vt 0.7636229991912842 0.285386323928833
vt 0.759345293045044 0.24436509609222412
vt 0.7537195682525635 0.24342435598373413
vt 0.7561803460121155 0.22005850076675415
vt 0.7618981003761292 0.2232319712638855
vt 0.7667563557624817 0.24661850929260254
vt 0.7759481072425842 0.226148784160614
vt 0.7776723504066467 0.24468278884887695
vt 0.7792854905128479 0.23005855083465576
vt 0.7727413177490234 0.27956539392471313
vt 0.7761259078979492 0.262332558631897
vt 0.7915582060813904 0.33281654119491577
vt 0.7885338068008423 0.3175585865974426
vt 0.7913988828659058 0.3445338010787964
vt 0.7524373531341553 0.21439331769943237
vt 0.7500914931297302 0.33999019861221313
vt 0.7438093423843384 0.24450796842575073
vt 0.7333896160125732 0.21385371685028076
vt 0.7350028157234192 0.2885948419570923
vt 0.7303984761238098 0.251855731010437
vt 0.7404512166976929 0.3081410527229309
vt 0.7232399582862854 0.3020366430282593
vt 0.7253217101097107 0.27184951305389404
vt 0.7172176241874695 0.3146997094154358
vt 0.7331441044807434 0.3246786594390869
vt 0.7121390700340271 0.33645445108413696
vt 0.7311156392097473 0.33822667598724365
vt 0.7150110602378845 0.23100262880325317
vt 0.70927894115448 0.2524528503417969
vt 0.7291432023048401 0.212818443775177
vt 0.7108194828033447 0.21091651916503906
vt 0.7047550678253174 0.3364420533180237
vt 0.6935179233551025 0.3011060953140259
vt 0.6885983943939209 0.33463484048843384
vt 0.6725672483444214 0.33205562829971313
vt 0.6751559376716614 0.3012460470199585
vt 0.6925778985023499 0.2778262495994568
vt 0.6751881241798401 0.26145023107528687
vt 0.6969690322875977 0.26798301935195923
vt 0.6964566707611084 0.22857308387756348
vt 0.6935053467750549 0.20945841073989868
vt 0.6767487525939941 0.23273581266403198
vt 0.6750969886779785 0.20861631631851196
vt 0.6642661094665527 0.2750818133354187
vt 0.6577683091163635 0.32893306016921997
vt 0.6556740999221802 0.2564805746078491
vt 0.6588959693908691 0.22480571269989014
vt 0.6536858677864075 0.2987399101257324
vt 0.6307072639465332 0.32568931579589844
vt 0.631674587726593 0.3084459900856018
vt 0.6464741230010986 0.20724105834960938
vt 0.6370884776115417 0.25624239444732666
vt 0.6361126899719238 0.23556095361709595
vt 0.6384251117706299 0.2169310450553894
vt 0.7473940253257751 0.20602446794509888
vt 0.6399906277656555 0.20711565017700195
vt 0.7260931730270386 0.20367789268493652
vt 0.6762941479682922 0.2009108066558838
vt 0.46042823791503906 0.3499884605407715
vt 0.44000542163848877 0.34917616844177246
vt 0.44554445147514343 0.35113632678985596
vt 0.45786169171333313 0.3523533344268799
vt 0.4194645285606384 0.3526439666748047
vt 0.40737810730934143 0.3496617078781128
vt 0.40762656927108765 0.35650670528411865
vt 0.41068291664123535 0.3456840515136719
vt 0.40488964319229126 0.3394615650177002
vt 0.42054644227027893 0.33825451135635376
vt 0.44952377676963806 0.3413127064704895
vt 0.4304141402244568 0.35098928213119507
vt 0.470470666885376 0.3413875102996826
vt 0.46366676688194275 0.35297566652297974
vt 0.4022574722766876 0.332584023475647
vt 0.48289573192596436 0.34553784132003784
vt 0.47978174686431885 0.35482674837112427
vt 0.489498496055603 0.35187602043151855
vt 0.4991242587566376 0.344058632850647
vt 0.47457122802734375 0.36028969287872314
vt 0.4823184907436371 0.3615655303001404
vt 0.5057374835014343 0.3507780432701111
vt 0.5270953178405762 0.3467240333557129
vt 0.5205551385879517 0.35031837224960327
vt 0.5461987257003784 0.34702610969543457
vt 0.4867517650127411 0.3599609136581421
vt 0.5298572778701782 0.34068799018859863
vt 0.5501519441604614 0.33625733852386475
vt 0.5652020573616028 0.3426451086997986
vt 0.5737859010696411 0.33200347423553467
vt 0.5789287686347961 0.3336913585662842
vt 0.5745375752449036 0.3401832580566406
vt 0.4515436887741089 0.33459562063217163
vt 0.46127891540527344 0.3380206227302551
vt 0.4402443468570709 0.3308863639831543
vt 0.5915325880050659 0.3197364807128906
vt 0.5971923470497131 0.3220917582511902
vt 0.6041157245635986 0.30947399139404297
vt 0.6098145246505737 0.29925864934921265
vt 0.6147787570953369 0.296312153339386
vt 0.4220044016838074 0.3215635418891907
vt 0.4301047623157501 0.3257620334625244
vt 0.409445196390152 0.31815993785858154
vt 0.3989207446575165 0.3159249424934387
vt 0.38708361983299255 0.3177950382232666
vt 0.3877742290496826 0.332528293132782
vt 0.3897611200809479 0.3121405243873596
vt 0.3735622465610504 0.31511998176574707
vt 0.37982913851737976 0.30407649278640747
vt 0.622359037399292 0.2800729274749756
vt 0.36332088708877563 0.3054242730140686
vt 0.37300142645835876 0.2970183491706848
vt 0.6271262168884277 0.2770389914512634
vt 0.3543069064617157 0.29699867963790894
vt 0.36482861638069153 0.29245686531066895
vt 0.3479378819465637 0.2906838059425354
vt 0.3704299330711365 0.29292213916778564
vt 0.35502246022224426 0.28551578521728516
vt 0.3465770184993744 0.2814218997955322
vt 0.33169203996658325 0.2770389914512634
vt 0.47742387652397156 0.36405736207962036
vt 0.47976765036582947 0.3662196397781372
vt 0.4863439202308655 0.3675951361656189
vt 0.46495121717453003 0.3592671751976013
vt 0.4677073061466217 0.3663398027420044
vt 0.4747547209262848 0.37349599599838257
vt 0.4602271616458893 0.37632977962493896
vt 0.4528980255126953 0.3683486580848694
vt 0.4540482759475708 0.36041057109832764
vt 0.49018776416778564 0.9931814074516296
vt 0.4945761263370514 0.9904019832611084
vt 0.48905640840530396 0.9960106611251831
vt 0.4769877791404724 0.9877244830131531
vt 0.47416481375694275 0.9788037538528442
vt 0.46155327558517456 0.9760676026344299
vt 0.44771480560302734 0.9650540351867676
vt 0.43576520681381226 0.9555514454841614
vt 0.45679280161857605 0.9627354145050049
vt 0.4486517906188965 0.9564839601516724
vt 0.43811553716659546 0.9469961524009705
vt 0.4175286889076233 0.9399816393852234
vt 0.41742485761642456 0.9290701150894165
vt 0.48649418354034424 0.9845448136329651
vt 0.49010753631591797 0.985001802444458
vt 0.4725409150123596 0.9744267463684082
vt 0.4089721143245697 0.9201053380966187
vt 0.40591537952423096 0.9281727075576782
vt 0.3921203911304474 0.9108629822731018
vt 0.39909422397613525 0.9043095111846924
vt 0.4956119656562805 0.9852830767631531
vt 0.49910473823547363 0.9892486929893494
vt 0.44248902797698975 0.9677607417106628
vt 0.42229101061820984 0.9564971923828125
vt 0.410946249961853 0.9472119808197021
vt 0.3999512493610382 0.9357878565788269
vt 0.39056137204170227 0.9234782457351685
vt 0.45212322473526 0.9789388179779053
vt 0.38371679186820984 0.9152827858924866
vt 0.38761579990386963 0.9041776061058044
vt 0.37477073073387146 0.9000935554504395
vt 0.3809725344181061 0.8929247260093689
vt 0.3641541004180908 0.8780803680419922
vt 0.3731449246406555 0.8779807090759277
vt 0.35924032330513 0.8665845394134521
vt 0.3652157485485077 0.8609254956245422
vt 0.35465484857559204 0.8516993522644043
vt 0.3592449724674225 0.8408498764038086
vt 0.3510734438896179 0.8359192609786987
vt 0.3568030893802643 0.8186728954315186
vt 0.3487200140953064 0.8071756362915039
vt 0.3487018942832947 0.820629894733429
vt 0.3556084632873535 0.8022667169570923
vt 0.35533541440963745 0.7787536382675171
vt 0.3488346338272095 0.7806730270385742
vt 0.350450336933136 0.748842716217041
vt 0.360372394323349 0.7527914047241211
vt 0.35515695810317993 0.7370675206184387
vt 0.36480531096458435 0.7358739376068115
vt 0.4210306704044342 0.690177321434021
vt 0.433233380317688 0.6829898953437805
vt 0.43493467569351196 0.686536431312561
vt 0.4448288679122925 0.6768243312835693
vt 0.4496859610080719 0.6821907758712769
vt 0.45862871408462524 0.6772448420524597
vt 0.4550769627094269 0.6715191602706909
vt 0.43371665477752686 0.6895439624786377
vt 0.4197953939437866 0.6996933221817017
vt 0.404987096786499 0.709844708442688
vt 0.4111831784248352 0.6969077587127686
vt 0.4026852250099182 0.7031574249267578
vt 0.3910648822784424 0.7112617492675781
vt 0.3932740390300751 0.7211071252822876
vt 0.3799263536930084 0.7208791971206665
vt 0.37900158762931824 0.7362146973609924
vt 0.3707818388938904 0.7469422221183777
vt 0.36801600456237793 0.7573907375335693
vt 0.36494967341423035 0.7750818729400635
vt 0.3631698787212372 0.8071718215942383
vt 0.36196884512901306 0.8272042274475098
vt 0.3659886419773102 0.8400341868400574
vt 0.3686370849609375 0.8501071929931641
vt 0.3711526691913605 0.8583564162254333
vt 0.3739149272441864 0.8649334907531738
vt 0.3825177252292633 0.8794237971305847
vt 0.39177146553993225 0.8943164348602295
vt 0.46159952878952026 0.6699883937835693
vt 0.46715712547302246 0.6741268038749695
vt 0.46790260076522827 0.6645849943161011
vt 0.48079344630241394 0.6560981273651123
vt 0.48381662368774414 0.6653649806976318
vt 0.48545756936073303 0.6534135937690735
vt 0.4952225387096405 0.6599113941192627
vt 0.4902125597000122 0.651152491569519
vt 0.49910473823547363 0.6566077470779419
vt 0.04071247577667236 0.3560447692871094
vt 0.046502821147441864 0.349118709564209
vt 0.04868004098534584 0.35319435596466064
vt 0.018504448235034943 0.3533209562301636
vt 0.02747475728392601 0.36031782627105713
vt 0.013139250688254833 0.36237263679504395
vt 0.035414185374975204 0.34985607862472534
vt 0.01591581664979458 0.3660222887992859
vt 0.033550333231687546 0.3168158531188965
vt 0.030673107132315636 0.31354331970214844
vt 0.03201034292578697 0.2981714606285095
vt 0.02754533849656582 0.32733970880508423
vt 0.030382920056581497 0.3351026177406311
vt 0.024472128599882126 0.33430588245391846
vt 0.024830756708979607 0.3432169556617737
vt 0.0205020010471344 0.34066396951675415
vt 0.035705503076314926 0.2922466993331909
vt 0.010810615494847298 0.35421717166900635
vt 0.00581939285621047 0.36226218938827515
vt 0.03259671479463577 0.282983660697937
vt 0.02806331031024456 0.2751343846321106
vt 0.0339822880923748 0.2614724636077881
vt 0.024563847109675407 0.25712525844573975
vt 0.04049723595380783 0.28245067596435547
vt 0.01699191890656948 0.22522932291030884
vt 0.02886839210987091 0.23625648021697998
vt 0.024955349043011665 0.21871155500411987
vt 0.012544735334813595 0.20815294981002808
vt 0.022318799048662186 0.2015114426612854
vt 0.04072869196534157 0.33015722036361694
vt 0.04331188276410103 0.2956227660179138
vt 0.044370636343955994 0.311845064163208
vt 0.04361147806048393 0.3224979043006897
vt 0.0456298403441906 0.32383042573928833
vt 0.009847401641309261 0.36893296241760254
vt 0.046267908066511154 0.34614312648773193
vt 0.048498399555683136 0.3372868299484253
vt 0.05116637796163559 0.3251633048057556
vt 0.009783579036593437 0.2007434368133545
vt 0.019787611439824104 0.19281917810440063
vt 0.013982993550598621 0.3752470016479492
vt 0.03462536633014679 0.2580351233482361
vt 0.018224326893687248 0.3788564205169678
vt 0.03086485154926777 0.3810005784034729
vt 0.03877205774188042 0.3853047490119934
vt 0.05028959736227989 0.366804838180542
vt 0.047121427953243256 0.3797276020050049
vt 0.05009082332253456 0.37641382217407227
vt 0.04520522058010101 0.38670146465301514
vt 0.05147717148065567 0.383855402469635
vt 0.05116637796163559 0.394946813583374
vt 0.004028648138046265 0.3580920696258545
vt 0.7593515515327454 0.010993242263793945
vt 0.7559411525726318 0.01375889778137207
vt 0.7658500671386719 0.01814216375350952
vt 0.7633343935012817 0.013403356075286865
vt 0.7736057043075562 0.015196025371551514
vt 0.7830310463905334 0.0163612961769104
vt 0.7638982534408569 0.025916755199432373
vt 0.7543023824691772 0.017057061195373535
vt 0.7715767621994019 0.028812050819396973
vt 0.7515953183174133 0.013878166675567627
vt 0.7842320203781128 0.024493396282196045
vt 0.7942352294921875 0.01838737726211548
vt 0.7909643054008484 0.013021349906921387
vt 0.7995540499687195 0.014791727066040039
vt 0.7846354842185974 0.013605117797851562
vt 0.7512584924697876 0.018703818321228027
vt 0.7563033103942871 0.02582836151123047
vt 0.7924615144729614 0.024586141109466553
vt 0.8133392930030823 0.007535457611083984
vt 0.7479856610298157 0.009199976921081543
vt 0.8010530471801758 0.023670732975006104
vt 0.7558706998825073 0.007535457611083984
vt 0.8011965751647949 0.01628589630126953
vt 0.8080083727836609 0.012364029884338379
vt 0.3666330575942993 0.1470702886581421
vt 0.37018799781799316 0.15752840042114258
vt 0.36661216616630554 0.160017728805542
vt 0.363025963306427 0.1502196192741394
vt 0.37018799781799316 0.14671987295150757
vt 0.6190689206123352 0.07613110542297363
vt 0.618608832359314 0.06002306938171387
vt 0.6164803504943848 0.07280886173248291
vt 0.611271858215332 0.07721972465515137
vt 0.6169278621673584 0.0626065731048584
vt 0.6031110286712646 0.06600844860076904
vt 0.6066128611564636 0.07606971263885498
vt 0.5910564661026001 0.07507908344268799
vt 0.5942883491516113 0.06905686855316162
vt 0.5810586214065552 0.0661194920539856
vt 0.5794206857681274 0.0747305154800415
vt 0.5649862885475159 0.0666351318359375
vt 0.5604332089424133 0.07429885864257812
vt 0.5484189391136169 0.06666064262390137
vt 0.5437362194061279 0.06933796405792236
vt 0.5415700674057007 0.0750700831413269
vt 0.5178906917572021 0.07330948114395142
vt 0.5142754912376404 0.0671648383140564
vt 0.511638343334198 0.07110625505447388
vt 0.5804031491279602 0.07770770788192749
vt 0.590876042842865 0.07845747470855713
vt 0.5144174098968506 0.07498246431350708
vt 0.5598024129867554 0.076385498046875
vt 0.5650126934051514 0.06387114524841309
vt 0.5717875361442566 0.055427372455596924
vt 0.5475571155548096 0.06379950046539307
vt 0.5404039621353149 0.055209994316101074
vt 0.5274298191070557 0.06466752290725708
vt 0.5389650464057922 0.04576671123504639
vt 0.5921749472618103 0.03653937578201294
vt 0.568657398223877 0.03528958559036255
vt 0.5501035451889038 0.03509163856506348
vt 0.5185654163360596 0.03757059574127197
vt 0.6027804613113403 0.06124866008758545
vt 0.6134620308876038 0.04918241500854492
vt 0.6093082427978516 0.03609341382980347
vt 0.5145515203475952 0.06111675500869751
vt 0.514646053314209 0.05148595571517944
vt 0.5989227890968323 0.06394267082214355
vt 0.5136908292770386 0.03338623046875
vt 0.5122849941253662 0.013008058071136475
vt 0.5347597599029541 0.019986748695373535
vt 0.5661100149154663 0.013530313968658447
vt 0.6074900031089783 0.0234488844871521
vt 0.5791329145431519 0.01079261302947998
vt 0.5318803787231445 0.010195016860961914
vt 0.6048204302787781 0.010195016860961914
vt 0.6174437999725342 0.046694397926330566
vt 0.6129758954048157 0.03213220834732056
vt 0.3683975040912628 0.002216339111328125
vt 0.3655723035335541 0.00930851697921753
vt 0.363025963306427 0.002216339111328125
vt 0.36811310052871704 0.0069634318351745605
vt 0.20904631912708282 0.38750576972961426
vt 0.20823392271995544 0.3811236023902893
vt 0.2144136130809784 0.3855384588241577
vt 0.2032538801431656 0.3847668766975403
vt 0.21434472501277924 0.3816884756088257
vt 0.2071392983198166 0.3727836608886719
vt 0.1995655596256256 0.37796109914779663
vt 0.1921391785144806 0.3727836608886719
vt 0.1899290233850479 0.38562852144241333
vt 0.18574470281600952 0.3749532699584961
vt 0.19609877467155457 0.388741135597229
vt 0.18218442797660828 0.3806661367416382
vt 0.0013428827514871955 0.5024814009666443
vt 0.0031333931256085634 0.5093085169792175
vt 0.0031333931256085634 0.4827127456665039
vt 0.8079904913902283 0.12387937307357788
vt 0.8006777763366699 0.12380069494247437
vt 0.8056681156158447 0.1263534426689148
vt 0.8073524832725525 0.12929493188858032
vt 0.7963703274726868 0.12727314233779907
vt 0.8041697144508362 0.12920880317687988
vt 0.7942538261413574 0.12185347080230713
vt 0.7906270623207092 0.12384885549545288
vt 0.8111796379089355 0.12834608554840088
vt 0.8142345547676086 0.13052362203598022
vt 0.786979079246521 0.12498277425765991
vt 0.792072057723999 0.12813961505889893
vt 0.7904147505760193 0.12042850255966187
vt 0.7796417474746704 0.12113600969314575
vt 0.7882986068725586 0.11876165866851807
vt 0.7937082648277283 0.11816751956939697
vt 0.7961153388023376 0.11513876914978027
vt 0.8031706213951111 0.11211031675338745
vt 0.766520619392395 0.12529146671295166
vt 0.7642005085945129 0.12706255912780762
vt 0.735119640827179 0.12786829471588135
vt 0.7358429431915283 0.1309707760810852
vt 0.7162301540374756 0.1313941478729248
vt 0.7196463346481323 0.12870252132415771
vt 0.6920717358589172 0.12860023975372314
vt 0.6888662576675415 0.13152211904525757
vt 0.6636091470718384 0.1316489577293396
vt 0.6612511873245239 0.12687265872955322
vt 0.6425382494926453 0.12591636180877686
vt 0.6389473080635071 0.12828409671783447
vt 0.6253474950790405 0.12198978662490845
vt 0.62074214220047 0.11637008190155029
vt 0.6088245511054993 0.11598718166351318
vt 0.6063445806503296 0.11018818616867065
vt 0.5886302590370178 0.1077127456665039
vt 0.6478738188743591 0.12403345108032227
vt 0.801803469657898 0.11128318309783936
vt 0.8063116669654846 0.1077127456665039
vt 0.9881786108016968 0.5162447094917297
vt 0.9890987873077393 0.5119680762290955
vt 0.9954903721809387 0.521354615688324
vt 0.9948570728302002 0.5473029613494873
vt 0.9964641332626343 0.5586810111999512
vt 0.9903655052185059 0.5565090179443359
vt 0.9852283000946045 0.5439090728759766
vt 0.9865370988845825 0.5639231204986572
vt 0.9868305325508118 0.5249518156051636
vt 0.9960650205612183 0.5314074754714966
vt 0.9967473745346069 0.5721256732940674
vt 0.9964563250541687 0.5793496370315552
vt 0.9895035028457642 0.5880359411239624
vt 0.9977618455886841 0.5862723588943481
vt 0.9956151843070984 0.5996339321136475
vt 0.9910862445831299 0.6068262457847595
vt 0.9977618455886841 0.5162325501441956
vt 0.2851387560367584 0.03679078817367554
vt 0.28155773878097534 0.03864002227783203
vt 0.2851387560367584 0.04742908477783203
vt 0.8688311576843262 0.7837997674942017
vt 0.8748480081558228 0.7868853807449341
vt 0.8670102953910828 0.7867427468299866
vt 0.8632115721702576 0.7821898460388184
vt 0.8791943192481995 0.7887763977050781
vt 0.876956582069397 0.7835960984230042
vt 0.8749727606773376 0.7895744442939758
vt 0.8638347387313843 0.7892996668815613
vt 0.8554059267044067 0.780767023563385
vt 0.8515851497650146 0.7892195582389832
vt 0.8746010065078735 0.8019960522651672
vt 0.8426694869995117 0.7778568863868713
vt 0.8744809627532959 0.8223886489868164
vt 0.8491897583007812 0.8175171613693237
vt 0.834280252456665 0.7945826649665833
vt 0.8461059331893921 0.8338875770568848
vt 0.8208832740783691 0.7792388796806335
vt 0.8199238181114197 0.7964861392974854
vt 0.817983865737915 0.8206431865692139
vt 0.8178949952125549 0.8330154418945312
vt 0.8565520644187927 0.7702629566192627
vt 0.8631535768508911 0.7708482146263123
vt 0.863440752029419 0.7628545761108398
vt 0.881378710269928 0.8173331022262573
vt 0.8765175342559814 0.8353443145751953
vt 0.8804697394371033 0.8007624745368958
vt 0.8787326812744141 0.8447468876838684
vt 0.8418736457824707 0.9222112894058228
vt 0.8171775937080383 0.8981294631958008
vt 0.8459478616714478 0.8999499678611755
vt 0.8606926798820496 0.9291248321533203
vt 0.8130368590354919 0.9198340177536011
vt 0.8550713658332825 0.9575604796409607
vt 0.8711708784103394 0.9418215155601501
vt 0.83712238073349 0.9565172791481018
vt 0.8119187355041504 0.9515318274497986
vt 0.8682263493537903 0.9606627225875854
vt 0.875145435333252 0.9055653810501099
vt 0.8767907619476318 0.9191989898681641
vt 0.8401966691017151 0.8850876688957214
vt 0.8165662884712219 0.8800277709960938
vt 0.8150370717048645 0.8934385180473328
vt 0.8165664672851562 0.8645632266998291
vt 0.877216637134552 0.8878774642944336
vt 0.8387919068336487 0.8674652576446533
vt 0.8697414398193359 0.8721882104873657
vt 0.8425352573394775 0.8529403209686279
vt 0.8172429203987122 0.8484822511672974
vt 0.8789132833480835 0.8655856847763062
vt 0.8662060499191284 0.8558953404426575
vt 0.8799477815628052 0.8834494352340698
vt 0.852748692035675 0.966858446598053
vt 0.8325516581535339 0.9704556465148926
vt 0.8088630437850952 0.9638362526893616
vt 0.8660887479782104 0.983829140663147
vt 0.878818690776825 0.9531813859939575
vt 0.8457009196281433 0.9797217845916748
vt 0.8760742545127869 0.9644743800163269
vt 0.8802518844604492 0.9771814346313477
vt 0.881378710269928 0.9898049831390381
vt 0.3772045373916626 0.958776593208313
vt 0.3863025903701782 0.9543439745903015
vt 0.3764108419418335 0.9543439745903015
vt 0.37287378311157227 0.9583797454833984
vt 0.650565505027771 0.8570980429649353
vt 0.6532576084136963 0.8543491959571838
vt 0.6489627957344055 0.8697424530982971
vt 0.649468183517456 0.8525985479354858
vt 0.640076220035553 0.8574657440185547
vt 0.6292561292648315 0.8615729212760925
vt 0.6225515007972717 0.8800408840179443
vt 0.6407321691513062 0.8500276207923889
vt 0.6434032320976257 0.8824830651283264
vt 0.6312747597694397 0.8903919458389282
vt 0.6324151158332825 0.8514420986175537
vt 0.6243166923522949 0.8956433534622192
vt 0.6126390695571899 0.8441352248191833
vt 0.6098229289054871 0.8983063697814941
vt 0.6053401827812195 0.8690989017486572
vt 0.6185788512229919 0.9002227783203125
vt 0.6268276572227478 0.9019460082054138
vt 0.6151940226554871 0.8410164713859558
vt 0.5893185138702393 0.8382319211959839
vt 0.5925236940383911 0.835106372833252
vt 0.5965604186058044 0.8883622288703918
vt 0.5936979055404663 0.8968793153762817
vt 0.5698637962341309 0.8526991009712219
vt 0.5658740401268005 0.8365325331687927
vt 0.5733831524848938 0.8819401264190674
vt 0.5647724866867065 0.867146372795105
vt 0.5634506344795227 0.8826820850372314
vt 0.5621203184127808 0.8525805473327637
vt 0.5642437934875488 0.8385428190231323
vt 0.5745062828063965 0.8924556374549866
vt 0.5743155479431152 0.8354944586753845
vt 0.5667161345481873 0.8249516487121582
vt 0.5712723731994629 0.8138653039932251
vt 0.6095505356788635 0.8130513429641724
vt 0.5978389382362366 0.8041528463363647
vt 0.6097158789634705 0.8300002813339233
vt 0.6217719912528992 0.7928935885429382
vt 0.64183509349823 0.801164448261261
vt 0.6274371147155762 0.8138405084609985
vt 0.6454979181289673 0.7755101919174194
vt 0.6635841727256775 0.7817069292068481
vt 0.6706764698028564 0.8116090893745422
vt 0.6831029653549194 0.7893462777137756
vt 0.654915452003479 0.8268004655838013
vt 0.5973361730575562 0.7809247970581055
vt 0.581320583820343 0.8000205159187317
vt 0.6311995983123779 0.8444903492927551
vt 0.6686407327651978 0.8280316591262817
vt 0.6617375016212463 0.8401312828063965
vt 0.5883234143257141 0.791400671005249
vt 0.6155412793159485 0.7632373571395874
vt 0.6815425753593445 0.8054099082946777
vt 0.6911363005638123 0.7880825996398926
vt 0.6926281452178955 0.7761484384536743
vt 0.6522817611694336 0.7545226812362671
vt 0.6220945119857788 0.754236102104187
vt 0.6751231551170349 0.8168436288833618
vt 0.6765621304512024 0.7600319981575012
vt 0.6339576840400696 0.7430497407913208
vt 0.5610635876655579 0.8937456011772156
vt 0.5593195557594299 0.867752730846405
vt 0.5581915974617004 0.8825709819793701
vt 0.6990807056427002 0.760735809803009
vt 0.6529582738876343 0.742264986038208
vt 0.6838476061820984 0.7549740672111511
vt 0.6292623281478882 0.8986829519271851
vt 0.6428260207176208 0.7335436344146729
vt 0.7041181921958923 0.7654122114181519
vt 0.6952423453330994 0.7823561429977417
vt 0.7009634375572205 0.7491968870162964
vt 0.6712930798530579 0.7336205244064331
vt 0.6512416005134583 0.7256205677986145
vt 0.6407027840614319 0.8977743983268738
vt 0.6475887298583984 0.908763587474823
vt 0.6329740285873413 0.9096391201019287
vt 0.6423138976097107 0.924278736114502
vt 0.6502878665924072 0.9300292730331421
vt 0.6422029733657837 0.9317029714584351
vt 0.6628432273864746 0.9238353967666626
vt 0.6342170238494873 0.9209645390510559
vt 0.6318808794021606 0.9308416247367859
vt 0.6237189769744873 0.9236350655555725
vt 0.6227559447288513 0.9056355953216553
vt 0.6239110827445984 0.9318527579307556
vt 0.61298006772995 0.9345462322235107
vt 0.6107898354530334 0.9091488718986511
vt 0.6019524931907654 0.9167214035987854
vt 0.6042062044143677 0.9085896015167236
vt 0.598362386226654 0.9100091457366943
vt 0.5844818949699402 0.9255604147911072
vt 0.583250105381012 0.908505916595459
vt 0.5699414014816284 0.9162282943725586
vt 0.5695943832397461 0.9233806133270264
vt 0.5701031684875488 0.9079403877258301
vt 0.5916666388511658 0.9283282160758972
vt 0.5731633305549622 0.9301074743270874
vt 0.564228355884552 0.9296998977661133
vt 0.5849167108535767 0.9339760541915894
vt 0.6039837598800659 0.9386838674545288
vt 0.5967426300048828 0.9435339570045471
vt 0.5893954634666443 0.9457222819328308
vt 0.6642211079597473 0.9294152855873108
vt 0.6533793210983276 0.934269368648529
vt 0.6631847023963928 0.9318686127662659
vt 0.6726964712142944 0.9566684365272522
vt 0.6828362941741943 0.9464864134788513
vt 0.6666249632835388 0.961042582988739
vt 0.64841628074646 0.9507668018341064
vt 0.6451124548912048 0.9364742636680603
vt 0.6346912980079651 0.9392390847206116
vt 0.6419463157653809 0.9578575491905212
vt 0.6583043336868286 0.9685595631599426
vt 0.6266167163848877 0.949670135974884
vt 0.6189295649528503 0.9443186521530151
vt 0.6735455989837646 0.9785086512565613
vt 0.6875118017196655 0.9665401577949524
vt 0.677308201789856 0.9379740953445435
vt 0.692452073097229 0.9451694488525391
vt 0.7041181921958923 0.9627929925918579
vt 0.6599564552307129 0.9796374440193176
vt 0.6450681686401367 0.9754685759544373
vt 0.6218238472938538 0.9541763663291931
vt 0.7021649479866028 0.9500178098678589
vt 0.6394619941711426 0.8892309665679932
vt 0.633505642414093 0.8957253694534302
vt 0.7017045021057129 0.9744777679443359
vt 0.6281061768531799 0.97823166847229
vt 0.6179892420768738 0.970045268535614
vt 0.6497434377670288 0.9960106611251831
vt 0.6518398523330688 0.9069895148277283
vt 0.6602565050125122 0.9170017242431641
vt 0.5693365931510925 0.9022511839866638
vt 0.5711871385574341 0.898829460144043
vt 0.5897923111915588 0.9078402519226074
vt 0.8847689628601074 0.13013309240341187
vt 0.8873261213302612 0.13501191139221191
vt 0.8923021554946899 0.13043075799942017
vt 0.8901342153549194 0.13599884510040283
vt 0.8822495341300964 0.1396276354789734
vt 0.897493302822113 0.12632977962493896
vt 0.8742166757583618 0.12632977962493896
vt 0.04262494295835495 0.23625439405441284
vt 0.03810662403702736 0.23752421140670776
vt 0.03780583664774895 0.2443820834159851
vt 0.1153867170214653 0.2600741982460022
vt 0.1014605239033699 0.2419838309288025
vt 0.09135051816701889 0.25291168689727783
vt 0.1010512113571167 0.26588302850723267
vt 0.06710702180862427 0.25113779306411743
vt 0.08013299852609634 0.23864704370498657
vt 0.0602278895676136 0.23639482259750366
vt 0.08836158365011215 0.26405346393585205
vt 0.07628599554300308 0.2692006230354309
vt 0.06649070233106613 0.27020519971847534
vt 0.13539859652519226 0.24885648488998413
vt 0.123428575694561 0.24095064401626587
vt 0.13318447768688202 0.2613120675086975
vt 0.13446494936943054 0.24009811878204346
vt 0.10860850661993027 0.23729854822158813
vt 0.09413118660449982 0.23334825038909912
vt 0.083834208548069 0.23488306999206543
vt 0.0853690356016159 0.22775143384933472
vt 0.057413700968027115 0.22566932439804077
vt 0.07330463826656342 0.21864652633666992
vt 0.06065001338720322 0.21233516931533813
vt 0.04932573065161705 0.2133449912071228
vt 0.046686042100191116 0.23937320709228516
vt 0.054622091352939606 0.20663684606552124
vt 0.05030214786529541 0.264178991317749
vt 0.04359600320458412 0.22607409954071045
vt 0.05801309645175934 0.2728853225708008
vt 0.03981150686740875 0.25115811824798584
vt 0.04115654155611992 0.20084822177886963
vt 0.07320977002382278 0.210954487323761
vt 0.16513627767562866 0.2591743469238281
vt 0.1583176553249359 0.24766874313354492
vt 0.1553121954202652 0.2704513669013977
vt 0.1781480312347412 0.25461089611053467
vt 0.17538544535636902 0.2758415937423706
vt 0.17162126302719116 0.24452775716781616
vt 0.18893982470035553 0.24519670009613037
vt 0.1555728316307068 0.2418462038040161
vt 0.16595089435577393 0.23483175039291382
vt 0.06510145217180252 0.19629371166229248
vt 0.09755785763263702 0.22404217720031738
vt 0.17749488353729248 0.22916340827941895
vt 0.17117609083652496 0.2269347906112671
vt 0.13127118349075317 0.2663630247116089
vt 0.08379517495632172 0.22139590978622437
vt 0.07646679133176804 0.21151936054229736
vt 0.19232235848903656 0.2726181745529175
vt 0.19111742079257965 0.25134414434432983
vt 0.1894715577363968 0.2845268249511719
vt 0.15155233442783356 0.23821908235549927
vt 0.05298943072557449 0.19338393211364746
vt 0.18606162071228027 0.23335766792297363
vt 0.08568468689918518 0.21372860670089722
vt 0.08809264004230499 0.20956265926361084
vt 0.11628275364637375 0.2646180987358093
vt 0.04037926718592644 0.18894851207733154
vt 0.17993895709514618 0.21466368436813354
vt 0.18915195763111115 0.2148645520210266
vt 0.19981546700000763 0.2221558690071106
vt 0.1959209442138672 0.20934730768203735
vt 0.2035662680864334 0.21143770217895508
vt 0.19372794032096863 0.23809289932250977
vt 0.20854274928569794 0.268552303314209
vt 0.20577752590179443 0.24741411209106445
vt 0.214287668466568 0.2405027151107788
vt 0.2207370102405548 0.21155321598052979
vt 0.2358003407716751 0.22827410697937012
vt 0.22090600430965424 0.24678343534469604
vt 0.2304001748561859 0.21359503269195557
vt 0.22349882125854492 0.2041172981262207
vt 0.2390485405921936 0.22368282079696655
vt 0.24374507367610931 0.2327391505241394
vt 0.1798318773508072 0.28389185667037964
vt 0.16975370049476624 0.27899348735809326
vt 0.16505134105682373 0.2745356559753418
vt 0.21073628962039948 0.2872686982154846
vt 0.20137545466423035 0.23530828952789307
vt 0.21763457357883453 0.25010842084884644
vt 0.2466427981853485 0.2322312593460083
vt 0.2010432928800583 0.2921099066734314
vt 0.22099041938781738 0.274456262588501
vt 0.22730757296085358 0.26270562410354614
vt 0.22527992725372314 0.253923237323761
vt 0.23520883917808533 0.2526547908782959
vt 0.2447151243686676 0.23929715156555176
vt 0.20741944015026093 0.2427527904510498
vt 0.22913780808448792 0.252331018447876
vt 0.08046950399875641 0.20250725746154785
vt 0.23007012903690338 0.2573587894439697
vt 0.20147623121738434 0.1989574432373047
vt 0.21329176425933838 0.19298571348190308
vt 0.20274482667446136 0.18129432201385498
vt 0.07150322198867798 0.27482908964157104
vt 0.1986142098903656 0.2038414478302002
vt 0.0771322250366211 0.18517625331878662
vt 0.0686773881316185 0.19596785306930542
vt 0.21024276316165924 0.29176193475723267
vt 0.07624908536672592 0.2008008360862732
vt 0.05894956365227699 0.2747951149940491
vt 0.03428700193762779 0.20525062084197998
vt 0.06574919074773788 0.18853694200515747
vt 0.06113770604133606 0.18129432201385498
vt 0.11635485291481018 0.2355237603187561
vt 0.10805113613605499 0.22977256774902344
vt 0.07510223239660263 0.19218969345092773
vt 0.1472998708486557 0.27235525846481323
vt 0.029095793142914772 0.1898295283317566
vt 0.19610603153705597 0.2046791911125183
vt 0.08555858582258224 0.27091073989868164
vt 0.06320547312498093 0.2777344584465027
vt 0.19367235898971558 0.29158616065979004
vt 0.08965765684843063 0.2674029469490051
vt 0.04279552027583122 0.2595616579055786
vt 0.6917547583580017 0.9046384692192078
vt 0.6916477084159851 0.9002659320831299
vt 0.6872075796127319 0.9030149579048157
vt 0.6942703723907471 0.9029160141944885
vt 0.6904133558273315 0.9064136147499084
vt 0.679851233959198 0.9100084900856018
vt 0.6784040927886963 0.9002659320831299
vt 0.670829176902771 0.9066633582115173
vt 0.6686110496520996 0.9029999375343323
vt 0.6584601402282715 0.9092355966567993
vt 0.6814738512039185 0.9126772880554199
vt 0.5842955112457275 0.3411867022514343
vt 0.5947367548942566 0.34454798698425293
vt 0.5986223220825195 0.34371650218963623
vt 0.584079384803772 0.3389667272567749
vt 0.5875859260559082 0.33548182249069214
vt 0.5975648760795593 0.338767409324646
vt 0.60174161195755 0.3349781632423401
vt 0.6119480133056641 0.3467518091201782
vt 0.6199641823768616 0.333776593208313
vt 0.5939257144927979 0.34884750843048096
vt 0.5814682245254517 0.337299108505249
vt 0.5830023288726807 0.333776593208313
vt 0.8643308281898499 0.06458061933517456
vt 0.8724259734153748 0.06240934133529663
vt 0.8674717545509338 0.06015503406524658
vt 0.8723751902580261 0.06665170192718506
vt 0.8755437731742859 0.06489020586013794
vt 0.868852972984314 0.051861703395843506
vt 0.8525076508522034 0.09483373165130615
vt 0.8518601059913635 0.08069181442260742
vt 0.8739773631095886 0.10245835781097412
vt 0.8792321085929871 0.08542203903198242
vt 0.8879632949829102 0.10497885942459106
vt 0.900259256362915 0.10654056072235107
vt 0.8922303318977356 0.08245718479156494
vt 0.8883134722709656 0.0635002851486206
vt 0.9091677069664001 0.1077127456665039
vt 0.908018171787262 0.08742725849151611
vt 0.9211268424987793 0.10562962293624878
vt 0.9303019046783447 0.10762941837310791
vt 0.9087424278259277 0.06083810329437256
vt 0.9259085655212402 0.07750672101974487
vt 0.9340741634368896 0.10599541664123535
vt 0.935954749584198 0.08255374431610107
vt 0.9406489133834839 0.05771231651306152
vt 0.9222869873046875 0.058566927909851074
vt 0.9516657590866089 0.057915568351745605
vt 0.9445152878761292 0.10542279481887817
vt 0.9412978291511536 0.09519457817077637
vt 0.971603512763977 0.05893594026565552
vt 0.9696389436721802 0.05223625898361206
vt 0.9753804802894592 0.051861703395843506
vt 0.9727012515068054 0.08834028244018555
vt 0.9677470922470093 0.1057966947555542
vt 0.9745795130729675 0.10605037212371826
vt 0.9529056549072266 0.09988963603973389
vt 0.9533745050430298 0.05371171236038208
vt 0.9346840977668762 0.05603635311126709
vt 0.8500447869300842 0.09200042486190796
vt 0.7091913819313049 0.681294322013855
vt 0.6969561576843262 0.6795212626457214
vt 0.7202327847480774 0.6795213222503662
vt 0.9669470191001892 0.040467917919158936
vt 0.965652346611023 0.042352259159088135
vt 0.9798567295074463 0.03767728805541992
vt 0.9508313536643982 0.04231584072113037
vt 0.9347112774848938 0.04791170358657837
vt 0.9195247292518616 0.044135987758636475
vt 0.917113184928894 0.05051642656326294
vt 0.9007872939109802 0.04255664348602295
vt 0.8832329511642456 0.043978095054626465
vt 0.8911585807800293 0.055036842823028564
vt 0.9206785559654236 0.04216492176055908
vt 0.8807429075241089 0.04831862449645996
vt 0.8806621432304382 0.05895388126373291
vt 0.8779943585395813 0.0415952205657959
vt 0.8742167949676514 0.04932743310928345
vt 0.8674366474151611 0.04518592357635498
vt 0.8610687255859375 0.04682326316833496
vt 0.852226734161377 0.04181641340255737
vt 0.8400747776031494 0.040595293045043945
vt 0.8384064435958862 0.03767728805541992
vt 0.44770166277885437 0.11315470933914185
vt 0.4462610185146332 0.10922735929489136
vt 0.445192813873291 0.11048024892807007
vt 0.4310653507709503 0.10511195659637451
vt 0.48049038648605347 0.12135696411132812
vt 0.4673883318901062 0.11797541379928589
vt 0.48091545701026917 0.12632977962493896
vt 0.49432072043418884 0.1182219386100769
vt 0.4897075593471527 0.10768836736679077
vt 0.45998474955558777 0.10507720708847046
vt 0.4564509689807892 0.11377936601638794
vt 0.4964189827442169 0.10357236862182617
vt 0.4931710660457611 0.10328012704849243
vt 0.46057507395744324 0.10357242822647095
vt 0.46535032987594604 0.12057101726531982
vt 0.45804363489151 0.11771982908248901
vt 0.49052363634109497 0.12176781892776489
vt 0.8408591151237488 0.2743794322013855
vt 0.8366159200668335 0.2654723525047302
vt 0.8413529396057129 0.26874983310699463
vt 0.8443265557289124 0.2692333459854126
vt 0.849260151386261 0.2627725601196289
vt 0.8518352508544922 0.26548051834106445
vt 0.8375697731971741 0.2510227560997009
vt 0.8379157781600952 0.21080684661865234
vt 0.846745491027832 0.21678459644317627
vt 0.839727520942688 0.22155523300170898
vt 0.8458811640739441 0.23253130912780762
vt 0.8434826731681824 0.2501180171966553
vt 0.8484788537025452 0.2514880895614624
vt 0.8402838706970215 0.19619375467300415
vt 0.8470102548599243 0.20532149076461792
vt 0.8485412001609802 0.18491441011428833
vt 0.840509831905365 0.18484288454055786
vt 0.8508967757225037 0.17608916759490967
vt 0.8449574112892151 0.16707170009613037
vt 0.8518352508544922 0.1564716100692749
vt 0.8371185660362244 0.23373562097549438
vt 0.9932411909103394 0.13115078210830688
vt 0.9890363216400146 0.1522325873374939
vt 0.9915998578071594 0.13492035865783691
vt 0.9882084727287292 0.13068169355392456
vt 0.9887878894805908 0.138949453830719
vt 0.9897668361663818 0.1329275369644165
vt 0.9828140139579773 0.1262955665588379
vt 0.9774966835975647 0.12761437892913818
vt 0.9754039645195007 0.12253522872924805
vt 0.9904767870903015 0.12199723720550537
vt 0.969718337059021 0.1265469193458557
vt 0.9676024913787842 0.12428790330886841
vt 0.965532660484314 0.12750506401062012
vt 0.9991254806518555 0.16711467504501343
vt 0.989991307258606 0.16465294361114502
vt 0.9939801096916199 0.15250825881958008
vt 0.9948592782020569 0.1925482153892517
vt 0.9883661866188049 0.18748778104782104
vt 0.9732798337936401 0.18689429759979248
vt 0.9760274291038513 0.16824358701705933
vt 0.9768006205558777 0.19021081924438477
vt 0.9995523691177368 0.136577308177948
vt 0.9995038509368896 0.12381011247634888
vt 0.9920887351036072 0.1247626543045044
vt 0.9858191609382629 0.15880316495895386
vt 0.9986818432807922 0.18786299228668213
vt 0.9972473382949829 0.11856776475906372
vt 0.9995038509368896 0.19281917810440063
vt 0.9880495667457581 0.19235539436340332
vt 0.9666470289230347 0.1896800398826599
vt 0.9970098733901978 0.10150706768035889
vt 0.9712880253791809 0.16684263944625854
vt 0.6405550837516785 0.05629432201385498
vt 0.650402843952179 0.05629432201385498
vt 0.6498242020606995 0.05895388126373291
vt 0.5304386615753174 0.5899240970611572
vt 0.5313339233398438 0.5953013896942139
vt 0.5313339233398438 0.5695922374725342
vt 0.6593554019927979 0.464982271194458
vt 0.6593554019927979 0.46054965257644653
vt 0.6539838910102844 0.46378010511398315
vt 0.15400999784469604 0.14140069484710693
vt 0.15711727738380432 0.13951373100280762
vt 0.15264099836349487 0.13628822565078735
vt 0.15400999784469604 0.13253545761108398
vt 0.5474485158920288 0.6458333730697632
vt 0.5581915974617004 0.6458333730697632
vt 0.5571863651275635 0.647606372833252
vt 0.4668755531311035 0.09884750843048096
vt 0.4668755531311035 0.0935283899307251
vt 0.46329453587532043 0.09423208236694336
vt 0.9753804802894592 0.0828900933265686
vt 0.9789615273475647 0.0828900933265686
vt 0.9783539772033691 0.08732271194458008
vt 0.5017905235290527 0.02704441547393799
vt 0.5062667727470398 0.027362585067749023
vt 0.5024910569190979 0.03046858310699463
vt 0.5049525499343872 0.03501772880554199
vt 0.5049525499343872 0.019060254096984863
vt 0.4158460199832916 0.721187949180603
vt 0.4158460199832916 0.7176418304443359
vt 0.4113697409629822 0.7208494544029236
vt 0.7124847769737244 0.6272465586662292
vt 0.7094162702560425 0.6270995140075684
vt 0.7123679518699646 0.6227728128433228
vt 0.7092242240905762 0.6309217214584351
vt 0.7049555778503418 0.6236885786056519
vt 0.6933879256248474 0.6279543042182922
vt 0.7051131725311279 0.6331564784049988
vt 0.689919114112854 0.63163822889328
vt 0.6944145560264587 0.623691201210022
vt 0.6879807114601135 0.6222558617591858
vt 0.6992453336715698 0.6471085548400879
vt 0.6907638311386108 0.6456112861633301
vt 0.6885648965835571 0.6401108503341675
vt 0.7042790651321411 0.6493794322013855
vt 0.6868576407432556 0.6269028186798096
vt 0.6896889805793762 0.6484826803207397
vt 0.7189592123031616 0.6479622721672058
vt 0.719337522983551 0.6329440474510193
vt 0.689753532409668 0.6431621313095093
vt 0.7148406505584717 0.6314176321029663
vt 0.7189592123031616 0.6253615617752075
vt 0.6835272908210754 0.6183511018753052
vt 0.2949865758419037 0.9817848205566406
vt 0.29319605231285095 0.977393627166748
vt 0.29319605231285095 0.9827127456665039
vt 0.7891914248466492 0.1777482032775879
vt 0.7978781461715698 0.19428086280822754
vt 0.7864816188812256 0.19632387161254883
vt 0.7980184555053711 0.19890230894088745
vt 0.7904876470565796 0.20713764429092407
vt 0.7981199622154236 0.20641887187957764
vt 0.7978781461715698 0.20966309309005737
vt 0.45198148488998413 0.9490247964859009
vt 0.44180840253829956 0.9428191781044006
vt 0.45971351861953735 0.9428191184997559
vt 0.019350597634911537 0.3222517967224121
vt 0.004028648138046265 0.31515955924987793
vt 0.018771668896079063 0.31596213579177856
vt 0.022829005494713783 0.31515955924987793
vt 0.11219841241836548 0.4216231107711792
vt 0.1410171538591385 0.42154252529144287
vt 0.1403849571943283 0.42517876625061035
vt 0.1696508526802063 0.4216231107711792
vt 0.12701426446437836 0.4268617033958435
vt 0.10608773678541183 0.4246584177017212
vt 0.9164362549781799 0.973847508430481
vt 0.9217203855514526 0.9809397459030151
vt 0.9272333979606628 0.973847508430481
vt 0.9324082136154175 0.9788417816162109
vt 0.9136078953742981 0.9806342124938965
vt 0.9610564112663269 0.8505674600601196
vt 0.9610564112663269 0.867464542388916
vt 0.9583706259727478 0.8510352373123169
vt 0.9594116806983948 0.8390957117080688
vt 0.184870183467865 0.14406025409698486
vt 0.184870183467865 0.13785463571548462
vt 0.18039391934871674 0.13900268077850342
vt 0.9137114882469177 0.9867592453956604
vt 0.9138370752334595 0.9920235872268677
vt 0.910922110080719 0.993750274181366
vt 0.9315544962882996 0.9943551421165466
vt 0.9130978584289551 0.9978654384613037
vt 0.9317744970321655 0.985406756401062
vt 0.9137589931488037 0.9876267313957214
vt 0.9440465569496155 0.9853723645210266
vt 0.9381997585296631 0.998670220375061
vt 0.9440465569496155 0.9952839612960815
vt 0.2350044697523117 0.10036313533782959
vt 0.23321396112442017 0.09441488981246948
vt 0.23321396112442017 0.10682624578475952
vt 0.496797114610672 0.22814542055130005
vt 0.4818410277366638 0.23167312145233154
vt 0.4688209891319275 0.23860502243041992
vt 0.4825422465801239 0.24441087245941162
vt 0.5088925957679749 0.23854917287826538
vt 0.48998138308525085 0.2076757550239563
vt 0.4471002221107483 0.23114562034606934
vt 0.46437573432922363 0.255606472492218
vt 0.42223432660102844 0.25639522075653076
vt 0.5103927254676819 0.23183655738830566
vt 0.5181423425674438 0.21998107433319092
vt 0.4516447186470032 0.25178229808807373
vt 0.5021266937255859 0.25037336349487305
vt 0.4907315671443939 0.26909762620925903
vt 0.4344576299190521 0.28694456815719604
vt 0.47895848751068115 0.2762952446937561
vt 0.4107927083969116 0.2744084596633911
vt 0.41500207781791687 0.28312385082244873
vt 0.41878119111061096 0.2905237078666687
vt 0.4989382028579712 0.2785705327987671
vt 0.4993078410625458 0.2654626965522766
vt 0.5141761302947998 0.24991214275360107
vt 0.5110728740692139 0.24734896421432495
vt 0.49178752303123474 0.28297919034957886
vt 0.5102882981300354 0.28521913290023804
vt 0.5088399648666382 0.28801870346069336
vt 0.5128733515739441 0.2778930068016052
vt 0.49072349071502686 0.296164333820343
vt 0.41970497369766235 0.29381537437438965
vt 0.4439848065376282 0.2893003821372986
vt 0.4253239333629608 0.31008708477020264
vt 0.44374337792396545 0.31231826543807983
vt 0.42815718054771423 0.31742358207702637
vt 0.44729363918304443 0.22153240442276
vt 0.4852009117603302 0.19677972793579102
vt 0.507843017578125 0.1857869029045105
vt 0.4982186555862427 0.1797659993171692
vt 0.5260356664657593 0.17878127098083496
vt 0.5085998773574829 0.17141103744506836
vt 0.540643036365509 0.16839706897735596
vt 0.4773183763027191 0.18270069360733032
vt 0.5435514450073242 0.1834268569946289
vt 0.4264688193798065 0.22820520401000977
vt 0.5559702515602112 0.1806929111480713
vt 0.5587932467460632 0.1846877932548523
vt 0.56111741065979 0.17058593034744263
vt 0.43193838000297546 0.23407471179962158
vt 0.4040427505970001 0.23544573783874512
vt 0.41153350472450256 0.2146141529083252
vt 0.3915409743785858 0.2276955246925354
vt 0.38964661955833435 0.21493887901306152
vt 0.4098632335662842 0.202861487865448
vt 0.4470762312412262 0.2015555500984192
vt 0.39773619174957275 0.19745373725891113
vt 0.3888101577758789 0.2068517804145813
vt 0.38279813528060913 0.1811732053756714
vt 0.40803083777427673 0.1853235363960266
vt 0.3954009711742401 0.17501217126846313
vt 0.37950432300567627 0.1669977903366089
vt 0.3778802454471588 0.1591312289237976
vt 0.42596253752708435 0.18466085195541382
vt 0.4540356397628784 0.18492138385772705
vt 0.37645480036735535 0.16005825996398926
vt 0.47108107805252075 0.1916828751564026
vt 0.5491248369216919 0.2011163830757141
vt 0.5568263530731201 0.19988936185836792
vt 0.5528186559677124 0.2221812605857849
vt 0.5297666788101196 0.22841739654541016
vt 0.5432171821594238 0.23692750930786133
vt 0.5519193410873413 0.23959285020828247
vt 0.5506570935249329 0.2703596353530884
vt 0.5276026725769043 0.265214204788208
vt 0.5290555953979492 0.27616387605667114
vt 0.5127789974212646 0.2719532251358032
vt 0.5216633081436157 0.2940104007720947
vt 0.5476120114326477 0.29347753524780273
vt 0.5470946431159973 0.29906463623046875
vt 0.5201900601387024 0.31105273962020874
vt 0.5143679976463318 0.31536829471588135
vt 0.5216799974441528 0.32229703664779663
vt 0.5150179862976074 0.32757091522216797
vt 0.5115107893943787 0.3145660161972046
vt 0.5482186675071716 0.3101484775543213
vt 0.5114867687225342 0.2922295331954956
vt 0.5499920845031738 0.28667348623275757
vt 0.5282983183860779 0.2459619641304016
vt 0.44560790061950684 0.21162736415863037
vt 0.5181432366371155 0.16503006219863892
vt 0.5420998334884644 0.1591312289237976
vt 0.4789521098136902 0.17290163040161133
vt 0.40104150772094727 0.23778754472732544
vt 0.42259681224823 0.24309444427490234
vt 0.4309593737125397 0.24483495950698853
vt 0.5626678466796875 0.16330671310424805
vt 0.5246371030807495 0.1987513303756714
vt 0.4666233956813812 0.3060745596885681
vt 0.5200285315513611 0.2406996488571167
vt 0.3971547782421112 0.24188083410263062
vt 0.5358926057815552 0.3248865604400635
vt 0.5527575016021729 0.3259943723678589
vt 0.41899940371513367 0.2603123188018799
vt 0.5122530460357666 0.2579023838043213
vt 0.511995792388916 0.26465046405792236
vt 0.5164394974708557 0.2636263966560364
vt 0.5123918056488037 0.24948132038116455
vt 0.3939489722251892 0.23535746335983276
vt 0.40316343307495117 0.2531163692474365
vt 0.4065644443035126 0.26223742961883545
vt 0.886939287185669 0.014627635478973389
vt 0.9180841445922852 0.012029886245727539
vt 0.8981629014015198 0.0013297796249389648
vt 0.8760071396827698 0.0013297796249389648
vt 0.8464637398719788 0.7306678891181946
vt 0.8553588390350342 0.7052304744720459
vt 0.8652641177177429 0.7122520208358765
vt 0.8614252209663391 0.7369983196258545
vt 0.8652641177177429 0.7338022589683533
vt 0.8623870015144348 0.7574857473373413
vt 0.8513617515563965 0.7584220170974731
vt 0.5080572962760925 0.08554965257644653
vt 0.49802759289741516 0.04748046398162842
vt 0.5080572962760925 0.04299646615982056
vt 0.4964189827442169 0.07374638319015503
vt 0.6114752292633057 0.3812095522880554
vt 0.5877349972724915 0.3727836608886719
vt 0.6016190052032471 0.3860815763473511
vt 0.6172783970832825 0.3727836608886719
vt 0.13698267936706543 0.4467442035675049
vt 0.1374005526304245 0.4339538812637329
vt 0.12874244153499603 0.4479379653930664
vt 0.12402324378490448 0.4339538812637329
vt 0.12399283796548843 0.4479105472564697
vt 0.13921217620372772 0.4507978558540344
vt 0.5410202145576477 0.11673712730407715
vt 0.5280910730361938 0.1142110824584961
vt 0.5328483581542969 0.1334061622619629
vt 0.5428891777992249 0.12793755531311035
vt 0.533067524433136 0.11391842365264893
vt 0.5447627305984497 0.1325300931930542
vt 0.5186935067176819 0.11391842365264893
vt 0.5170098543167114 0.13342195749282837
vt 0.5435267090797424 0.11538314819335938
vt 0.022829005494713783 0.2681737542152405
vt 0.022829005494713783 0.2859042286872864
vt 0.021038496866822243 0.27342087030410767
vt 0.175213024020195 0.31733739376068115
vt 0.17909133434295654 0.31777679920196533
vt 0.17949864268302917 0.32361239194869995
vt 0.17622946202754974 0.3252026438713074
vt 0.17949865758419037 0.31072694063186646
vt 0.16536040604114532 0.3281658887863159
vt 0.16933250427246094 0.3298669457435608
vt 0.1633840650320053 0.3216657042503357
vt 0.1680329293012619 0.3115382790565491
vt 0.16430792212486267 0.31424957513809204
vt 0.1663152277469635 0.3346630930900574
vt 0.9888092875480652 0.30008864402770996
vt 0.9888092875480652 0.31072694063186646
vt 0.9825425148010254 0.3073296546936035
f 2663/2663 2608/2608 2562/2562
f 2608/2608 2626/2626 2562/2562
f 2608/2608 2617/2617 2626/2626
f 2214/2214 2215/2215 2204/2204
f 2204/2204 2215/2215 2207/2207
f 2607/2607 2605/2605 2608/2608
f 2607/2607 2608/2608 2663/2663
f 2562/2562 2556/2556 2563/2563
f 2626/2626 2559/2559 2562/2562
f 2562/2562 2559/2559 2556/2556
f 2626/2626 2629/2629 2559/2559
f 2212/2212 2213/2213 2209/2209
f 2209/2209 2213/2213 2214/2214
f 2602/2602 2604/2604 2605/2605
f 2602/2602 2605/2605 2607/2607
f 2563/2563 2556/2556 2552/2552
f 2605/2605 2606/2606 2608/2608
f 2608/2608 2606/2606 2617/2617
f 2617/2617 2619/2619 2626/2626
f 2626/2626 2619/2619 2629/2629
f 2559/2559 2629/2629 2560/2560
f 1479/1479 1496/1496 1498/1498
f 3702/3702 3706/3706 3707/3707
f 1479/1479 1498/1498 1480/1480
f 3699/3699 3693/3693 3702/3702
f 3702/3702 3693/3693 3694/3694
f 3702/3702 3694/3694 3706/3706
f 2198/2198 2204/2204 2200/2200
f 2208/2208 2212/2212 2209/2209
f 2198/2198 2209/2209 2204/2204
f 2204/2204 2207/2207 2200/2200
f 2200/2200 2207/2207 2210/2210
f 2552/2552 2556/2556 2550/2550
f 2556/2556 2559/2559 2550/2550
f 2617/2617 2618/2618 2619/2619
f 2629/2629 2619/2619 2560/2560
f 2564/2564 2531/2531 2530/2530
f 3699/3699 3698/3698 3688/3688
f 3699/3699 3688/3688 3693/3693
f 3693/3693 3688/3688 3687/3687
f 3693/3693 3687/3687 3686/3686
f 3693/3693 3686/3686 3694/3694
f 3694/3694 3686/3686 3683/3683
f 3706/3706 3694/3694 3707/3707
f 2564/2564 2532/2532 2531/2531
f 3707/3707 3694/3694 3692/3692
f 3694/3694 3680/3680 3692/3692
f 2209/2209 2198/2198 2202/2202
f 2200/2200 2210/2210 2211/2211
f 2210/2210 2216/2216 2211/2211
f 2552/2552 2546/2546 2551/2551
f 2552/2552 2550/2550 2546/2546
f 2604/2604 2606/2606 2605/2605
f 2617/2617 2614/2614 2618/2618
f 2560/2560 2557/2557 2550/2550
f 2530/2530 2528/2528 2529/2529
f 1500/1500 1499/1499 1474/1474
f 1474/1474 1499/1499 1472/1472
f 3698/3698 3689/3689 3688/3688
f 3683/3683 3680/3680 3694/3694
f 3680/3680 3672/3672 3692/3692
f 2600/2600 2599/2599 2601/2601
f 2590/2590 2589/2589 2599/2599
f 2599/2599 2589/2589 2601/2601
f 2601/2601 2594/2594 2621/2621
f 2601/2601 2589/2589 2594/2594
f 2621/2621 2594/2594 2593/2593
f 2186/2186 2203/2203 2188/2188
f 2188/2188 2203/2203 2202/2202
f 2188/2188 2202/2202 2195/2195
f 2589/2589 2593/2593 2594/2594
f 2578/2578 2603/2603 2593/2593
f 2578/2578 2602/2602 2603/2603
f 2602/2602 2580/2580 2604/2604
f 2602/2602 2578/2578 2580/2580
f 2580/2580 2581/2581 2604/2604
f 2604/2604 2581/2581 2606/2606
f 2606/2606 2582/2582 2617/2617
f 2617/2617 2582/2582 2614/2614
f 2550/2550 2557/2557 2553/2553
f 2614/2614 2616/2616 2618/2618
f 2618/2618 2616/2616 2619/2619
f 2619/2619 2616/2616 2560/2560
f 2560/2560 2616/2616 2557/2557
f 2561/2561 2529/2529 2555/2555
f 2661/2661 2529/2529 2561/2561
f 2561/2561 2625/2625 2661/2661
f 2529/2529 2527/2527 2525/2525
f 1489/1489 1500/1500 1488/1488
f 1477/1477 1481/1481 1523/1523
f 1488/1488 1500/1500 1474/1474
f 1500/1500 1536/1536 1499/1499
f 3698/3698 3690/3690 3689/3689
f 3687/3687 3684/3684 3686/3686
f 3686/3686 3667/3667 3683/3683
f 3683/3683 3669/3669 3680/3680
f 3680/3680 3669/3669 3672/3672
f 2598/2598 2600/2600 2628/2628
f 2598/2598 2599/2599 2600/2600
f 2589/2589 2578/2578 2593/2593
f 2581/2581 2582/2582 2606/2606
f 2550/2550 2553/2553 2545/2545
f 2613/2613 2614/2614 2582/2582
f 2614/2614 2613/2613 2615/2615
f 2614/2614 2615/2615 2616/2616
f 2615/2615 2558/2558 2616/2616
f 2616/2616 2558/2558 2557/2557
f 2557/2557 2558/2558 2553/2553
f 2558/2558 2554/2554 2553/2553
f 2615/2615 2620/2620 2558/2558
f 2558/2558 2555/2555 2554/2554
f 2615/2615 2624/2624 2620/2620
f 2620/2620 2622/2622 2558/2558
f 2622/2622 2561/2561 2558/2558
f 2558/2558 2561/2561 2555/2555
f 2620/2620 2625/2625 2622/2622
f 2555/2555 2529/2529 2525/2525
f 2624/2624 2627/2627 2620/2620
f 2627/2627 2625/2625 2620/2620
f 2622/2622 2625/2625 2561/2561
f 1491/1491 1516/1516 1489/1489
f 1489/1489 1488/1488 1486/1486
f 1491/1491 1489/1489 1486/1486
f 1516/1516 1542/1542 1489/1489
f 1488/1488 1474/1474 1471/1471
f 1495/1495 1485/1485 1497/1497
f 1489/1489 1542/1542 1539/1539
f 1489/1489 1537/1537 1500/1500
f 1489/1489 1539/1539 1537/1537
f 1485/1485 1475/1475 1497/1497
f 1497/1497 1475/1475 1477/1477
f 1537/1537 1538/1538 1536/1536
f 1537/1537 1536/1536 1500/1500
f 3690/3690 3657/3657 3689/3689
f 3657/3657 3659/3659 3689/3689
f 3689/3689 3659/3659 3688/3688
f 3659/3659 3684/3684 3688/3688
f 3688/3688 3684/3684 3687/3687
f 3686/3686 3684/3684 3667/3667
f 3667/3667 3669/3669 3683/3683
f 3669/3669 3670/3670 3672/3672
f 2598/2598 2588/2588 2599/2599
f 2587/2587 2590/2590 2599/2599
f 2590/2590 2575/2575 2589/2589
f 2589/2589 2575/2575 2578/2578
f 2575/2575 2577/2577 2578/2578
f 2578/2578 2577/2577 2580/2580
f 2546/2546 2543/2543 2547/2547
f 2546/2546 2545/2545 2543/2543
f 2577/2577 2579/2579 2580/2580
f 2580/2580 2579/2579 2581/2581
f 2545/2545 2553/2553 2548/2548
f 2581/2581 2579/2579 2582/2582
f 2579/2579 2583/2583 2582/2582
f 2582/2582 2583/2583 2613/2613
f 2613/2613 2583/2583 2615/2615
f 2583/2583 2612/2612 2615/2615
f 2583/2583 2597/2597 2612/2612
f 2612/2612 2624/2624 2615/2615
f 2612/2612 2630/2630 2624/2624
f 2555/2555 2524/2524 2554/2554
f 2631/2631 2630/2630 2612/2612
f 2555/2555 2525/2525 2524/2524
f 2631/2631 2632/2632 2630/2630
f 1511/1511 1517/1517 1494/1494
f 1511/1511 1561/1561 1517/1517
f 1494/1494 1517/1517 1492/1492
f 2630/2630 2636/2636 2624/2624
f 2624/2624 2636/2636 2627/2627
f 1517/1517 1561/1561 1543/1543
f 1517/1517 1543/1543 1516/1516
f 1517/1517 1516/1516 1492/1492
f 2632/2632 2636/2636 2630/2630
f 1516/1516 1543/1543 1541/1541
f 1516/1516 1541/1541 1542/1542
f 2632/2632 2665/2665 2636/2636
f 1539/1539 1540/1540 1538/1538
f 1539/1539 1538/1538 1537/1537
f 3659/3659 3667/3667 3684/3684
f 3667/3667 3668/3668 3669/3669
f 3669/3669 3668/3668 3670/3670
f 3670/3670 3679/3679 3672/3672
f 3696/3696 3660/3660 3691/3691
f 3691/3691 3660/3660 3657/3657
f 2206/2206 2205/2205 2217/2217
f 2189/2189 2186/2186 2185/2185
f 2598/2598 2595/2595 2588/2588
f 2588/2588 2587/2587 2599/2599
f 2587/2587 2573/2573 2590/2590
f 2590/2590 2573/2573 2575/2575
f 2573/2573 2574/2574 2575/2575
f 2575/2575 2574/2574 2577/2577
f 2579/2579 2586/2586 2583/2583
f 2586/2586 2597/2597 2583/2583
f 2553/2553 2554/2554 2549/2549
f 2611/2611 2612/2612 2597/2597
f 2633/2633 2631/2631 2611/2611
f 2611/2611 2631/2631 2612/2612
f 2554/2554 2524/2524 2549/2549
f 1527/1527 1557/1557 1506/1506
f 1527/1527 1560/1560 1557/1557
f 1506/1506 1557/1557 1511/1511
f 1506/1506 1511/1511 1504/1504
f 2633/2633 2632/2632 2631/2631
f 1511/1511 1557/1557 1561/1561
f 5061/5061 5060/5060 5062/5062
f 5061/5061 5062/5062 5063/5063
f 2633/2633 2634/2634 2632/2632
f 1561/1561 1544/1544 1543/1543
f 2634/2634 2665/2665 2632/2632
f 1540/1540 1539/1539 1541/1541
f 1541/1541 1539/1539 1542/1542
f 3659/3659 3662/3662 3664/3664
f 3659/3659 3664/3664 3667/3667
f 3667/3667 3664/3664 3668/3668
f 3670/3670 3668/3668 3679/3679
f 2668/2668 2595/2595 2598/2598
f 2572/2572 2574/2574 2573/2573
f 2577/2577 2585/2585 2579/2579
f 2585/2585 2586/2586 2579/2579
f 2545/2545 2548/2548 2540/2540
f 2586/2586 2611/2611 2597/2597
f 1509/1509 1526/1526 1527/1527
f 1509/1509 1527/1527 1506/1506
f 1526/1526 1560/1560 1527/1527
f 5059/5059 5060/5060 5061/5061
f 1507/1507 1502/1502 1501/1501
f 2637/2637 2635/2635 2633/2633
f 2526/2526 2535/2535 2524/2524
f 5062/5062 5064/5064 5063/5063
f 1501/1501 1493/1493 1487/1487
f 2635/2635 2634/2634 2633/2633
f 1544/1544 1540/1540 1543/1543
f 1544/1544 1545/1545 1540/1540
f 3685/3685 3660/3660 3696/3696
f 3657/3657 3660/3660 3658/3658
f 3657/3657 3658/3658 3659/3659
f 3659/3659 3658/3658 3662/3662
f 2218/2218 2217/2217 2205/2205
f 2217/2217 2220/2220 2221/2221
f 2568/2568 2570/2570 2588/2588
f 2588/2588 2570/2570 2587/2587
f 2570/2570 2573/2573 2587/2587
f 2572/2572 2584/2584 2574/2574
f 2584/2584 2585/2585 2574/2574
f 2574/2574 2585/2585 2577/2577
f 2545/2545 2540/2540 2543/2543
f 2548/2548 2549/2549 2540/2540
f 2638/2638 2611/2611 2586/2586
f 2638/2638 2633/2633 2611/2611
f 2549/2549 2524/2524 2540/2540
f 2656/2656 2655/2655 2638/2638
f 2657/2657 2655/2655 2656/2656
f 2638/2638 2637/2637 2633/2633
f 1526/1526 1509/1509 1510/1510
f 2657/2657 2667/2667 2659/2659
f 2657/2657 2658/2658 2667/2667
f 2657/2657 2659/2659 2655/2655
f 2638/2638 2655/2655 2637/2637
f 1559/1559 1550/1550 1549/1549
f 1560/1560 1559/1559 1549/1549
f 1548/1548 1547/1547 1544/1544
f 1547/1547 1546/1546 1544/1544
f 1546/1546 1545/1545 1544/1544
f 3658/3658 3678/3678 3662/3662
f 3506/3506 3508/3508 3473/3473
f 3703/3703 3666/3666 3685/3685
f 3685/3685 3663/3663 3660/3660
f 3663/3663 3661/3661 3660/3660
f 3661/3661 3658/3658 3660/3660
f 2595/2595 2592/2592 2588/2588
f 2648/2648 2649/2649 2666/2666
f 2666/2666 2649/2649 2569/2569
f 2569/2569 2571/2571 2570/2570
f 2570/2570 2572/2572 2573/2573
f 2649/2649 2651/2651 2569/2569
f 2651/2651 2571/2571 2569/2569
f 2570/2570 2571/2571 2572/2572
f 2647/2647 2646/2646 2648/2648
f 2648/2648 2646/2646 2649/2649
f 2649/2649 2650/2650 2651/2651
f 2646/2646 2650/2650 2649/2649
f 2651/2651 2650/2650 2652/2652
f 2651/2651 2652/2652 2571/2571
f 2652/2652 2623/2623 2571/2571
f 2576/2576 2572/2572 2571/2571
f 2646/2646 2643/2643 2650/2650
f 2650/2650 2641/2641 2652/2652
f 2572/2572 2576/2576 2584/2584
f 2639/2639 2656/2656 2584/2584
f 2584/2584 2656/2656 2585/2585
f 2585/2585 2656/2656 2638/2638
f 2639/2639 2657/2657 2656/2656
f 1513/1513 1510/1510 1512/1512
f 2660/2660 2658/2658 2639/2639
f 1525/1525 1524/1524 1519/1519
f 1519/1519 1524/1524 1518/1518
f 1518/1518 1510/1510 1513/1513
f 1510/1510 1508/1508 1512/1512
f 2639/2639 2658/2658 2657/2657
f 1524/1524 1528/1528 1518/1518
f 1528/1528 1526/1526 1518/1518
f 1518/1518 1526/1526 1510/1510
f 1524/1524 1529/1529 1528/1528
f 1528/1528 1533/1533 1526/1526
f 2535/2535 2536/2536 2524/2524
f 1524/1524 1530/1530 1529/1529
f 1533/1533 1556/1556 1526/1526
f 1526/1526 1556/1556 1551/1551
f 1526/1526 1551/1551 1560/1560
f 1560/1560 1551/1551 1559/1559
f 1549/1549 1550/1550 1546/1546
f 1549/1549 1546/1546 1547/1547
f 3703/3703 3697/3697 3666/3666
f 3661/3661 3673/3673 3658/3658
f 3658/3658 3673/3673 3678/3678
f 3666/3666 3663/3663 3685/3685
f 2220/2220 2223/2223 2222/2222
f 2592/2592 2591/2591 2588/2588
f 2591/2591 2568/2568 2588/2588
f 2568/2568 2666/2666 2569/2569
f 2568/2568 2569/2569 2570/2570
f 2669/2669 2647/2647 2648/2648
f 2814/2814 2807/2807 2810/2810
f 2623/2623 2576/2576 2571/2571
f 2664/2664 2645/2645 2647/2647
f 2814/2814 2810/2810 2812/2812
f 2647/2647 2645/2645 2646/2646
f 2645/2645 2643/2643 2646/2646
f 2643/2643 2641/2641 2650/2650
f 2641/2641 2640/2640 2623/2623
f 2641/2641 2623/2623 2652/2652
f 2623/2623 2639/2639 2576/2576
f 2576/2576 2639/2639 2584/2584
f 2645/2645 2644/2644 2643/2643
f 2643/2643 2644/2644 2642/2642
f 2643/2643 2642/2642 2641/2641
f 2641/2641 2642/2642 2640/2640
f 2640/2640 2639/2639 2623/2623
f 3488/3488 3487/3487 3484/3484
f 2640/2640 2660/2660 2639/2639
f 2642/2642 2660/2660 2640/2640
f 1520/1520 1519/1519 1515/1515
f 1515/1515 1519/1519 1518/1518
f 1515/1515 1518/1518 1513/1513
f 3266/3266 3278/3278 3271/3271
f 1532/1532 1531/1531 1525/1525
f 1525/1525 1531/1531 1524/1524
f 2896/2896 2901/2901 2902/2902
f 1529/1529 1535/1535 1533/1533
f 1528/1528 1529/1529 1533/1533
f 1535/1535 1556/1556 1533/1533
f 1532/1532 1534/1534 1531/1531
f 1531/1531 1530/1530 1524/1524
f 4095/4095 4094/4094 4093/4093
f 1531/1531 1534/1534 1530/1530
f 1559/1559 1551/1551 1550/1550
f 1551/1551 1552/1552 1546/1546
f 1551/1551 1546/1546 1550/1550
f 3663/3663 3665/3665 3661/3661
f 3665/3665 3673/3673 3661/3661
f 2225/2225 2223/2223 2220/2220
f 2223/2223 2224/2224 2222/2222
f 2596/2596 2591/2591 2592/2592
f 2662/2662 2568/2568 2591/2591
f 2662/2662 2666/2666 2568/2568
f 1898/1898 1903/1903 1904/1904
f 3487/3487 3489/3489 3486/3486
f 2645/2645 2664/2664 2653/2653
f 2645/2645 2653/2653 2644/2644
f 3451/3451 3452/3452 3453/3453
f 3449/3449 3450/3450 3451/3451
f 2813/2813 2815/2815 2816/2816
f 2813/2813 2816/2816 2817/2817
f 2644/2644 2654/2654 2642/2642
f 3456/3456 3457/3457 3455/3455
f 3456/3456 3455/3455 3449/3449
f 3458/3458 3457/3457 3456/3456
f 2901/2901 2896/2896 2899/2899
f 1535/1535 1558/1558 1556/1556
f 4093/4093 4094/4094 4090/4090
f 4093/4093 4090/4090 4092/4092
f 1556/1556 1558/1558 1553/1553
f 1553/1553 1551/1551 1556/1556
f 1553/1553 1552/1552 1551/1551
f 3695/3695 3671/3671 3697/3697
f 3697/3697 3671/3671 3666/3666
f 3666/3666 3671/3671 3665/3665
f 3666/3666 3665/3665 3663/3663
f 4230/4230 4189/4189 4229/4229
f 2609/2609 2591/2591 2596/2596
f 4237/4237 4182/4182 4172/4172
f 2807/2807 2809/2809 2810/2810
f 2809/2809 2811/2811 2810/2810
f 2810/2810 2811/2811 2812/2812
f 2812/2812 2811/2811 2813/2813
f 3453/3453 3454/3454 3462/3462
f 3453/3453 3462/3462 3463/3463
f 2811/2811 2815/2815 2813/2813
f 3452/3452 3454/3454 3453/3453
f 3450/3450 3454/3454 3452/3452
f 3451/3451 3450/3450 3452/3452
f 4067/4067 4065/4065 4068/4068
f 3449/3449 3455/3455 3450/3450
f 3458/3458 3459/3459 3457/3457
f 3460/3460 3459/3459 3458/3458
f 4059/4059 4061/4061 4062/4062
f 4054/4054 4057/4057 4058/4058
f 4090/4090 4088/4088 4092/4092
f 3708/3708 3704/3704 3705/3705
f 1558/1558 1555/1555 1553/1553
f 1555/1555 1554/1554 1553/1553
f 3705/3705 3676/3676 3695/3695
f 1554/1554 1552/1552 1553/1553
f 3674/3674 3654/3654 3656/3656
f 3676/3676 3671/3671 3695/3695
f 3671/3671 3675/3675 3674/3674
f 4125/4125 4113/4113 4114/4114
f 4125/4125 4127/4127 4113/4113
f 4113/4113 4127/4127 4109/4109
f 4128/4128 4127/4127 4125/4125
f 2225/2225 2227/2227 2223/2223
f 5079/5079 5080/5080 5081/5081
f 2609/2609 2610/2610 2591/2591
f 4229/4229 4189/4189 4188/4188
f 2610/2610 2662/2662 2591/2591
f 4182/4182 4169/4169 4172/4172
f 4172/4172 4169/4169 4171/4171
f 4169/4169 4170/4170 4171/4171
f 4171/4171 4170/4170 4180/4180
f 4045/4045 4050/4050 4051/4051
f 4068/4068 4065/4065 4045/4045
f 4173/4173 4174/4174 4175/4175
f 4066/4066 4065/4065 4067/4067
f 4066/4066 4064/4064 4065/4065
f 3459/3459 3461/3461 3457/3457
f 3460/3460 3461/3461 3459/3459
f 4061/4061 4063/4063 4062/4062
f 2896/2896 2897/2897 2898/2898
f 4057/4057 4061/4061 4059/4059
f 2896/2896 2898/2898 2899/2899
f 4090/4090 4091/4091 4087/4087
f 4056/4056 4060/4060 4053/4053
f 3704/3704 3700/3700 3705/3705
f 3654/3654 3651/3651 3656/3656
f 3705/3705 3700/3700 3676/3676
f 3676/3676 3675/3675 3671/3671
f 4112/4112 4109/4109 4110/4110
f 4110/4110 4109/4109 4105/4105
f 4105/4105 4109/4109 4106/4106
f 4105/4105 4106/4106 4102/4102
f 4102/4102 4106/4106 4126/4126
f 4465/4465 4468/4468 4466/4466
f 715/715 698/698 718/718
f 4109/4109 4131/4131 4106/4106
f 4127/4127 4129/4129 4109/4109
f 4109/4109 4129/4129 4131/4131
f 4125/4125 4165/4165 4128/4128
f 4127/4127 4130/4130 4129/4129
f 4128/4128 4165/4165 4140/4140
f 4128/4128 4130/4130 4127/4127
f 4186/4186 4185/4185 4194/4194
f 4185/4185 4189/4189 4194/4194
f 4185/4185 4188/4188 4189/4189
f 4184/4184 4181/4181 4182/4182
f 4184/4184 4182/4182 4185/4185
f 4185/4185 4182/4182 4188/4188
f 4181/4181 4202/4202 4179/4179
f 4181/4181 4169/4169 4182/4182
f 4181/4181 4179/4179 4169/4169
f 4179/4179 4170/4170 4169/4169
f 4179/4179 4176/4176 4170/4170
f 4176/4176 4180/4180 4170/4170
f 4179/4179 4178/4178 4176/4176
f 4176/4176 4173/4173 4180/4180
f 4173/4173 4176/4176 4174/4174
f 4045/4045 4046/4046 4047/4047
f 4065/4065 4046/4046 4045/4045
f 4176/4176 4177/4177 4174/4174
f 4064/4064 4063/4063 4065/4065
f 2897/2897 2900/2900 2898/2898
f 4057/4057 4070/4070 4061/4061
f 4061/4061 4070/4070 4063/4063
f 2898/2898 2903/2903 2899/2899
f 4090/4090 4087/4087 4088/4088
f 4060/4060 4069/4069 4057/4057
f 4057/4057 4069/4069 4070/4070
f 3704/3704 3701/3701 3700/3700
f 3700/3700 3701/3701 3677/3677
f 3655/3655 3652/3652 3654/3654
f 3654/3654 3652/3652 3651/3651
f 3651/3651 3652/3652 3653/3653
f 4056/4056 4069/4069 4060/4060
f 4099/4099 4102/4102 4101/4101
f 4103/4103 4102/4102 4099/4099
f 3856/3856 3855/3855 3858/3858
f 4111/4111 4110/4110 4105/4105
f 715/715 695/695 698/698
f 3857/3857 3859/3859 3855/3855
f 4106/4106 4131/4131 4135/4135
f 4106/4106 4135/4135 4126/4126
f 4135/4135 4137/4137 4126/4126
f 4129/4129 4132/4132 4131/4131
f 4165/4165 4167/4167 4140/4140
f 4130/4130 4133/4133 4129/4129
f 4129/4129 4133/4133 4132/4132
f 4128/4128 4138/4138 4130/4130
f 4138/4138 4133/4133 4130/4130
f 4193/4193 4196/4196 4195/4195
f 4193/4193 4195/4195 4191/4191
f 4191/4191 4192/4192 4193/4193
f 2273/2273 2278/2278 2271/2271
f 4195/4195 4187/4187 4191/4191
f 4191/4191 4190/4190 4192/4192
f 2278/2278 2279/2279 2271/2271
f 4191/4191 4187/4187 4190/4190
f 2278/2278 2282/2282 2279/2279
f 2271/2271 2279/2279 2272/2272
f 4187/4187 4186/4186 4190/4190
f 4190/4190 4186/4186 4194/4194
f 2282/2282 2280/2280 2279/2279
f 2279/2279 2280/2280 2272/2272
f 4187/4187 4184/4184 4186/4186
f 4917/4917 4915/4915 4914/4914
f 1657/1657 1658/1658 1655/1655
f 2280/2280 2276/2276 2272/2272
f 2272/2272 2276/2276 2275/2275
f 4184/4184 4185/4185 4186/4186
f 4202/4202 4201/4201 4179/4179
f 4203/4203 4178/4178 4201/4201
f 4201/4201 4178/4178 4179/4179
f 4183/4183 4177/4177 4178/4178
f 4178/4178 4177/4177 4176/4176
f 4065/4065 4071/4071 4049/4049
f 4065/4065 4049/4049 4046/4046
f 4065/4065 4063/4063 4071/4071
f 4063/4063 4072/4072 4071/4071
f 4070/4070 4072/4072 4063/4063
f 4910/4910 4880/4880 4881/4881
f 4070/4070 4077/4077 4072/4072
f 4077/4077 4123/4123 4072/4072
f 4072/4072 4123/4123 4122/4122
f 4087/4087 4086/4086 4088/4088
f 4070/4070 4069/4069 4077/4077
f 4086/4086 4082/4082 4084/4084
f 4084/4084 4082/4082 4083/4083
f 4083/4083 4082/4082 4081/4081
f 4082/4082 4078/4078 4081/4081
f 4081/4081 4078/4078 4069/4069
f 4069/4069 4078/4078 4077/4077
f 4077/4077 4098/4098 4123/4123
f 4123/4123 4100/4100 4122/4122
f 4122/4122 4100/4100 4104/4104
f 4100/4100 4101/4101 4104/4104
f 4100/4100 4099/4099 4101/4101
f 4097/4097 4103/4103 4099/4099
f 4107/4107 4108/4108 4111/4111
f 4097/4097 4105/4105 4103/4103
f 4131/4131 4134/4134 4135/4135
f 4132/4132 4134/4134 4131/4131
f 4140/4140 4167/4167 4141/4141
f 4140/4140 4138/4138 4128/4128
f 4138/4138 4139/4139 4133/4133
f 4140/4140 4141/4141 4138/4138
f 4199/4199 4198/4198 4197/4197
f 4199/4199 4197/4197 4200/4200
f 2270/2270 2273/2273 2268/2268
f 4197/4197 4196/4196 4193/4193
f 2271/2271 2262/2262 2268/2268
f 4924/4924 4919/4919 4917/4917
f 2271/2271 2272/2272 2262/2262
f 4917/4917 4918/4918 4915/4915
f 2272/2272 2263/2263 2262/2262
f 2272/2272 2275/2275 2263/2263
f 3046/3046 3042/3042 3068/3068
f 2263/2263 2275/2275 2285/2285
f 3068/3068 3042/3042 3041/3041
f 4203/4203 4210/4210 4178/4178
f 4210/4210 4209/4209 4178/4178
f 4178/4178 4209/4209 4183/4183
f 4048/4048 4049/4049 4052/4052
f 4071/4071 4073/4073 4049/4049
f 4049/4049 4073/4073 4052/4052
f 4071/4071 4072/4072 4073/4073
f 4073/4073 4074/4074 4052/4052
f 4213/4213 4214/4214 4183/4183
f 4122/4122 4124/4124 4073/4073
f 4072/4072 4122/4122 4073/4073
f 4122/4122 4104/4104 4124/4124
f 4124/4124 4104/4104 4089/4089
f 4087/4087 4085/4085 4086/4086
f 4082/4082 4080/4080 4078/4078
f 4080/4080 4079/4079 4078/4078
f 4078/4078 4079/4079 4077/4077
f 4077/4077 4096/4096 4098/4098
f 4123/4123 4098/4098 4100/4100
f 4079/4079 4096/4096 4077/4077
f 4098/4098 4099/4099 4100/4100
f 4096/4096 4097/4097 4098/4098
f 4098/4098 4097/4097 4099/4099
f 4096/4096 4108/4108 4107/4107
f 4096/4096 4107/4107 4097/4097
f 4120/4120 4111/4111 4108/4108
f 4462/4462 4458/4458 4463/4463
f 695/695 693/693 694/694
f 695/695 694/694 698/698
f 698/698 694/694 699/699
f 4135/4135 4136/4136 4137/4137
f 4134/4134 4136/4136 4135/4135
f 700/700 720/720 699/699
f 4133/4133 4147/4147 4132/4132
f 4139/4139 4149/4149 4133/4133
f 4204/4204 4198/4198 4199/4199
f 2978/2978 2971/2971 2973/2973
f 2283/2283 2284/2284 2274/2274
f 2274/2274 2270/2270 2269/2269
f 4198/4198 4196/4196 4197/4197
f 4927/4927 4922/4922 4921/4921
f 2270/2270 2265/2265 2269/2269
f 2270/2270 2268/2268 2265/2265
f 2268/2268 2262/2262 2265/2265
f 4919/4919 4920/4920 4918/4918
f 4209/4209 4211/4211 4183/4183
f 4211/4211 4212/4212 4183/4183
f 4212/4212 4213/4213 4183/4183
f 4073/4073 4089/4089 4074/4074
f 4052/4052 4074/4074 4075/4075
f 4390/4390 4382/4382 4384/4384
f 4382/4382 4376/4376 4384/4384
f 4076/4076 4075/4075 4074/4074
f 4213/4213 4216/4216 4214/4214
f 4882/4882 4874/4874 4880/4880
f 4880/4880 4874/4874 4881/4881
f 5007/5007 5008/5008 5009/5009
f 4085/4085 4080/4080 4082/4082
f 4086/4086 4085/4085 4082/4082
f 4085/4085 4119/4119 4080/4080
f 4080/4080 4119/4119 4118/4118
f 4118/4118 4121/4121 4080/4080
f 4080/4080 4121/4121 4079/4079
f 4079/4079 4121/4121 4108/4108
f 4079/4079 4108/4108 4096/4096
f 4085/4085 4117/4117 4119/4119
f 4876/4876 4875/4875 4879/4879
f 4136/4136 4134/4134 4142/4142
f 4132/4132 4143/4143 4134/4134
f 4149/4149 4147/4147 4133/4133
f 4147/4147 4143/4143 4132/4132
f 4141/4141 4150/4150 4138/4138
f 4138/4138 4150/4150 4139/4139
f 4204/4204 4199/4199 4205/4205
f 2291/2291 2284/2284 2283/2283
f 2968/2968 2971/2971 2978/2978
f 2283/2283 2274/2274 2253/2253
f 2274/2274 2269/2269 2253/2253
f 4927/4927 4925/4925 4922/4922
f 2269/2269 2265/2265 2267/2267
f 4922/4922 4923/4923 4920/4920
f 4922/4922 4920/4920 4921/4921
f 2265/2265 2264/2264 2266/2266
f 2265/2265 2262/2262 2264/2264
f 2262/2262 2263/2263 2264/2264
f 4522/4522 4524/4524 4525/4525
f 3033/3033 3082/3082 3026/3026
f 4212/4212 4215/4215 4213/4213
f 4376/4376 4375/4375 4394/4394
f 4382/4382 4377/4377 4376/4376
f 4882/4882 4877/4877 4874/4874
f 4877/4877 4875/4875 4874/4874
f 4874/4874 4875/4875 4876/4876
f 712/712 711/711 693/693
f 699/699 694/694 700/700
f 720/720 700/700 719/719
f 4141/4141 4151/4151 4150/4150
f 4150/4150 4148/4148 4139/4139
f 4206/4206 4204/4204 4205/4205
f 2291/2291 2283/2283 2252/2252
f 2252/2252 2283/2283 2253/2253
f 2968/2968 2970/2970 2971/2971
f 2269/2269 2277/2277 2281/2281
f 2971/2971 2970/2970 2972/2972
f 2269/2269 2267/2267 2277/2277
f 2267/2267 2265/2265 2266/2266
f 3063/3063 3061/3061 3051/3051
f 3061/3061 3064/3064 3056/3056
f 4517/4517 4521/4521 4522/4522
f 4522/4522 4521/4521 4523/4523
f 4522/4522 4523/4523 4524/4524
f 1715/1715 1708/1708 1714/1714
f 1757/1757 1758/1758 1734/1734
f 1735/1735 1761/1761 1736/1736
f 4375/4375 4396/4396 4394/4394
f 4882/4882 4883/4883 4877/4877
f 4877/4877 4878/4878 4875/4875
f 694/694 696/696 700/700
f 4134/4134 4143/4143 4142/4142
f 4143/4143 4144/4144 4142/4142
f 4151/4151 4152/4152 4150/4150
f 4139/4139 4148/4148 4149/4149
f 2293/2293 2294/2294 2291/2291
f 4207/4207 4204/4204 4206/4206
f 2974/2974 2966/2966 2978/2978
f 2978/2978 2966/2966 2968/2968
f 2247/2247 2253/2253 2281/2281
f 2969/2969 2970/2970 2968/2968
f 4929/4929 4930/4930 4928/4928
f 4925/4925 4928/4928 4926/4926
f 4516/4516 4515/4515 4517/4517
f 2266/2266 2264/2264 2288/2288
f 4517/4517 4515/4515 4520/4520
f 4517/4517 4520/4520 4521/4521
f 3619/3619 3620/3620 3615/3615
f 1710/1710 1751/1751 1758/1758
f 1758/1758 1751/1751 1759/1759
f 1761/1761 1762/1762 1736/1736
f 1736/1736 1762/1762 1650/1650
f 1736/1736 1650/1650 1633/1633
f 4215/4215 4217/4217 4213/4213
f 4217/4217 4216/4216 4213/4213
f 4378/4378 4377/4377 4379/4379
f 4216/4216 4217/4217 4219/4219
f 4884/4884 4883/4883 4882/4882
f 4383/4383 4380/4380 4381/4381
f 4883/4883 4886/4886 4877/4877
f 709/709 707/707 708/708
f 693/693 711/711 692/692
f 692/692 691/691 693/693
f 693/693 691/691 694/694
f 694/694 691/691 696/696
f 4149/4149 4148/4148 4147/4147
f 4148/4148 4146/4146 4147/4147
f 4143/4143 4146/4146 4145/4145
f 4143/4143 4145/4145 4144/4144
f 700/700 702/702 719/719
f 4150/4150 4152/4152 4148/4148
f 4147/4147 4146/4146 4143/4143
f 2295/2295 2294/2294 2293/2293
f 4208/4208 4207/4207 4206/4206
f 2252/2252 2253/2253 2247/2247
f 2967/2967 2969/2969 2968/2968
f 2966/2966 2967/2967 2968/2968
f 2281/2281 2236/2236 2247/2247
f 2281/2281 2277/2277 2236/2236
f 2277/2277 2287/2287 2239/2239
f 2267/2267 2286/2286 2287/2287
f 4516/4516 4513/4513 4515/4515
f 4513/4513 4514/4514 4515/4515
f 4515/4515 4514/4514 4520/4520
f 1719/1719 1697/1697 1760/1760
f 1697/1697 1696/1696 1760/1760
f 918/918 919/919 920/920
f 2746/2746 2745/2745 2747/2747
f 2746/2746 2742/2742 2745/2745
f 2745/2745 2742/2742 2744/2744
f 2744/2744 2742/2742 2743/2743
f 2759/2759 2748/2748 2746/2746
f 921/921 922/922 919/919
f 2746/2746 2748/2748 2742/2742
f 919/919 922/922 923/923
f 2742/2742 2741/2741 2743/2743
f 2742/2742 2740/2740 2741/2741
f 4220/4220 4219/4219 4217/4217
f 4377/4377 4380/4380 4379/4379
f 2742/2742 2748/2748 2740/2740
f 2740/2740 2733/2733 2741/2741
f 2748/2748 2749/2749 2740/2740
f 2748/2748 2757/2757 2749/2749
f 4886/4886 4887/4887 4877/4877
f 2749/2749 2739/2739 2740/2740
f 2739/2739 2738/2738 2733/2733
f 2740/2740 2739/2739 2733/2733
f 2733/2733 2738/2738 2731/2731
f 708/708 707/707 706/706
f 708/708 706/706 711/711
f 2738/2738 2737/2737 2731/2731
f 2737/2737 2734/2734 2731/2731
f 2734/2734 2728/2728 2723/2723
f 1192/1192 1191/1191 1196/1196
f 4168/4168 4153/4153 4151/4151
f 4153/4153 4152/4152 4151/4151
f 4146/4146 4154/4154 4145/4145
f 2293/2293 2291/2291 2252/2252
f 2252/2252 2247/2247 2248/2248
f 2974/2974 2967/2967 2966/2966
f 3075/3075 3073/3073 3074/3074
f 2247/2247 2236/2236 2235/2235
f 3065/3065 3005/3005 3013/3013
f 4516/4516 4518/4518 4513/4513
f 211/211 208/208 210/210
f 918/918 908/908 919/919
f 919/919 908/908 921/921
f 75/75 83/83 74/74
f 922/922 921/921 924/924
f 2743/2743 2741/2741 2750/2750
f 2743/2743 2750/2750 2756/2756
f 2756/2756 2750/2750 2752/2752
f 2741/2741 2751/2751 2750/2750
f 2750/2750 2751/2751 2752/2752
f 2751/2751 2753/2753 2752/2752
f 5258/5258 5257/5257 5256/5256
f 5256/5256 5257/5257 5249/5249
f 5249/5249 5253/5253 5250/5250
f 2741/2741 2733/2733 2732/2732
f 2741/2741 2732/2732 2751/2751
f 5260/5260 5261/5261 5262/5262
f 1231/1231 1215/1215 1230/1230
f 2751/2751 2735/2735 2753/2753
f 1215/1215 1213/1213 1230/1230
f 4220/4220 4222/4222 4219/4219
f 4385/4385 4386/4386 4380/4380
f 1215/1215 1210/1210 1213/1213
f 4885/4885 4886/4886 4883/4883
f 4884/4884 4885/4885 4883/4883
f 1213/1213 1210/1210 1211/1211
f 2733/2733 2731/2731 2732/2732
f 2732/2732 2731/2731 2725/2725
f 1211/1211 1204/1204 1212/1212
f 1212/1212 1220/1220 1198/1198
f 1212/1212 1198/1198 1199/1199
f 2725/2725 2731/2731 2723/2723
f 1199/1199 1198/1198 1193/1193
f 2723/2723 2728/2728 2727/2727
f 2727/2727 2728/2728 2729/2729
f 2728/2728 2730/2730 2729/2729
f 696/696 701/701 700/700
f 700/700 701/701 702/702
f 4153/4153 4157/4157 4152/4152
f 4152/4152 4154/4154 4148/4148
f 4148/4148 4154/4154 4146/4146
f 4154/4154 4155/4155 4145/4145
f 2296/2296 2295/2295 2293/2293
f 4221/4221 4218/4218 4208/4208
f 4218/4218 4207/4207 4208/4208
f 2976/2976 2975/2975 2974/2974
f 2974/2974 2975/2975 2967/2967
f 2245/2245 2247/2247 2235/2235
f 3607/3607 3606/3606 3610/3610
f 4510/4510 4512/4512 4518/4518
f 4518/4518 4512/4512 4519/4519
f 4518/4518 4519/4519 4513/4513
f 3627/3627 3624/3624 3633/3633
f 3824/3824 3830/3830 3831/3831
f 3830/3830 3824/3824 3826/3826
f 897/897 906/906 916/916
f 3824/3824 3825/3825 3826/3826
f 3825/3825 3827/3827 3826/3826
f 3827/3827 3825/3825 3828/3828
f 906/906 908/908 916/916
f 916/916 908/908 918/918
f 3825/3825 3829/3829 3828/3828
f 3569/3569 3566/3566 3565/3565
f 3566/3566 3562/3562 3565/3565
f 5249/5249 5252/5252 5254/5254
f 3565/3565 3562/3562 3564/3564
f 5252/5252 5249/5249 5251/5251
f 2755/2755 2753/2753 2754/2754
f 4225/4225 4223/4223 4220/4220
f 2848/2848 2830/2830 2847/2847
f 4220/4220 4223/4223 4222/4222
f 4387/4387 4389/4389 4380/4380
f 1218/1218 1214/1214 1215/1215
f 2732/2732 2735/2735 2751/2751
f 2753/2753 2736/2736 2754/2754
f 2753/2753 2735/2735 2736/2736
f 2732/2732 2725/2725 2735/2735
f 2735/2735 2725/2725 2722/2722
f 2735/2735 2722/2722 2736/2736
f 4395/4395 4386/4386 4392/4392
f 2725/2725 2723/2723 2722/2722
f 2722/2722 2723/2723 2724/2724
f 707/707 682/682 706/706
f 1204/1204 1220/1220 1212/1212
f 2724/2724 2723/2723 2726/2726
f 2723/2723 2727/2727 2726/2726
f 706/706 682/682 692/692
f 2727/2727 2729/2729 2758/2758
f 692/692 674/674 691/691
f 2775/2775 2766/2766 2774/2774
f 2775/2775 2765/2765 2766/2766
f 1196/1196 1200/1200 1226/1226
f 4154/4154 4158/4158 4155/4155
f 2256/2256 2296/2296 2293/2293
f 2256/2256 2293/2293 2252/2252
f 2297/2297 2295/2295 2296/2296
f 2249/2249 2252/2252 2248/2248
f 3096/3096 3079/3079 3095/3095
f 3095/3095 3079/3079 3075/3075
f 4510/4510 4511/4511 4512/4512
f 3643/3643 3649/3649 3647/3647
f 3643/3643 3647/3647 3645/3645
f 3645/3645 3641/3641 3643/3643
f 3641/3641 3642/3642 3643/3643
f 3645/3645 3646/3646 3641/3641
f 887/887 877/877 901/901
f 3641/3641 3644/3644 3642/3642
f 1134/1134 1132/1132 1141/1141
f 901/901 877/877 914/914
f 877/877 897/897 914/914
f 877/877 879/879 897/897
f 897/897 879/879 889/889
f 889/889 900/900 897/897
f 897/897 900/900 906/906
f 900/900 907/907 906/906
f 907/907 908/908 906/906
f 907/907 910/910 908/908
f 908/908 910/910 911/911
f 911/911 912/912 908/908
f 3567/3567 3566/3566 3569/3569
f 5254/5254 5255/5255 5259/5259
f 3306/3306 3303/3303 3304/3304
f 3306/3306 3304/3304 3354/3354
f 2965/2965 2963/2963 2950/2950
f 1229/1229 1222/1222 1218/1218
f 2847/2847 2833/2833 2845/2845
f 2833/2833 2844/2844 2845/2845
f 2845/2845 2844/2844 2846/2846
f 4225/4225 4226/4226 4223/4223
f 2848/2848 2832/2832 2830/2830
f 2847/2847 2830/2830 2833/2833
f 2849/2849 2832/2832 2848/2848
f 5027/5027 5026/5026 5030/5030
f 4222/4222 4223/4223 4224/4224
f 4386/4386 4395/4395 4388/4388
f 1211/1211 1210/1210 1204/1204
f 707/707 677/677 682/682
f 682/682 674/674 692/692
f 1193/1193 1189/1189 1192/1192
f 674/674 673/673 691/691
f 1196/1196 1191/1191 1200/1200
f 4152/4152 4157/4157 4156/4156
f 4152/4152 4156/4156 4154/4154
f 4154/4154 4156/4156 4158/4158
f 2256/2256 2252/2252 2249/2249
f 3092/3092 3081/3081 3096/3096
f 2976/2976 2977/2977 2975/2975
f 2245/2245 2235/2235 2228/2228
f 3005/3005 3012/3012 3013/3013
f 3013/3013 3012/3012 3015/3015
f 4511/4511 4526/4526 4512/4512
f 3750/3750 3753/3753 3754/3754
f 4647/4647 4661/4661 4662/4662
f 4656/4656 4661/4661 4647/4647
f 3750/3750 3751/3751 3752/3752
f 3750/3750 3752/3752 3753/3753
f 3647/3647 3646/3646 3645/3645
f 3647/3647 3648/3648 3646/3646
f 877/877 878/878 879/879
f 3330/3330 3307/3307 3306/3306
f 3306/3306 3307/3307 3303/3303
f 3562/3562 3563/3563 3564/3564
f 3303/3303 3300/3300 3304/3304
f 2850/2850 2819/2819 2821/2821
f 2832/2832 2821/2821 2822/2822
f 2832/2832 2822/2822 2830/2830
f 2830/2830 2831/2831 2833/2833
f 1215/1215 1214/1214 1210/1210
f 4223/4223 4226/4226 4224/4224
f 4885/4885 4888/4888 4886/4886
f 4888/4888 4889/4889 4886/4886
f 5004/5004 5005/5005 5006/5006
f 4886/4886 4889/4889 4892/4892
f 4886/4886 4892/4892 4887/4887
f 1220/1220 1189/1189 1198/1198
f 1198/1198 1189/1189 1193/1193
f 1189/1189 1191/1191 1192/1192
f 691/691 697/697 696/696
f 702/702 701/701 703/703
f 4153/4153 4161/4161 4157/4157
f 4158/4158 4159/4159 4155/4155
f 2256/2256 2249/2249 2251/2251
f 4711/4711 4716/4716 4712/4712
f 4711/4711 4712/4712 4709/4709
f 3446/3446 3441/3441 3443/3443
f 3443/3443 3441/3441 3442/3442
f 2980/2980 2979/2979 2976/2976
f 2976/2976 2979/2979 2977/2977
f 2999/2999 3000/3000 3001/3001
f 3001/3001 3000/3000 3004/3004
f 3001/3001 3004/3004 3005/3005
f 3005/3005 3004/3004 3006/3006
f 4646/4646 4647/4647 4662/4662
f 831/831 855/855 837/837
f 878/878 880/880 879/879
f 879/879 880/880 889/889
f 3564/3564 3563/3563 3568/3568
f 1222/1222 1216/1216 1218/1218
f 1218/1218 1216/1216 1214/1214
f 2850/2850 2823/2823 2819/2819
f 2823/2823 2820/2820 2819/2819
f 2819/2819 2820/2820 2821/2821
f 2821/2821 2820/2820 2822/2822
f 2822/2822 2828/2828 2830/2830
f 4227/4227 4224/4224 4226/4226
f 3373/3373 3374/3374 3375/3375
f 3373/3373 3375/3375 3376/3376
f 1210/1210 1206/1206 1204/1204
f 4888/4888 4890/4890 4889/4889
f 1220/1220 1204/1204 1189/1189
f 677/677 675/675 674/674
f 682/682 677/677 674/674
f 674/674 672/672 673/673
f 673/673 697/697 691/691
f 702/702 703/703 721/721
f 703/703 722/722 721/721
f 4161/4161 4164/4164 4157/4157
f 4157/4157 4164/4164 4163/4163
f 4157/4157 4163/4163 4162/4162
f 4157/4157 4162/4162 4156/4156
f 4162/4162 4160/4160 4156/4156
f 4156/4156 4160/4160 4158/4158
f 2997/2997 2998/2998 2989/2989
f 2989/2989 2998/2998 2999/2999
f 2999/2999 2998/2998 3000/3000
f 2917/2917 2916/2916 2918/2918
f 4469/4469 4470/4470 4471/4471
f 4646/4646 4636/4636 4647/4647
f 880/880 894/894 889/889
f 889/889 899/899 900/900
f 900/900 899/899 907/907
f 907/907 913/913 910/910
f 3307/3307 3298/3298 3303/3303
f 3303/3303 3298/3298 3300/3300
f 3298/3298 3299/3299 3300/3300
f 1216/1216 1206/1206 1214/1214
f 2820/2820 2826/2826 2822/2822
f 2826/2826 2828/2828 2822/2822
f 2830/2830 2828/2828 2831/2831
f 2831/2831 2843/2843 2833/2833
f 1214/1214 1206/1206 1210/1210
f 3378/3378 3377/3377 3374/3374
f 3374/3374 3377/3377 3375/3375
f 4888/4888 4891/4891 4890/4890
f 677/677 676/676 675/675
f 674/674 675/675 672/672
f 1189/1189 1190/1190 1191/1191
f 673/673 678/678 697/697
f 696/696 697/697 701/701
f 3084/3084 2990/2990 2991/2991
f 2990/2990 2988/2988 2991/2991
f 3447/3447 3439/3439 3446/3446
f 2988/2988 2983/2983 2989/2989
f 3439/3439 3440/3440 3441/3441
f 3446/3446 3439/3439 3441/3441
f 3085/3085 3086/3086 3084/3084
f 3441/3441 3440/3440 3442/3442
f 2915/2915 2916/2916 2917/2917
f 3008/3008 3007/3007 3004/3004
f 832/832 830/830 837/837
f 4656/4656 4651/4651 4658/4658
f 887/887 882/882 877/877
f 882/882 878/878 877/877
f 878/878 881/881 880/880
f 899/899 913/913 907/907
f 3309/3309 3308/3308 3307/3307
f 3308/3308 3298/3298 3307/3307
f 3560/3560 3561/3561 3562/3562
f 3562/3562 3561/3561 3563/3563
f 2823/2823 2824/2824 2820/2820
f 2824/2824 2825/2825 2820/2820
f 2820/2820 2825/2825 2826/2826
f 2826/2826 2827/2827 2828/2828
f 2828/2828 2835/2835 2831/2831
f 2831/2831 2837/2837 2843/2843
f 4227/4227 4228/4228 4224/4224
f 3377/3377 3387/3387 3375/3375
f 1204/1204 1195/1195 1189/1189
f 4893/4893 4897/4897 4892/4892
f 4889/4889 4893/4893 4892/4892
f 1191/1191 1197/1197 1200/1200
f 678/678 710/710 697/697
f 703/703 723/723 722/722
f 4158/4158 4160/4160 4159/4159
f 2990/2990 2984/2984 2988/2988
f 2244/2244 2228/2228 2230/2230
f 3094/3094 3087/3087 3093/3093
f 2989/2989 2983/2983 2982/2982
f 2228/2228 2229/2229 2230/2230
f 2915/2915 2912/2912 2914/2914
f 2915/2915 2914/2914 2916/2916
f 4650/4650 4635/4635 4645/4645
f 4658/4658 4663/4663 4656/4656
f 896/896 895/895 892/892
f 896/896 892/892 890/890
f 882/882 881/881 878/878
f 889/889 894/894 899/899
f 3563/3563 3559/3559 3568/3568
f 1222/1222 1223/1223 1216/1216
f 2825/2825 2827/2827 2826/2826
f 2828/2828 2827/2827 2834/2834
f 2828/2828 2834/2834 2835/2835
f 2837/2837 2840/2840 2843/2843
f 2834/2834 2836/2836 2835/2835
f 2835/2835 2837/2837 2831/2831
f 4891/4891 4894/4894 4890/4890
f 4890/4890 4893/4893 4889/4889
f 4890/4890 4894/4894 4893/4893
f 1189/1189 1195/1195 1190/1190
f 672/672 670/670 673/673
f 1190/1190 1194/1194 1191/1191
f 673/673 670/670 678/678
f 1197/1197 1202/1202 1200/1200
f 4161/4161 4166/4166 4164/4164
f 1803/1803 1809/1809 1817/1817
f 2988/2988 2984/2984 2983/2983
f 3445/3445 3439/3439 3447/3447
f 2912/2912 2913/2913 2914/2914
f 3014/3014 3009/3009 3008/3008
f 3008/3008 3009/3009 3007/3007
f 830/830 832/832 829/829
f 4663/4663 4658/4658 4664/4664
f 890/890 888/888 887/887
f 3308/3308 3312/3312 3298/3298
f 5084/5084 5085/5085 5086/5086
f 2825/2825 2824/2824 2829/2829
f 2825/2825 2829/2829 2827/2827
f 2111/2111 2103/2103 2117/2117
f 2827/2827 2829/2829 2854/2854
f 1206/1206 1205/1205 1204/1204
f 2827/2827 2854/2854 2853/2853
f 2827/2827 2853/2853 2834/2834
f 1204/1204 1205/1205 1195/1195
f 2834/2834 2853/2853 2852/2852
f 2834/2834 2852/2852 2836/2836
f 2852/2852 2851/2851 2836/2836
f 2836/2836 2837/2837 2835/2835
f 2836/2836 2838/2838 2837/2837
f 4894/4894 4895/4895 4893/4893
f 675/675 676/676 671/671
f 675/675 671/671 672/672
f 1190/1190 1195/1195 1194/1194
f 1191/1191 1194/1194 1197/1197
f 1202/1202 1197/1197 1203/1203
f 697/697 704/704 701/701
f 2250/2250 2241/2241 2243/2243
f 4837/4837 4766/4766 4844/4844
f 2990/2990 2994/2994 2986/2986
f 2990/2990 2986/2986 2984/2984
f 2984/2984 2981/2981 2983/2983
f 2981/2981 2982/2982 2983/2983
f 4697/4697 4695/4695 4710/4710
f 3088/3088 3090/3090 3086/3086
f 2911/2911 2906/2906 2907/2907
f 2911/2911 2907/2907 2912/2912
f 2912/2912 2907/2907 2913/2913
f 828/828 826/826 836/836
f 830/830 829/829 828/828
f 892/892 888/888 890/890
f 888/888 882/882 887/887
f 881/881 883/883 880/880
f 883/883 894/894 880/880
f 894/894 903/903 899/899
f 899/899 903/903 913/913
f 3298/3298 3312/3312 3305/3305
f 3305/3305 3301/3301 3298/3298
f 3561/3561 3554/3554 3563/3563
f 3298/3298 3301/3301 3299/3299
f 3554/3554 3556/3556 3563/3563
f 1208/1208 1207/1207 1206/1206
f 3377/3377 3381/3381 3387/3387
f 1206/1206 1207/1207 1205/1205
f 3378/3378 3379/3379 3377/3377
f 3380/3380 3381/3381 3377/3377
f 3379/3379 3380/3380 3377/3377
f 2851/2851 2842/2842 2836/2836
f 1195/1195 1221/1221 1201/1201
f 2837/2837 2839/2839 2840/2840
f 4894/4894 4891/4891 4899/4899
f 4899/4899 4900/4900 4894/4894
f 4894/4894 4900/4900 4895/4895
f 1201/1201 1194/1194 1195/1195
f 671/671 669/669 670/670
f 672/672 671/671 670/670
f 678/678 670/670 679/679
f 678/678 679/679 680/680
f 678/678 680/680 710/710
f 1816/1816 1814/1814 1812/1812
f 1812/1812 1800/1800 1811/1811
f 1811/1811 1800/1800 1803/1803
f 1803/1803 1800/1800 1802/1802
f 1803/1803 1802/1802 1809/1809
f 1802/1802 1805/1805 1809/1809
f 1809/1809 1805/1805 1808/1808
f 2986/2986 2985/2985 2984/2984
f 2984/2984 2985/2985 2981/2981
f 2911/2911 2904/2904 2906/2906
f 3445/3445 3444/3444 3439/3439
f 3444/3444 3448/3448 3440/3440
f 3439/3439 3444/3444 3440/3440
f 3094/3094 3091/3091 3088/3088
f 3018/3018 3017/3017 3016/3016
f 3017/3017 3009/3009 3016/3016
f 826/826 825/825 853/853
f 854/854 826/826 853/853
f 828/828 827/827 826/826
f 829/829 827/827 828/828
f 3309/3309 3310/3310 3308/3308
f 3301/3301 3302/3302 3299/3299
f 3299/3299 3302/3302 3356/3356
f 3563/3563 3556/3556 3559/3559
f 1223/1223 1219/1219 1216/1216
f 1216/1216 1217/1217 1206/1206
f 1206/1206 1217/1217 1208/1208
f 2836/2836 2842/2842 2838/2838
f 535/535 529/529 540/540
f 2838/2838 2839/2839 2837/2837
f 3241/3241 3236/3236 3240/3240
f 4893/4893 4896/4896 4897/4897
f 4893/4893 4895/4895 4896/4896
f 4900/4900 4898/4898 4895/4895
f 4897/4897 4896/4896 4909/4909
f 1201/1201 1224/1224 1194/1194
f 4899/4899 4907/4907 4900/4900
f 1224/1224 1228/1228 1194/1194
f 1194/1194 1228/1228 1197/1197
f 670/670 665/665 679/679
f 710/710 680/680 697/697
f 701/701 704/704 703/703
f 1814/1814 1813/1813 1812/1812
f 1813/1813 1800/1800 1812/1812
f 1801/1801 1802/1802 1800/1800
f 4766/4766 4761/4761 4793/4793
f 2986/2986 2987/2987 2985/2985
f 4763/4763 4759/4759 4837/4837
f 4837/4837 4759/4759 4766/4766
f 2904/2904 2905/2905 2906/2906
f 2906/2906 2905/2905 2907/2907
f 3802/3802 3803/3803 3804/3804
f 3804/3804 3805/3805 3806/3806
f 3806/3806 3805/3805 3807/3807
f 3803/3803 3805/3805 3804/3804
f 4647/4647 4634/4634 4651/4651
f 832/832 838/838 829/829
f 4651/4651 4657/4657 4658/4658
f 3554/3554 3555/3555 3556/3556
f 5101/5101 5102/5102 5103/5103
f 1216/1216 1219/1219 1217/1217
f 3380/3380 3382/3382 3381/3381
f 1205/1205 1207/1207 1209/1209
f 2180/2180 2162/2162 2179/2179
f 535/535 528/528 529/529
f 529/529 528/528 526/526
f 529/529 526/526 525/525
f 2838/2838 2841/2841 2839/2839
f 4895/4895 4898/4898 4896/4896
f 4898/4898 4900/4900 4901/4901
f 3236/3236 3235/3235 3240/3240
f 4899/4899 4905/4905 4907/4907
f 670/670 669/669 665/665
f 680/680 679/679 686/686
f 680/680 705/705 704/704
f 1813/1813 1798/1798 1800/1800
f 1798/1798 1796/1796 1800/1800
f 1800/1800 1796/1796 1801/1801
f 1802/1802 1804/1804 1805/1805
f 1805/1805 1807/1807 1808/1808
f 4759/4759 4761/4761 4766/4766
f 4761/4761 4788/4788 4793/4793
f 2986/2986 2992/2992 2987/2987
f 2910/2910 2909/2909 2904/2904
f 4670/4670 4672/4672 4695/4695
f 2909/2909 2908/2908 2904/2904
f 2904/2904 2908/2908 2905/2905
f 4672/4672 4723/4723 4724/4724
f 3021/3021 3020/3020 3018/3018
f 3018/3018 3020/3020 3019/3019
f 3801/3801 3800/3800 3802/3802
f 4765/4765 4760/4760 4737/4737
f 3802/3802 3800/3800 3803/3803
f 825/825 824/824 823/823
f 4635/4635 4637/4637 4631/4631
f 826/826 824/824 825/825
f 826/826 827/827 824/824
f 829/829 838/838 833/833
f 4658/4658 4657/4657 4664/4664
f 882/882 884/884 881/881
f 883/883 898/898 894/894
f 894/894 898/898 903/903
f 3310/3310 3311/3311 3308/3308
f 3311/3311 3312/3312 3308/3308
f 3302/3302 3301/3301 3349/3349
f 4453/4453 4454/4454 4455/4455
f 3382/3382 3383/3383 3381/3381
f 1207/1207 1225/1225 1209/1209
f 525/525 526/526 522/522
f 522/522 523/523 525/525
f 4909/4909 4896/4896 4908/4908
f 3236/3236 3225/3225 3227/3227
f 3236/3236 3227/3227 3235/3235
f 4907/4907 4901/4901 4900/4900
f 4907/4907 4905/4905 4901/4901
f 3227/3227 3234/3234 3235/3235
f 1801/1801 1804/1804 1802/1802
f 1804/1804 1806/1806 1805/1805
f 1805/1805 1806/1806 1807/1807
f 2987/2987 3011/3011 2985/2985
f 4669/4669 4667/4667 4670/4670
f 4763/4763 4760/4760 4756/4756
f 3022/3022 3020/3020 3021/3021
f 4735/4735 4760/4760 4763/4763
f 3801/3801 3799/3799 3800/3800
f 4850/4850 4762/4762 4765/4765
f 4594/4594 4595/4595 4596/4596
f 4594/4594 4597/4597 4595/4595
f 821/821 818/818 876/876
f 4633/4633 4648/4648 4634/4634
f 4648/4648 4657/4657 4651/4651
f 888/888 886/886 882/882
f 882/882 886/886 884/884
f 3309/3309 3316/3316 3313/3313
f 58/58 254/254 98/98
f 3301/3301 3350/3350 3349/3349
f 3532/3532 3531/3531 3530/3530
f 3555/3555 3558/3558 3557/3557
f 3531/3531 3528/3528 3530/3530
f 3530/3530 3528/3528 3527/3527
f 3527/3527 3529/3529 3535/3535
f 3535/3535 3529/3529 3536/3536
f 3527/3527 3528/3528 3529/3529
f 2174/2174 2158/2158 2176/2176
f 1217/1217 1227/1227 1208/1208
f 2139/2139 2159/2159 2142/2142
f 2170/2170 2169/2169 2157/2157
f 534/534 517/517 528/528
f 528/528 527/527 526/526
f 527/527 522/522 526/526
f 3382/3382 3384/3384 3383/3383
f 522/522 476/476 523/523
f 523/523 476/476 524/524
f 3225/3225 3230/3230 3226/3226
f 4898/4898 4908/4908 4896/4896
f 3225/3225 3226/3226 3227/3227
f 4905/4905 4906/4906 4904/4904
f 686/686 689/689 690/690
f 1793/1793 1791/1791 1792/1792
f 1792/1792 1799/1799 1798/1798
f 1799/1799 1797/1797 1798/1798
f 1798/1798 1797/1797 1796/1796
f 284/284 264/264 283/283
f 264/264 262/262 283/283
f 4671/4671 4669/4669 4670/4670
f 2993/2993 2995/2995 2987/2987
f 2992/2992 2993/2993 2987/2987
f 4756/4756 4758/4758 4759/4759
f 4759/4759 4758/4758 4761/4761
f 2987/2987 2995/2995 3010/3010
f 2987/2987 3010/3010 3011/3011
f 2919/2919 2908/2908 2909/2909
f 4667/4667 4666/4666 4723/4723
f 4762/4762 4760/4760 4765/4765
f 3801/3801 3797/3797 3799/3799
f 874/874 818/818 859/859
f 821/821 819/819 818/818
f 823/823 819/819 821/821
f 824/824 813/813 819/819
f 824/824 819/819 823/823
f 827/827 813/813 824/824
f 829/829 833/833 827/827
f 895/895 891/891 892/892
f 892/892 891/891 888/888
f 888/888 891/891 886/886
f 884/884 885/885 881/881
f 3313/3313 3310/3310 3309/3309
f 3311/3311 3320/3320 3312/3312
f 93/93 98/98 254/254
f 254/254 71/71 191/191
f 3312/3312 3320/3320 3305/3305
f 71/71 76/76 191/191
f 3305/3305 3323/3323 3301/3301
f 3301/3301 3323/3323 3325/3325
f 2166/2166 2168/2168 2178/2178
f 3530/3530 3527/3527 3533/3533
f 3534/3534 3530/3530 3533/3533
f 2137/2137 2161/2161 2147/2147
f 511/511 510/510 507/507
f 2171/2171 2158/2158 2156/2156
f 2131/2131 2138/2138 2152/2152
f 2142/2142 2159/2159 2172/2172
f 517/517 504/504 528/528
f 528/528 504/504 527/527
f 527/527 501/501 522/522
f 3384/3384 3385/3385 3383/3383
f 524/524 476/476 473/473
f 4898/4898 4902/4902 4908/4908
f 3226/3226 3228/3228 3227/3227
f 4905/4905 4904/4904 4901/4901
f 665/665 663/663 679/679
f 679/679 663/663 686/686
f 686/686 663/663 689/689
f 1790/1790 1789/1789 1791/1791
f 1791/1791 1789/1789 1792/1792
f 1792/1792 1789/1789 1799/1799
f 1796/1796 1797/1797 1795/1795
f 1796/1796 1795/1795 1788/1788
f 262/262 258/258 270/270
f 270/270 258/258 260/260
f 270/270 260/260 271/271
f 4673/4673 4669/4669 4671/4671
f 4761/4761 4758/4758 4777/4777
f 4761/4761 4777/4777 4788/4788
f 4777/4777 4838/4838 4839/4839
f 2921/2921 2922/2922 2919/2919
f 3024/3024 3023/3023 3022/3022
f 2919/2919 2920/2920 2908/2908
f 4760/4760 4744/4744 4756/4756
f 4667/4667 4610/4610 4666/4666
f 4762/4762 4747/4747 4760/4760
f 4836/4836 4762/4762 4850/4850
f 3799/3799 3796/3796 3800/3800
f 4594/4594 4601/4601 4597/4597
f 814/814 817/817 818/818
f 819/819 814/814 818/818
f 4634/4634 4631/4631 4633/4633
f 827/827 801/801 813/813
f 4657/4657 4660/4660 4664/4664
f 4664/4664 4660/4660 4665/4665
f 895/895 902/902 891/891
f 885/885 883/883 881/881
f 883/883 893/893 898/898
f 909/909 903/903 898/898
f 3305/3305 3320/3320 3323/3323
f 3323/3323 3324/3324 3325/3325
f 513/513 509/509 511/511
f 509/509 510/510 511/511
f 510/510 506/506 507/507
f 507/507 506/506 505/505
f 505/505 504/504 517/517
f 504/504 502/502 527/527
f 527/527 502/502 501/501
f 501/501 500/500 476/476
f 500/500 477/477 476/476
f 3384/3384 3386/3386 3385/3385
f 476/476 477/477 474/474
f 474/474 472/472 473/473
f 476/476 474/474 473/473
f 473/473 472/472 471/471
f 3228/3228 3229/3229 3227/3227
f 4898/4898 4901/4901 4902/4902
f 3227/3227 3233/3233 3234/3234
f 1000/1000 997/997 999/999
f 669/669 664/664 665/665
f 665/665 664/664 663/663
f 688/688 689/689 663/663
f 1799/1799 1789/1789 1794/1794
f 1794/1794 1795/1795 1797/1797
f 1795/1795 1782/1782 1788/1788
f 264/264 263/263 262/262
f 258/258 259/259 260/260
f 4833/4833 4838/4838 4777/4777
f 3594/3594 3579/3579 3584/3584
f 4669/4669 4673/4673 4668/4668
f 2922/2922 2920/2920 2919/2919
f 4668/4668 4610/4610 4667/4667
f 4760/4760 4742/4742 4744/4744
f 3795/3795 3796/3796 3797/3797
f 3797/3797 3796/3796 3799/3799
f 4836/4836 4764/4764 4762/4762
f 817/817 822/822 859/859
f 4598/4598 4601/4601 4594/4594
f 838/838 841/841 834/834
f 849/849 857/857 846/846
f 883/883 885/885 893/893
f 893/893 904/904 898/898
f 898/898 904/904 909/909
f 3316/3316 3318/3318 3313/3313
f 3315/3315 3311/3311 3310/3310
f 3323/3323 3322/3322 3324/3324
f 3325/3325 3324/3324 3329/3329
f 3329/3329 3324/3324 3331/3331
f 510/510 509/509 506/506
f 506/506 503/503 505/505
f 505/505 503/503 504/504
f 504/504 503/503 502/502
f 502/502 498/498 501/501
f 501/501 498/498 500/500
f 472/472 470/470 471/471
f 471/471 470/470 469/469
f 3229/3229 3231/3231 3227/3227
f 3227/3227 3231/3231 3233/3233
f 997/997 998/998 999/999
f 4904/4904 4903/4903 4901/4901
f 4903/4903 4902/4902 4901/4901
f 663/663 661/661 688/688
f 1790/1790 1775/1775 1789/1789
f 1789/1789 1775/1775 1777/1777
f 1794/1794 1777/1777 1782/1782
f 1782/1782 1781/1781 1788/1788
f 1788/1788 1781/1781 1786/1786
f 4758/4758 4767/4767 4777/4777
f 4676/4676 4668/4668 4673/4673
f 4756/4756 4757/4757 4758/4758
f 2924/2924 2923/2923 2922/2922
f 2924/2924 2925/2925 2923/2923
f 3594/3594 3585/3585 3579/3579
f 2922/2922 2923/2923 2920/2920
f 3797/3797 3808/3808 3795/3795
f 3795/3795 3798/3798 3796/3796
f 4762/4762 4764/4764 4747/4747
f 4596/4596 4600/4600 4599/4599
f 817/817 816/816 822/822
f 817/817 814/814 816/816
f 4604/4604 4601/4601 4598/4598
f 819/819 805/805 820/820
f 813/813 804/804 819/819
f 827/827 833/833 801/801
f 902/902 915/915 891/891
f 891/891 915/915 905/905
f 891/891 905/905 886/886
f 2054/2054 2058/2058 2073/2073
f 3313/3313 3314/3314 3310/3310
f 3310/3310 3314/3314 3315/3315
f 3311/3311 3315/3315 3319/3319
f 3311/3311 3319/3319 3320/3320
f 3320/3320 3322/3322 3323/3323
f 513/513 512/512 509/509
f 509/509 508/508 506/506
f 502/502 503/503 498/498
f 498/498 484/484 500/500
f 500/500 484/484 477/477
f 1870/1870 1869/1869 1868/1868
f 2721/2721 2717/2717 2712/2712
f 716/716 662/662 664/664
f 664/664 662/662 663/663
f 663/663 662/662 661/661
f 1777/1777 1781/1781 1782/1782
f 263/263 261/261 262/262
f 262/262 261/261 258/258
f 258/258 261/261 259/259
f 265/265 266/266 260/260
f 259/259 265/265 260/260
f 4758/4758 4757/4757 4767/4767
f 4767/4767 4783/4783 4777/4777
f 4777/4777 4783/4783 4833/4833
f 3585/3585 3580/3580 3579/3579
f 4833/4833 4835/4835 4842/4842
f 4833/4833 4783/4783 4835/4835
f 3605/3605 3585/3585 3604/3604
f 4676/4676 4610/4610 4668/4668
f 4659/4659 4603/4603 4718/4718
f 4659/4659 4605/4605 4603/4603
f 3817/3817 3819/3819 3820/3820
f 3819/3819 3821/3821 3823/3823
f 4604/4604 4598/4598 4599/4599
f 804/804 805/805 819/819
f 833/833 834/834 801/801
f 4652/4652 4660/4660 4657/4657
f 917/917 915/915 902/902
f 2054/2054 2056/2056 2057/2057
f 2059/2059 2060/2060 2061/2061
f 2062/2062 2065/2065 2064/2064
f 2063/2063 2062/2062 2064/2064
f 3318/3318 3317/3317 3313/3313
f 3313/3313 3317/3317 3314/3314
f 3320/3320 3319/3319 3321/3321
f 3320/3320 3321/3321 3322/3322
f 3331/3331 3324/3324 3332/3332
f 509/509 512/512 508/508
f 506/506 508/508 503/503
f 1869/1869 1859/1859 1868/1868
f 1859/1859 1855/1855 1868/1868
f 474/474 466/466 472/472
f 469/469 468/468 483/483
f 1460/1460 1445/1445 1444/1444
f 3231/3231 3232/3232 3233/3233
f 997/997 992/992 998/998
f 1777/1777 1780/1780 1781/1781
f 1786/1786 1781/1781 1785/1785
f 4720/4720 4715/4715 4714/4714
f 4757/4757 4783/4783 4767/4767
f 4756/4756 4755/4755 4757/4757
f 4825/4825 4832/4832 4842/4842
f 4835/4835 4825/4825 4842/4842
f 4744/4744 4743/4743 4754/4754
f 4744/4744 4754/4754 4756/4756
f 4605/4605 4659/4659 4610/4610
f 4742/4742 4743/4743 4744/4744
f 4605/4605 4600/4600 4603/4603
f 843/843 822/822 835/835
f 4847/4847 4830/4830 4836/4836
f 4836/4836 4830/4830 4747/4747
f 814/814 815/815 816/816
f 820/820 810/810 814/814
f 805/805 810/810 820/820
f 813/813 798/798 804/804
f 801/801 798/798 813/813
f 2051/2051 2045/2045 2052/2052
f 2077/2077 2051/2051 2052/2052
f 2045/2045 2053/2053 2052/2052
f 2052/2052 2053/2053 2054/2054
f 2054/2054 2053/2053 2055/2055
f 3324/3324 3322/3322 3326/3326
f 512/512 514/514 508/508
f 508/508 514/514 515/515
f 503/503 499/499 498/498
f 498/498 479/479 484/484
f 479/479 480/480 484/484
f 480/480 478/478 477/477
f 484/484 480/480 477/477
f 477/477 478/478 474/474
f 472/472 466/466 467/467
f 472/472 467/467 470/470
f 470/470 467/467 469/469
f 469/469 467/467 468/468
f 483/483 468/468 542/542
f 542/542 468/468 546/546
f 1443/1443 1448/1448 1449/1449
f 1446/1446 1443/1443 1449/1449
f 3232/3232 3239/3239 3233/3233
f 992/992 994/994 998/998
f 716/716 660/660 662/662
f 661/661 659/659 713/713
f 1775/1775 1776/1776 1777/1777
f 1777/1777 1778/1778 1779/1779
f 1777/1777 1779/1779 1780/1780
f 1780/1780 1783/1783 1781/1781
f 1781/1781 1784/1784 1785/1785
f 1784/1784 1787/1787 1785/1785
f 261/261 267/267 259/259
f 259/259 267/267 268/268
f 259/259 268/268 265/265
f 4675/4675 4679/4679 4676/4676
f 4679/4679 4609/4609 4676/4676
f 4755/4755 4782/4782 4757/4757
f 4757/4757 4782/4782 4783/4783
f 4756/4756 4754/4754 4755/4755
f 4783/4783 4782/4782 4790/4790
f 4790/4790 4825/4825 4835/4835
f 4783/4783 4790/4790 4835/4835
f 4676/4676 4609/4609 4610/4610
f 4747/4747 4746/4746 4742/4742
f 822/822 815/815 835/835
f 4830/4830 4746/4746 4747/4747
f 816/816 815/815 822/822
f 4599/4599 4606/4606 4604/4604
f 814/814 807/807 815/815
f 4604/4604 4611/4611 4640/4640
f 810/810 807/807 814/814
f 2861/2861 2863/2863 2862/2862
f 2862/2862 2863/2863 2864/2864
f 2863/2863 2867/2867 2864/2864
f 3321/3321 3340/3340 3322/3322
f 3324/3324 3326/3326 3328/3328
f 3324/3324 3328/3328 3332/3332
f 3328/3328 3338/3338 3332/3332
f 508/508 516/516 503/503
f 503/503 516/516 519/519
f 503/503 519/519 499/499
f 498/498 499/499 479/479
f 1856/1856 1859/1859 1869/1869
f 3231/3231 3237/3237 3232/3232
f 660/660 659/659 661/661
f 662/662 660/660 661/661
f 1776/1776 1778/1778 1777/1777
f 1783/1783 1784/1784 1781/1781
f 1265/1265 1266/1266 1273/1273
f 286/286 268/268 267/267
f 265/265 268/268 272/272
f 265/265 272/272 269/269
f 265/265 269/269 266/266
f 3586/3586 3574/3574 3585/3585
f 4790/4790 4791/4791 4825/4825
f 4825/4825 4791/4791 4832/4832
f 4742/4742 4740/4740 4743/4743
f 4830/4830 4846/4846 4746/4746
f 4644/4644 4649/4649 4633/4633
f 2866/2866 2869/2869 2867/2867
f 3322/3322 3340/3340 3327/3327
f 3322/3322 3327/3327 3326/3326
f 2376/2376 2371/2371 2372/2372
f 515/515 516/516 508/508
f 2368/2368 2355/2355 2374/2374
f 478/478 475/475 474/474
f 474/474 475/475 466/466
f 996/996 992/992 997/997
f 1259/1259 1270/1270 1268/1268
f 1270/1270 1259/1259 1264/1264
f 1261/1261 1260/1260 1257/1257
f 1260/1260 1258/1258 1257/1257
f 1257/1257 1258/1258 1259/1259
f 1259/1259 1258/1258 1263/1263
f 1259/1259 1263/1263 1264/1264
f 1264/1264 1263/1263 1265/1265
f 1265/1265 1263/1263 1266/1266
f 1260/1260 1271/1271 1258/1258
f 1271/1271 1272/1272 1258/1258
f 1258/1258 1272/1272 1263/1263
f 279/279 272/272 285/285
f 1263/1263 1267/1267 1266/1266
f 285/285 272/272 268/268
f 4681/4681 4609/4609 4679/4679
f 4681/4681 4607/4607 4609/4609
f 3586/3586 3575/3575 3574/3574
f 4782/4782 4755/4755 4790/4790
f 4746/4746 4745/4745 4742/4742
f 804/804 794/794 805/805
f 805/805 809/809 810/810
f 2051/2051 2038/2038 2045/2045
f 2867/2867 2869/2869 2870/2870
f 3328/3328 3339/3339 3338/3338
f 3339/3339 3351/3351 3338/3338
f 2358/2358 2357/2357 2356/2356
f 2357/2357 2349/2349 2356/2356
f 2358/2358 2370/2370 2357/2357
f 2704/2704 2686/2686 2688/2688
f 2370/2370 2366/2366 2357/2357
f 2357/2357 2366/2366 2349/2349
f 2366/2366 2365/2365 2349/2349
f 2365/2365 2350/2350 2349/2349
f 2350/2350 2365/2365 2367/2367
f 2367/2367 2354/2354 2350/2350
f 499/499 481/481 479/479
f 479/479 428/428 480/480
f 2354/2354 2367/2367 2369/2369
f 2369/2369 2363/2363 2354/2354
f 2354/2354 2363/2363 2359/2359
f 480/480 428/428 478/478
f 478/478 428/428 475/475
f 1859/1859 1856/1856 1855/1855
f 1842/1842 1823/1823 1821/1821
f 1842/1842 1821/1821 1844/1844
f 467/467 463/463 468/468
f 1844/1844 1821/1821 1845/1845
f 1443/1443 1441/1441 1447/1447
f 3237/3237 3238/3238 3232/3232
f 3232/3232 3238/3238 3239/3239
f 996/996 993/993 992/992
f 993/993 990/990 992/992
f 659/659 717/717 713/713
f 1262/1262 1257/1257 1269/1269
f 1261/1261 1257/1257 1262/1262
f 1257/1257 1259/1259 1268/1268
f 1269/1269 1257/1257 1268/1268
f 269/269 273/273 266/266
f 4682/4682 4681/4681 4680/4680
f 4754/4754 4753/4753 4755/4755
f 4753/4753 4790/4790 4755/4755
f 4790/4790 4778/4778 4791/4791
f 4745/4745 4740/4740 4742/4742
f 3837/3837 3836/3836 3838/3838
f 4746/4746 4849/4849 4745/4745
f 805/805 794/794 809/809
f 834/834 811/811 801/801
f 841/841 811/811 834/834
f 842/842 811/811 841/841
f 2869/2869 2871/2871 2870/2870
f 3396/3396 3395/3395 3393/3393
f 3396/3396 3393/3393 3397/3397
f 3327/3327 3333/3333 3326/3326
f 3326/3326 3334/3334 3328/3328
f 3352/3352 3353/3353 3338/3338
f 3338/3338 3351/3351 3352/3352
f 2356/2356 2352/2352 2373/2373
f 2373/2373 2352/2352 2371/2371
f 2356/2356 2349/2349 2352/2352
f 2371/2371 2352/2352 2351/2351
f 2371/2371 2351/2351 2372/2372
f 2352/2352 2349/2349 2351/2351
f 2372/2372 2351/2351 2368/2368
f 1840/1840 1827/1827 1839/1839
f 2349/2349 2350/2350 2351/2351
f 2350/2350 2353/2353 2351/2351
f 2351/2351 2353/2353 2368/2368
f 2368/2368 2353/2353 2355/2355
f 1839/1839 1827/1827 1829/1829
f 2350/2350 2354/2354 2353/2353
f 2353/2353 2354/2354 2355/2355
f 2374/2374 2355/2355 2360/2360
f 2374/2374 2360/2360 2375/2375
f 544/544 481/481 499/499
f 2355/2355 2359/2359 2360/2360
f 1856/1856 1854/1854 1855/1855
f 2361/2361 2362/2362 2360/2360
f 2359/2359 2361/2361 2360/2360
f 2361/2361 2364/2364 2362/2362
f 1821/1821 1818/1818 1845/1845
f 1845/1845 1818/1818 1841/1841
f 5066/5066 5067/5067 5068/5068
f 3109/3109 3100/3100 3102/3102
f 660/660 656/656 659/659
f 4023/4023 3937/3937 3933/3933
f 282/282 281/281 280/280
f 279/279 276/276 272/272
f 272/272 273/273 269/269
f 3600/3600 3577/3577 3586/3586
f 3586/3586 3577/3577 3575/3575
f 4753/4753 4778/4778 4790/4790
f 4740/4740 4739/4739 4743/4743
f 835/835 839/839 840/840
f 835/835 815/815 802/802
f 3333/3333 3334/3334 3326/3326
f 2704/2704 2702/2702 2686/2686
f 2686/2686 2687/2687 2688/2688
f 1829/1829 1827/1827 1825/1825
f 1825/1825 1824/1824 1823/1823
f 2683/2683 2682/2682 2685/2685
f 1823/1823 1819/1819 1821/1821
f 463/463 541/541 468/468
f 1818/1818 1830/1830 1841/1841
f 2678/2678 2684/2684 2675/2675
f 1841/1841 1830/1830 1843/1843
f 1470/1470 1461/1461 1435/1435
f 990/990 993/993 1003/1003
f 990/990 991/991 992/992
f 992/992 991/991 994/994
f 991/991 995/995 994/994
f 5245/5245 5237/5237 5240/5240
f 5246/5246 5247/5247 5248/5248
f 5237/5237 5238/5238 5239/5239
f 5239/5239 5243/5243 5244/5244
f 280/280 278/278 279/279
f 4682/4682 4727/4727 4681/4681
f 4681/4681 4727/4727 4615/4615
f 4681/4681 4615/4615 4607/4607
f 4754/4754 4739/4739 4753/4753
f 3837/3837 3835/3835 3836/3836
f 807/807 800/800 815/815
f 810/810 797/797 807/807
f 809/809 797/797 810/810
f 794/794 796/796 809/809
f 2078/2078 2039/2039 2038/2038
f 811/811 806/806 801/801
f 3328/3328 3336/3336 3339/3339
f 3336/3336 3351/3351 3339/3339
f 3218/3218 3221/3221 3224/3224
f 2686/2686 2689/2689 2687/2687
f 1827/1827 1826/1826 1825/1825
f 1825/1825 1826/1826 1824/1824
f 481/481 426/426 479/479
f 479/479 426/426 428/428
f 475/475 465/465 466/466
f 465/465 464/464 466/466
f 466/466 464/464 467/467
f 1824/1824 1819/1819 1823/1823
f 1821/1821 1819/1819 1818/1818
f 4852/4852 4851/4851 4854/4854
f 4862/4862 4863/4863 4864/4864
f 4865/4865 4862/4862 4864/4864
f 4855/4855 4856/4856 4861/4861
f 4864/4864 4869/4869 4868/4868
f 990/990 1003/1003 1002/1002
f 990/990 1002/1002 991/991
f 656/656 654/654 659/659
f 5002/5002 4994/4994 4998/4998
f 5239/5239 5238/5238 5243/5243
f 282/282 341/341 281/281
f 4023/4023 4022/4022 3937/3937
f 281/281 278/278 280/280
f 279/279 278/278 276/276
f 276/276 274/274 272/272
f 274/274 273/273 272/272
f 3600/3600 3578/3578 3577/3577
f 4753/4753 4752/4752 4778/4778
f 835/835 802/802 839/839
f 4849/4849 4741/4741 4745/4745
f 4745/4745 4741/4741 4740/4740
f 804/804 793/793 794/794
f 798/798 793/793 804/804
f 801/801 799/799 798/798
f 3393/3393 3389/3389 3397/3397
f 3397/3397 3389/3389 3398/3398
f 3328/3328 3335/3335 3336/3336
f 2695/2695 2689/2689 2686/2686
f 2702/2702 2695/2695 2686/2686
f 2681/2681 2670/2670 2685/2685
f 1854/1854 1853/1853 1855/1855
f 428/428 465/465 475/475
f 467/467 464/464 463/463
f 1818/1818 1819/1819 1820/1820
f 1818/1818 1820/1820 1830/1830
f 4872/4872 4865/4865 4866/4866
f 1435/1435 1409/1409 1436/1436
f 4851/4851 4852/4852 4853/4853
f 4851/4851 4853/4853 4855/4855
f 4855/4855 4853/4853 4856/4856
f 991/991 1002/1002 1001/1001
f 991/991 1001/1001 995/995
f 4994/4994 4995/4995 4998/4998
f 4998/4998 4995/4995 4981/4981
f 278/278 277/277 276/276
f 274/274 275/275 273/273
f 4691/4691 4693/4693 4694/4694
f 4688/4688 4692/4692 4691/4691
f 4691/4691 4692/4692 4693/4693
f 4682/4682 4684/4684 4727/4727
f 4727/4727 4684/4684 4615/4615
f 4752/4752 4841/4841 4778/4778
f 3600/3600 3601/3601 3578/3578
f 4739/4739 4752/4752 4753/4753
f 4608/4608 4614/4614 4618/4618
f 4740/4740 4741/4741 4738/4738
f 3835/3835 3832/3832 3836/3836
f 4606/4606 4612/4612 4611/4611
f 3394/3394 3392/3392 3393/3393
f 3389/3389 3399/3399 3398/3398
f 3334/3334 3335/3335 3328/3328
f 2703/2703 2701/2701 2705/2705
f 2689/2689 2690/2690 2687/2687
f 2690/2690 2691/2691 2687/2687
f 481/481 485/485 426/426
f 426/426 414/414 428/428
f 463/463 448/448 541/541
f 1461/1461 1469/1469 1411/1411
f 4590/4590 4591/4591 4592/4592
f 4853/4853 4857/4857 4856/4856
f 4857/4857 4858/4858 4856/4856
f 3111/3111 3106/3106 3103/3103
f 1001/1001 1004/1004 995/995
f 995/995 1004/1004 1005/1005
f 652/652 654/654 656/656
f 4995/4995 4978/4978 4981/4981
f 4981/4981 4978/4978 4980/4980
f 1877/1877 1885/1885 1883/1883
f 278/278 333/333 288/288
f 278/278 288/288 277/277
f 277/277 288/288 287/287
f 277/277 287/287 274/274
f 274/274 287/287 312/312
f 4738/4738 4739/4739 4740/4740
f 800/800 802/802 815/815
f 798/798 795/795 793/793
f 799/799 795/795 798/798
f 2076/2076 2040/2040 2071/2071
f 41/41 158/158 42/42
f 2703/2703 2700/2700 2701/2701
f 1824/1824 1826/1826 1828/1828
f 414/414 439/439 428/428
f 1854/1854 1848/1848 1853/1853
f 428/428 439/439 465/465
f 464/464 443/443 463/463
f 4857/4857 4859/4859 4858/4858
f 4858/4858 4859/4859 4860/4860
f 4994/4994 4972/4972 4995/4995
f 4995/4995 4972/4972 4978/4978
f 4980/4980 4979/4979 4982/4982
f 4982/4982 4984/4984 4983/4983
f 4527/4527 4528/4528 4529/4529
f 4934/4934 4935/4935 4936/4936
f 4936/4936 4935/4935 4937/4937
f 361/361 313/313 275/275
f 313/313 335/335 275/275
f 4689/4689 4683/4683 4688/4688
f 4689/4689 4688/4688 4691/4691
f 4752/4752 4840/4840 4841/4841
f 3835/3835 3833/3833 3832/3832
f 4741/4741 4792/4792 4738/4738
f 2700/2700 2699/2699 2701/2701
f 391/391 414/414 426/426
f 1824/1824 1828/1828 1822/1822
f 485/485 391/391 426/426
f 465/465 439/439 443/443
f 465/465 443/443 464/464
f 443/443 446/446 463/463
f 1824/1824 1822/1822 1819/1819
f 463/463 446/446 448/448
f 1820/1820 1846/1846 1830/1830
f 5031/5031 5032/5032 5033/5033
f 3717/3717 3710/3710 3713/3713
f 4994/4994 4993/4993 4972/4972
f 4940/4940 4939/4939 4948/4948
f 4978/4978 4972/4972 4979/4979
f 4948/4948 4939/4939 4949/4949
f 4949/4949 4939/4939 4944/4944
f 4934/4934 4944/4944 4935/4935
f 4944/4944 4943/4943 4935/4935
f 4935/4935 4943/4943 4937/4937
f 4943/4943 4947/4947 4937/4937
f 288/288 289/289 287/287
f 287/287 291/291 312/312
f 312/312 291/291 313/313
f 312/312 313/313 361/361
f 313/313 294/294 335/335
f 2031/2031 2033/2033 2029/2029
f 4689/4689 4686/4686 4683/4683
f 4684/4684 4726/4726 4615/4615
f 796/796 782/782 797/797
f 794/794 779/779 796/796
f 3337/3337 3341/3341 3335/3335
f 3334/3334 3337/3337 3335/3335
f 5073/5073 5077/5077 5078/5078
f 1819/1819 1822/1822 1820/1820
f 3712/3712 3710/3710 3709/3709
f 3120/3120 3118/3118 3122/3122
f 3712/3712 3714/3714 3713/3713
f 3710/3710 3712/3712 3713/3713
f 3712/3712 3731/3731 3714/3714
f 3713/3713 3714/3714 3715/3715
f 3714/3714 3716/3716 3715/3715
f 3714/3714 3731/3731 3716/3716
f 687/687 653/653 652/652
f 652/652 653/653 654/654
f 5052/5052 5045/5045 5049/5049
f 4972/4972 4974/4974 4975/4975
f 4938/4938 4939/4939 4940/4940
f 4941/4941 4939/4939 4938/4938
f 4945/4945 4942/4942 4941/4941
f 4941/4941 4942/4942 4939/4939
f 4939/4939 4942/4942 4943/4943
f 4939/4939 4943/4943 4944/4944
f 4945/4945 4946/4946 4942/4942
f 4946/4946 4947/4947 4942/4942
f 330/330 296/296 289/289
f 4942/4942 4947/4947 4943/4943
f 289/289 296/296 290/290
f 289/289 290/290 287/287
f 287/287 290/290 291/291
f 291/291 294/294 313/313
f 4685/4685 4683/4683 4686/4686
f 4687/4687 4725/4725 4684/4684
f 4684/4684 4725/4725 4726/4726
f 4615/4615 4726/4726 4623/4623
f 803/803 772/772 870/870
f 802/802 772/772 803/803
f 3833/3833 3839/3839 3834/3834
f 800/800 762/762 802/802
f 4628/4628 4626/4626 4639/4639
f 2071/2071 2044/2044 2072/2072
f 3392/3392 3390/3390 3389/3389
f 2695/2695 2692/2692 2689/2689
f 1848/1848 1852/1852 1853/1853
f 485/485 539/539 391/391
f 1872/1872 1848/1848 1854/1854
f 3712/3712 3720/3720 3731/3731
f 3731/3731 3723/3723 3716/3716
f 653/653 655/655 654/654
f 290/290 292/292 291/291
f 294/294 334/334 335/335
f 330/330 299/299 296/296
f 4690/4690 4686/4686 4689/4689
f 4752/4752 4749/4749 4840/4840
f 802/802 752/752 772/772
f 800/800 797/797 762/762
f 780/780 779/779 793/793
f 795/795 780/780 793/793
f 2700/2700 2696/2696 2699/2699
f 2699/2699 2696/2696 2695/2695
f 2696/2696 2692/2692 2695/2695
f 1836/1836 1835/1835 1826/1826
f 414/414 387/387 439/439
f 3118/3118 3115/3115 3122/3122
f 3712/3712 3718/3718 3720/3720
f 3731/3731 3720/3720 3723/3723
f 4993/4993 4987/4987 4972/4972
f 4972/4972 4987/4987 4973/4973
f 4972/4972 4973/4973 4974/4974
f 4974/4974 4973/4973 4976/4976
f 292/292 293/293 291/291
f 294/294 297/297 334/334
f 299/299 298/298 296/296
f 296/296 295/295 290/290
f 293/293 297/297 294/294
f 291/291 293/293 294/294
f 2092/2092 2082/2082 2083/2083
f 2092/2092 2083/2083 2085/2085
f 2082/2082 2079/2079 2083/2083
f 2083/2083 2079/2079 2085/2085
f 2088/2088 2091/2091 2089/2089
f 2082/2082 2080/2080 2079/2079
f 2079/2079 2080/2080 2081/2081
f 2079/2079 2081/2081 2085/2085
f 2088/2088 2090/2090 2091/2091
f 2008/2008 2002/2002 2004/2004
f 2082/2082 2084/2084 2080/2080
f 2085/2085 2081/2081 2086/2086
f 2086/2086 2081/2081 2087/2087
f 2087/2087 2090/2090 2088/2088
f 2086/2086 2087/2087 2088/2088
f 2082/2082 2095/2095 2084/2084
f 2081/2081 2094/2094 2087/2087
f 3839/3839 3840/3840 3834/3834
f 762/762 764/764 802/802
f 797/797 761/761 762/762
f 4612/4612 4617/4617 4624/4624
f 3389/3389 3388/3388 3399/3399
f 3337/3337 3342/3342 3341/3341
f 2689/2689 2692/2692 2690/2690
f 539/539 538/538 391/391
f 439/439 442/442 443/443
f 443/443 444/444 445/445
f 443/443 445/445 446/446
f 446/446 447/447 448/448
f 5073/5073 5074/5074 5075/5075
f 5073/5073 5075/5075 5077/5077
f 1820/1820 1832/1832 1846/1846
f 653/653 657/657 655/655
f 4993/4993 4985/4985 4987/4987
f 5048/5048 5041/5041 5046/5046
f 5047/5047 5040/5040 5050/5050
f 5050/5050 5037/5037 5051/5051
f 299/299 300/300 298/298
f 290/290 295/295 292/292
f 2084/2084 2095/2095 2096/2096
f 2084/2084 2096/2096 2080/2080
f 2080/2080 2096/2096 2093/2093
f 2080/2080 2093/2093 2081/2081
f 2081/2081 2093/2093 2094/2094
f 4725/4725 4653/4653 4726/4726
f 4726/4726 4653/4653 4623/4623
f 4623/4623 4653/4653 4620/4620
f 4748/4748 4751/4751 4749/4749
f 4738/4738 4750/4750 4748/4748
f 4738/4738 4748/4748 4739/4739
f 802/802 764/764 752/752
f 4792/4792 4781/4781 4738/4738
f 797/797 782/782 761/761
f 2075/2075 2049/2049 2048/2048
f 779/779 781/781 782/782
f 780/780 727/727 779/779
f 2072/2072 2047/2047 2050/2050
f 1836/1836 1837/1837 1835/1835
f 1826/1826 1835/1835 1828/1828
f 389/389 387/387 414/414
f 538/538 379/379 391/391
f 391/391 379/379 389/389
f 439/439 387/387 442/442
f 443/443 442/442 444/444
f 1828/1828 1833/1833 1822/1822
f 446/446 445/445 447/447
f 1822/1822 1833/1833 1831/1831
f 1831/1831 1832/1832 1820/1820
f 1822/1822 1831/1831 1820/1820
f 1393/1393 1394/1394 1392/1392
f 3120/3120 3113/3113 3118/3118
f 3113/3113 3114/3114 3115/3115
f 3118/3118 3113/3113 3115/3115
f 3115/3115 3114/3114 3119/3119
f 3718/3718 3719/3719 3720/3720
f 653/653 658/658 657/657
f 297/297 306/306 334/334
f 298/298 295/295 296/296
f 2002/2002 2003/2003 2004/2004
f 2795/2795 2794/2794 2791/2791
f 2795/2795 2791/2791 2799/2799
f 2791/2791 2793/2793 2800/2800
f 2799/2799 2791/2791 2800/2800
f 2800/2800 2803/2803 2805/2805
f 2800/2800 2793/2793 2803/2803
f 4781/4781 4750/4750 4738/4738
f 782/782 763/763 761/761
f 4951/4951 4953/4953 4954/4954
f 781/781 763/763 782/782
f 779/779 724/724 781/781
f 3390/3390 3391/3391 3388/3388
f 3388/3388 3400/3400 3399/3399
f 3337/3337 3343/3343 3342/3342
f 1835/1835 1834/1834 1828/1828
f 379/379 387/387 389/389
f 1834/1834 1833/1833 1828/1828
f 3120/3120 3121/3121 3113/3113
f 3718/3718 3721/3721 3719/3719
f 3719/3719 3722/3722 3720/3720
f 3720/3720 3722/3722 3723/3723
f 3723/3723 3722/3722 3733/3733
f 5048/5048 5043/5043 5041/5041
f 5042/5042 5038/5038 5039/5039
f 5037/5037 5034/5034 5053/5053
f 3430/3430 3434/3434 3431/3431
f 298/298 308/308 295/295
f 292/292 302/302 293/293
f 2794/2794 2792/2792 2791/2791
f 2791/2791 2792/2792 2793/2793
f 2793/2793 2804/2804 2803/2803
f 4654/4654 4619/4619 4620/4620
f 4621/4621 4619/4619 4654/4654
f 761/761 750/750 762/762
f 763/763 753/753 761/761
f 4951/4951 4952/4952 4953/4953
f 724/724 726/726 781/781
f 781/781 726/726 763/763
f 4954/4954 4953/4953 4955/4955
f 4954/4954 4955/4955 4956/4956
f 780/780 869/869 727/727
f 2692/2692 2693/2693 2690/2690
f 2690/2690 2693/2693 2694/2694
f 379/379 375/375 387/387
f 375/375 380/380 387/387
f 4494/4494 4493/4493 4492/4492
f 1831/1831 1838/1838 1832/1832
f 1586/1586 1574/1574 1578/1578
f 4985/4985 4986/4986 4987/4987
f 4987/4987 4996/4996 4973/4973
f 5048/5048 5055/5055 5043/5043
f 5034/5034 5054/5054 5053/5053
f 5014/5014 5016/5016 5015/5015
f 5020/5020 5021/5021 5022/5022
f 338/338 337/337 308/308
f 308/308 301/301 295/295
f 295/295 301/301 292/292
f 301/301 302/302 292/292
f 304/304 306/306 297/297
f 2003/2003 2005/2005 2004/2004
f 2795/2795 2801/2801 2796/2796
f 2795/2795 2796/2796 2794/2794
f 2794/2794 2796/2796 2792/2792
f 2792/2792 2796/2796 2797/2797
f 2792/2792 2797/2797 2793/2793
f 2797/2797 2798/2798 2793/2793
f 2798/2798 2804/2804 2793/2793
f 764/764 751/751 752/752
f 762/762 751/751 764/764
f 762/762 750/750 751/751
f 726/726 753/753 763/763
f 3343/3343 3344/3344 3342/3342
f 3342/3342 3344/3344 3346/3346
f 2696/2696 2697/2697 2692/2692
f 2692/2692 2697/2697 2693/2693
f 1565/1565 1585/1585 1567/1567
f 370/370 367/367 376/376
f 1573/1573 1570/1570 1583/1583
f 378/378 375/375 379/379
f 1575/1575 1583/1583 1584/1584
f 1872/1872 1871/1871 1848/1848
f 1831/1831 1833/1833 1847/1847
f 3719/3719 3724/3724 3722/3722
f 3724/3724 3725/3725 3722/3722
f 657/657 714/714 655/655
f 4987/4987 4986/4986 4996/4996
f 3811/3811 3812/3812 3813/3813
f 3813/3813 3812/3812 3814/3814
f 3813/3813 3809/3809 3811/3811
f 5094/5094 5098/5098 5099/5099
f 3809/3809 3810/3810 3811/3811
f 3811/3811 3810/3810 3812/3812
f 5099/5099 5098/5098 5100/5100
f 3809/3809 3815/3815 3810/3810
f 3815/3815 3816/3816 3810/3810
f 336/336 311/311 309/309
f 336/336 309/309 337/337
f 309/309 308/308 337/337
f 309/309 307/307 308/308
f 308/308 307/307 301/301
f 301/301 303/303 302/302
f 304/304 305/305 306/306
f 2798/2798 2806/2806 2804/2804
f 2406/2406 2408/2408 2409/2409
f 4748/4748 4775/4775 4751/4751
f 4775/4775 4787/4787 4751/4751
f 752/752 749/749 772/772
f 772/772 749/749 870/870
f 4750/4750 4768/4768 4748/4748
f 3839/3839 3841/3841 3840/3840
f 4781/4781 4770/4770 4750/4750
f 4770/4770 4768/4768 4750/4750
f 2427/2427 2410/2410 2417/2417
f 4957/4957 4953/4953 4952/4952
f 724/724 725/725 726/726
f 727/727 728/728 725/725
f 727/727 725/725 724/724
f 4957/4957 4962/4962 4953/4953
f 4962/4962 4955/4955 4953/4953
f 869/869 728/728 727/727
f 4962/4962 4963/4963 4955/4955
f 3391/3391 3400/3400 3388/3388
f 362/362 364/364 417/417
f 417/417 364/364 369/369
f 381/381 458/458 387/387
f 387/387 458/458 442/442
f 444/444 442/442 445/445
f 3721/3721 3724/3724 3719/3719
f 5091/5091 5092/5092 5093/5093
f 5023/5023 5024/5024 5025/5025
f 5094/5094 5096/5096 5098/5098
f 311/311 310/310 309/309
f 309/309 310/310 307/307
f 301/301 307/307 303/303
f 303/303 305/305 304/304
f 2003/2003 2006/2006 2005/2005
f 2329/2329 2331/2331 2320/2320
f 2320/2320 2331/2331 2330/2330
f 2320/2320 2330/2330 2321/2321
f 2796/2796 2801/2801 2802/2802
f 2494/2494 2409/2409 2408/2408
f 4748/4748 4769/4769 4775/4775
f 751/751 745/745 752/752
f 2417/2417 2415/2415 2425/2425
f 750/750 745/745 751/751
f 726/726 743/743 753/753
f 872/872 730/730 728/728
f 3345/3345 3348/3348 3344/3344
f 3343/3343 3345/3345 3344/3344
f 3348/3348 3347/3347 3344/3344
f 3344/3344 3347/3347 3346/3346
f 3129/3129 3127/3127 3128/3128
f 3129/3129 3128/3128 3133/3133
f 2697/2697 2698/2698 2693/2693
f 369/369 366/366 370/370
f 376/376 367/367 375/375
f 376/376 375/375 378/378
f 456/456 445/445 442/442
f 1871/1871 1849/1849 1848/1848
f 1848/1848 1849/1849 1850/1850
f 3113/3113 3116/3116 3114/3114
f 3114/3114 3116/3116 3119/3119
f 657/657 666/666 714/714
f 307/307 310/310 331/331
f 307/307 331/331 314/314
f 307/307 314/314 303/303
f 303/303 314/314 305/305
f 305/305 314/314 315/315
f 2010/2010 2007/2007 2003/2003
f 2003/2003 2007/2007 2006/2006
f 4748/4748 4768/4768 4769/4769
f 4843/4843 4770/4770 4781/4781
f 745/745 749/749 752/752
f 753/753 743/743 750/750
f 743/743 745/745 750/750
f 730/730 729/729 728/728
f 4962/4962 4961/4961 4963/4963
f 873/873 730/730 872/872
f 3391/3391 3402/3402 3401/3401
f 3391/3391 3401/3401 3400/3400
f 3403/3403 3410/3410 3419/3419
f 3125/3125 3126/3126 3127/3127
f 3126/3126 3128/3128 3127/3127
f 3126/3126 3131/3131 3128/3128
f 380/380 381/381 387/387
f 457/457 456/456 442/442
f 1849/1849 1851/1851 1850/1850
f 3121/3121 3117/3117 3113/3113
f 3113/3113 3117/3117 3116/3116
f 3721/3721 3727/3727 3726/3726
f 3721/3721 3726/3726 3724/3724
f 658/658 666/666 657/657
f 2889/2889 2894/2894 2895/2895
f 329/329 322/322 327/327
f 322/322 326/326 327/327
f 326/326 314/314 327/327
f 2484/2484 2482/2482 2494/2494
f 2494/2494 2482/2482 2409/2409
f 742/742 743/743 726/726
f 728/728 729/729 725/725
f 2520/2520 2452/2452 2472/2472
f 4971/4971 4962/4962 4957/4957
f 4971/4971 4960/4960 4962/4962
f 4960/4960 4961/4961 4962/4962
f 731/731 730/730 873/873
f 3400/3400 3401/3401 3403/3403
f 3132/3132 3130/3130 3125/3125
f 3130/3130 3126/3126 3125/3125
f 531/531 390/390 427/427
f 390/390 363/363 362/362
f 427/427 390/390 362/362
f 362/362 363/363 364/364
f 3130/3130 3131/3131 3126/3126
f 364/364 366/366 369/369
f 3131/3131 3134/3134 3128/3128
f 366/366 367/367 370/370
f 445/445 449/449 447/447
f 5074/5074 5076/5076 5075/5075
f 3725/3725 3732/3732 3722/3722
f 3722/3722 3732/3732 3733/3733
f 658/658 667/667 666/666
f 4985/4985 4988/4988 4986/4986
f 4986/4986 4990/4990 4991/4991
f 4991/4991 4990/4990 5003/5003
f 2891/2891 2894/2894 2889/2889
f 328/328 321/321 322/322
f 322/322 321/321 316/316
f 322/322 316/316 326/326
f 326/326 316/316 314/314
f 316/316 315/315 314/314
f 2482/2482 2412/2412 2409/2409
f 743/743 744/744 745/745
f 726/726 725/725 742/742
f 730/730 731/731 729/729
f 3410/3410 3409/3409 3422/3422
f 531/531 530/530 390/390
f 3422/3422 3409/3409 3424/3424
f 3296/3296 3290/3290 3295/3295
f 3372/3372 3369/3369 3367/3367
f 1850/1850 1851/1851 1873/1873
f 4493/4493 4491/4491 4492/4492
f 442/442 458/458 457/457
f 1402/1402 1462/1462 1405/1405
f 3117/3117 3123/3123 3116/3116
f 3727/3727 3728/3728 3726/3726
f 3726/3726 3729/3729 3724/3724
f 3724/3724 3729/3729 3725/3725
f 666/666 681/681 714/714
f 4985/4985 4997/4997 4988/4988
f 4988/4988 4989/4989 4986/4986
f 2889/2889 2890/2890 2891/2891
f 321/321 320/320 316/316
f 316/316 320/320 319/319
f 316/316 319/319 317/317
f 316/316 317/317 315/315
f 4775/4775 4776/4776 4787/4787
f 745/745 748/748 749/749
f 2410/2410 2414/2414 2415/2415
f 2415/2415 2423/2423 2424/2424
f 4971/4971 4958/4958 4960/4960
f 873/873 766/766 731/731
f 3401/3401 3406/3406 3403/3403
f 397/397 497/497 543/543
f 395/395 390/390 530/530
f 3297/3297 3294/3294 3290/3290
f 3297/3297 3290/3290 3296/3296
f 445/445 456/456 450/450
f 445/445 450/450 449/449
f 1451/1451 1414/1414 1432/1432
f 3117/3117 3124/3124 3123/3123
f 3736/3736 3737/3737 3735/3735
f 3736/3736 3735/3735 3727/3727
f 3729/3729 3726/3726 3730/3730
f 3729/3729 3730/3730 3732/3732
f 3729/3729 3732/3732 3725/3725
f 4986/4986 4989/4989 4990/4990
f 2889/2889 2893/2893 2890/2890
f 2890/2890 2892/2892 2891/2891
f 328/328 324/324 321/321
f 321/321 324/324 323/323
f 321/321 323/323 320/320
f 317/317 318/318 315/315
f 2482/2482 2481/2481 2412/2412
f 4769/4769 4773/4773 4775/4775
f 4775/4775 4773/4773 4776/4776
f 1995/1995 1999/1999 2001/2001
f 4843/4843 4812/4812 4770/4770
f 4960/4960 4959/4959 4961/4961
f 3411/3411 3420/3420 3409/3409
f 497/497 397/397 396/396
f 497/497 396/396 395/395
f 396/396 394/394 395/395
f 394/394 390/390 395/395
f 390/390 383/383 363/363
f 366/366 364/364 365/365
f 366/366 365/365 367/367
f 1399/1399 1410/1410 1412/1412
f 2789/2789 2781/2781 2788/2788
f 2789/2789 2788/2788 2790/2790
f 3728/3728 3735/3735 3726/3726
f 3737/3737 3739/3739 3735/3735
f 1250/1250 1238/1238 1254/1254
f 1254/1254 1238/1238 1255/1255
f 3735/3735 3740/3740 3726/3726
f 3726/3726 3740/3740 3730/3730
f 3730/3730 3734/3734 3732/3732
f 1255/1255 1238/1238 1248/1248
f 3740/3740 3738/3738 3730/3730
f 666/666 667/667 681/681
f 324/324 332/332 323/323
f 3853/3853 3852/3852 3850/3850
f 3853/3853 3854/3854 3852/3852
f 4768/4768 4771/4771 4769/4769
f 4771/4771 4773/4773 4769/4769
f 745/745 746/746 748/748
f 2423/2423 2428/2428 2424/2424
f 743/743 742/742 741/741
f 766/766 735/735 731/731
f 4958/4958 4959/4959 4960/4960
f 162/162 257/257 253/253
f 3405/3405 3404/3404 3402/3402
f 3402/3402 3404/3404 3401/3401
f 3401/3401 3404/3404 3406/3406
f 363/363 365/365 364/364
f 375/375 377/377 380/380
f 1250/1250 1237/1237 1238/1238
f 1238/1238 1239/1239 1248/1248
f 1248/1248 1239/1239 1249/1249
f 1249/1249 1239/1239 1242/1242
f 667/667 683/683 681/681
f 4989/4989 4992/4992 4990/4990
f 4041/4041 4040/4040 4031/4031
f 4031/4031 4040/4040 4029/4029
f 4043/4043 4030/4030 4038/4038
f 4030/4030 4034/4034 4038/4038
f 4038/4038 4034/4034 4037/4037
f 4034/4034 4036/4036 4037/4037
f 317/317 340/340 339/339
f 317/317 339/339 318/318
f 2393/2393 2405/2405 2400/2400
f 4773/4773 4779/4779 4776/4776
f 4776/4776 4779/4779 4780/4780
f 4812/4812 4772/4772 4770/4770
f 4770/4770 4772/4772 4768/4768
f 725/725 732/732 742/742
f 4964/4964 4959/4959 4958/4958
f 766/766 765/765 735/735
f 4964/4964 4965/4965 4959/4959
f 397/397 394/394 396/396
f 365/365 368/368 367/367
f 380/380 377/377 381/381
f 381/381 382/382 458/458
f 456/456 452/452 450/450
f 450/450 451/451 449/449
f 1462/1462 1416/1416 1405/1405
f 1405/1405 1416/1416 1410/1410
f 2781/2781 2787/2787 2788/2788
f 1239/1239 1240/1240 1242/1242
f 4997/4997 4999/4999 4988/4988
f 4988/4988 5000/5000 4989/4989
f 4989/4989 5000/5000 4992/4992
f 4990/4990 4992/4992 5001/5001
f 2308/2308 2309/2309 2315/2315
f 4027/4027 4028/4028 4029/4029
f 4028/4028 4044/4044 4033/4033
f 4033/4033 4044/4044 4035/4035
f 317/317 342/342 340/340
f 3847/3847 3850/3850 3846/3846
f 3847/3847 3846/3846 3842/3842
f 3852/3852 3846/3846 3850/3850
f 4780/4780 4779/4779 4794/4794
f 2481/2481 2419/2419 2412/2412
f 4811/4811 4772/4772 4812/4812
f 4772/4772 4771/4771 4768/4768
f 745/745 744/744 746/746
f 729/729 733/733 732/732
f 3411/3411 3412/3412 3420/3420
f 434/434 394/394 397/397
f 394/394 393/393 390/390
f 390/390 393/393 383/383
f 377/377 382/382 381/381
f 458/458 459/459 457/457
f 457/457 452/452 456/456
f 1871/1871 1857/1857 1849/1849
f 452/452 451/451 450/450
f 451/451 533/533 449/449
f 3197/3197 3195/3195 3196/3196
f 1462/1462 1459/1459 1416/1416
f 2781/2781 2780/2780 2787/2787
f 1237/1237 1235/1235 1232/1232
f 1237/1237 1232/1232 1238/1238
f 1238/1238 1232/1232 1239/1239
f 1240/1240 1253/1253 1242/1242
f 683/683 684/684 681/681
f 2318/2318 2312/2312 2305/2305
f 681/681 684/684 685/685
f 2313/2313 2306/2306 2312/2312
f 2312/2312 2306/2306 2305/2305
f 2306/2306 2302/2302 2305/2305
f 2306/2306 2317/2317 2314/2314
f 2306/2306 2314/2314 2302/2302
f 2305/2305 2302/2302 2304/2304
f 2302/2302 2314/2314 2303/2303
f 2302/2302 2303/2303 2304/2304
f 2304/2304 2303/2303 2307/2307
f 2307/2307 2303/2303 2308/2308
f 2308/2308 2303/2303 2309/2309
f 2309/2309 2303/2303 2310/2310
f 2303/2303 2316/2316 2310/2310
f 357/357 349/349 358/358
f 358/358 349/349 356/356
f 356/356 349/349 352/352
f 4773/4773 4774/4774 4779/4779
f 4779/4779 4795/4795 4794/4794
f 4771/4771 4774/4774 4773/4773
f 743/743 741/741 744/744
f 732/732 734/734 742/742
f 742/742 734/734 741/741
f 729/729 735/735 733/733
f 2447/2447 2454/2454 2473/2473
f 2473/2473 2454/2454 2521/2521
f 4958/4958 4967/4967 4964/4964
f 776/776 773/773 765/765
f 4964/4964 4966/4966 4965/4965
f 3405/3405 3407/3407 3404/3404
f 434/434 436/436 435/435
f 434/434 435/435 394/394
f 367/367 368/368 374/374
f 367/367 374/374 375/375
f 2781/2781 2778/2778 2780/2780
f 1240/1240 1252/1252 1253/1253
f 2312/2312 2318/2318 2313/2313
f 2311/2311 2305/2305 2304/2304
f 3207/3207 3212/3212 3214/3214
f 357/357 351/351 349/349
f 352/352 349/349 346/346
f 352/352 346/346 342/342
f 343/343 342/342 344/344
f 3842/3842 3846/3846 3843/3843
f 3846/3846 3845/3845 3843/3843
f 4774/4774 4789/4789 4779/4779
f 4779/4779 4789/4789 4795/4795
f 4771/4771 4785/4785 4774/4774
f 4772/4772 4784/4784 4771/4771
f 4811/4811 4810/4810 4772/4772
f 744/744 747/747 746/746
f 4967/4967 4966/4966 4964/4964
f 3405/3405 3408/3408 3407/3407
f 434/434 438/438 436/436
f 435/435 393/393 394/394
f 374/374 377/377 375/375
f 386/386 459/459 458/458
f 382/382 386/386 458/458
f 457/457 459/459 452/452
f 3903/3903 3947/3947 3962/3962
f 1256/1256 1235/1235 1237/1237
f 1239/1239 1232/1232 1240/1240
f 3207/3207 3211/3211 3212/3212
f 355/355 353/353 351/351
f 4795/4795 4797/4797 4794/4794
f 4810/4810 4786/4786 4772/4772
f 744/744 740/740 747/747
f 741/741 740/740 744/744
f 733/733 734/734 732/732
f 735/735 736/736 733/733
f 737/737 736/736 735/735
f 765/765 737/737 735/735
f 765/765 773/773 737/737
f 4967/4967 4969/4969 4968/4968
f 4967/4967 4968/4968 4966/4966
f 3408/3408 3413/3413 3407/3407
f 438/438 440/440 436/436
f 436/436 440/440 437/437
f 436/436 437/437 435/435
f 435/435 437/437 393/393
f 363/363 371/371 365/365
f 3206/3206 3205/3205 3203/3203
f 3206/3206 3203/3203 3207/3207
f 349/349 347/347 346/346
f 342/342 345/345 344/344
f 2398/2398 2401/2401 2402/2402
f 4774/4774 4799/4799 4789/4789
f 2419/2419 2481/2481 2418/2418
f 4784/4784 4785/4785 4771/4771
f 4772/4772 4786/4786 4784/4784
f 2441/2441 2433/2433 2440/2440
f 736/736 738/738 733/733
f 2454/2454 2457/2457 2521/2521
f 3415/3415 3414/3414 3413/3413
f 3414/3414 3417/3417 3423/3423
f 440/440 441/441 437/437
f 438/438 424/424 440/440
f 383/383 371/371 363/363
f 377/377 386/386 382/382
f 386/386 461/461 459/459
f 452/452 459/459 454/454
f 1857/1857 1858/1858 1851/1851
f 1851/1851 1858/1858 1873/1873
f 452/452 454/454 453/453
f 452/452 453/453 451/451
f 2778/2778 2782/2782 2779/2779
f 2778/2778 2779/2779 2780/2780
f 1235/1235 1233/1233 1232/1232
f 1240/1240 1251/1251 1252/1252
f 353/353 350/350 351/351
f 350/350 349/349 351/351
f 349/349 350/350 347/347
f 346/346 345/345 342/342
f 3954/3954 3920/3920 3919/3919
f 3844/3844 3845/3845 3848/3848
f 4799/4799 4796/4796 4789/4789
f 4789/4789 4796/4796 4795/4795
f 4795/4795 4796/4796 4797/4797
f 2481/2481 2476/2476 2418/2418
f 747/747 774/774 746/746
f 734/734 740/740 741/741
f 733/733 738/738 734/734
f 2457/2457 2475/2475 2521/2521
f 3764/3764 3773/3773 3786/3786
f 4969/4969 4970/4970 4968/4968
f 790/790 871/871 851/851
f 3421/3421 3416/3416 3408/3408
f 3408/3408 3416/3416 3413/3413
f 3415/3415 3417/3417 3414/3414
f 441/441 415/415 437/437
f 437/437 415/415 393/393
f 393/393 384/384 383/383
f 371/371 372/372 365/365
f 459/459 461/461 454/454
f 1857/1857 1860/1860 1858/1858
f 3195/3195 3194/3194 3196/3196
f 1418/1418 1415/1415 1425/1425
f 1425/1425 1415/1415 1424/1424
f 1232/1232 1233/1233 1234/1234
f 1232/1232 1234/1234 1240/1240
f 3205/3205 3204/3204 3203/3203
f 3203/3203 3208/3208 3207/3207
f 3207/3207 3210/3210 3211/3211
f 347/347 345/345 346/346
f 345/345 348/348 344/344
f 1589/1589 1596/1596 1597/1597
f 1596/1596 1601/1601 1597/1597
f 4845/4845 4827/4827 4829/4829
f 1595/1595 1602/1602 1593/1593
f 4796/4796 4798/4798 4797/4797
f 4774/4774 4801/4801 4799/4799
f 4799/4799 4814/4814 4796/4796
f 747/747 778/778 774/774
f 747/747 767/767 778/778
f 2423/2423 2422/2422 2428/2428
f 3764/3764 3760/3760 3773/3773
f 3418/3418 3417/3417 3415/3415
f 440/440 424/424 423/423
f 440/440 423/423 441/441
f 441/441 423/423 415/415
f 415/415 384/384 393/393
f 383/383 384/384 371/371
f 365/365 373/373 368/368
f 374/374 385/385 377/377
f 377/377 385/385 386/386
f 451/451 453/453 533/533
f 3195/3195 3193/3193 3194/3194
f 2779/2779 2785/2785 2780/2780
f 1240/1240 1241/1241 1251/1251
f 1256/1256 1236/1236 1235/1235
f 1235/1235 1236/1236 1233/1233
f 3921/3921 3911/3911 3905/3905
f 1589/1589 1597/1597 1592/1592
f 1597/1597 1605/1605 1592/1592
f 1588/1588 1594/1594 1593/1593
f 1588/1588 1593/1593 1589/1589
f 1158/1158 1156/1156 1147/1147
f 1599/1599 1595/1595 1594/1594
f 1594/1594 1595/1595 1593/1593
f 988/988 970/970 985/985
f 988/988 985/985 989/989
f 1599/1599 1600/1600 1595/1595
f 4798/4798 4827/4827 4831/4831
f 4801/4801 4823/4823 4799/4799
f 4785/4785 4800/4800 4801/4801
f 4784/4784 4800/4800 4785/4785
f 4784/4784 4786/4786 4800/4800
f 2420/2420 2421/2421 2416/2416
f 4848/4848 4817/4817 4786/4786
f 755/755 767/767 747/747
f 754/754 755/755 747/747
f 740/740 754/754 747/747
f 734/734 739/739 740/740
f 738/738 739/739 734/734
f 4589/4589 4584/4584 4588/4588
f 3760/3760 3793/3793 3773/3773
f 3764/3764 3763/3763 3760/3760
f 3763/3763 3757/3757 3760/3760
f 3760/3760 3757/3757 3759/3759
f 3775/3775 3772/3772 3776/3776
f 3772/3772 3777/3777 3776/3776
f 1066/1066 1071/1071 1073/1073
f 3776/3776 3777/3777 3778/3778
f 3776/3776 3778/3778 3791/3791
f 3777/3777 3779/3779 3778/3778
f 3791/3791 3778/3778 3792/3792
f 3779/3779 3780/3780 3778/3778
f 3778/3778 3782/3782 3792/3792
f 4555/4555 4540/4540 4534/4534
f 3780/3780 3781/3781 3778/3778
f 3778/3778 3781/3781 3782/3782
f 3781/3781 3783/3783 3782/3782
f 3782/3782 3783/3783 3784/3784
f 3781/3781 3787/3787 3783/3783
f 3785/3785 3788/3788 3787/3787
f 425/425 422/422 424/424
f 423/423 409/409 415/415
f 415/415 409/409 384/384
f 372/372 373/373 365/365
f 386/386 388/388 461/461
f 1861/1861 1860/1860 1857/1857
f 1234/1234 1241/1241 1240/1240
f 1928/1928 1958/1958 1966/1966
f 354/354 350/350 353/353
f 1590/1590 1587/1587 1589/1589
f 1590/1590 1589/1589 1591/1591
f 1591/1591 1589/1589 1592/1592
f 1598/1598 1588/1588 1587/1587
f 1587/1587 1588/1588 1589/1589
f 1599/1599 1607/1607 1600/1600
f 4802/4802 4798/4798 4796/4796
f 4799/4799 4823/4823 4814/4814
f 4823/4823 4802/4802 4814/4814
f 4802/4802 4796/4796 4814/4814
f 2476/2476 2466/2466 2418/2418
f 3155/3155 3139/3139 3141/3141
f 3139/3139 3137/3137 3141/3141
f 4817/4817 4813/4813 4786/4786
f 739/739 756/756 740/740
f 758/758 757/757 738/738
f 2439/2439 2453/2453 2444/2444
f 737/737 768/768 736/736
f 773/773 775/775 768/768
f 773/773 768/768 737/737
f 2460/2460 2471/2471 2475/2475
f 2457/2457 2460/2460 2475/2475
f 4588/4588 4584/4584 4566/4566
f 4588/4588 4566/4566 4587/4587
f 3757/3757 3758/3758 3759/3759
f 3759/3759 3758/3758 3790/3790
f 3758/3758 3757/3757 3761/3761
f 3758/3758 3771/3771 3790/3790
f 3758/3758 3762/3762 3771/3771
f 3758/3758 3761/3761 3762/3762
f 3790/3790 3771/3771 3789/3789
f 3762/3762 3767/3767 3771/3771
f 3771/3771 3767/3767 3789/3789
f 3762/3762 3766/3766 3767/3767
f 3767/3767 3768/3768 3789/3789
f 3767/3767 3766/3766 3768/3768
f 1042/1042 1070/1070 1047/1047
f 3766/3766 3769/3769 3768/3768
f 3768/3768 3769/3769 3770/3770
f 3768/3768 3770/3770 3794/3794
f 1070/1070 1058/1058 1053/1053
f 3769/3769 3772/3772 3770/3770
f 3769/3769 3774/3774 3772/3772
f 3770/3770 3775/3775 3794/3794
f 3770/3770 3772/3772 3775/3775
f 3775/3775 3776/3776 3794/3794
f 3772/3772 3774/3774 3777/3777
f 4556/4556 4554/4554 4553/4553
f 4554/4554 4542/4542 4553/4553
f 4553/4553 4542/4542 4540/4540
f 4553/4553 4540/4540 4555/4555
f 4540/4540 4536/4536 4534/4534
f 4534/4534 4536/4536 4531/4531
f 3780/3780 3785/3785 3781/3781
f 4534/4534 4531/4531 4535/4535
f 425/425 429/429 422/422
f 424/424 422/422 423/423
f 423/423 422/422 409/409
f 409/409 405/405 384/384
f 384/384 405/405 371/371
f 405/405 416/416 371/371
f 371/371 416/416 372/372
f 373/373 401/401 368/368
f 368/368 401/401 374/374
f 141/141 107/107 139/139
f 388/388 462/462 461/461
f 454/454 455/455 453/453
f 3202/3202 3203/3203 3204/3204
f 1933/1933 1953/1953 1955/1955
f 354/354 360/360 350/350
f 350/350 359/359 347/347
f 1950/1950 1947/1947 1946/1946
f 2501/2501 2514/2514 2404/2404
f 1185/1185 1153/1153 1156/1156
f 2404/2404 2514/2514 2491/2491
f 2485/2485 2486/2486 2478/2478
f 4800/4800 4815/4815 4801/4801
f 3139/3139 3135/3135 3137/3137
f 4786/4786 4813/4813 4800/4800
f 756/756 754/754 740/740
f 2457/2457 2453/2453 2460/2460
f 4587/4587 4566/4566 4585/4585
f 4566/4566 4563/4563 4585/4585
f 1054/1054 1042/1042 1031/1031
f 4585/4585 4563/4563 4568/4568
f 3761/3761 3765/3765 3762/3762
f 3762/3762 3765/3765 3766/3766
f 4567/4567 4573/4573 4580/4580
f 1042/1042 1045/1045 1024/1024
f 4580/4580 4573/4573 4578/4578
f 429/429 430/430 422/422
f 405/405 403/403 416/416
f 403/403 372/372 416/416
f 403/403 402/402 372/372
f 402/402 373/373 372/372
f 402/402 401/401 373/373
f 401/401 392/392 374/374
f 374/374 392/392 385/385
f 392/392 388/388 385/385
f 461/461 462/462 454/454
f 1860/1860 1865/1865 1858/1858
f 3193/3193 3192/3192 3194/3194
f 1234/1234 1243/1243 1241/1241
f 1241/1241 1243/1243 1244/1244
f 3200/3200 3201/3201 3202/3202
f 3202/3202 3201/3201 3203/3203
f 1960/1960 1954/1954 1953/1953
f 1953/1953 1954/1954 1955/1955
f 1955/1955 1954/1954 1956/1956
f 1955/1955 1956/1956 1958/1958
f 1958/1958 1956/1956 1966/1966
f 3201/3201 3215/3215 3203/3203
f 1936/1936 1941/1941 1935/1935
f 3208/3208 3209/3209 3207/3207
f 3207/3207 3209/3209 3210/3210
f 4827/4827 4807/4807 4828/4828
f 970/970 965/965 985/985
f 4798/4798 4803/4803 4807/4807
f 965/965 986/986 985/985
f 2478/2478 2479/2479 2477/2477
f 4801/4801 4815/4815 4805/4805
f 4801/4801 4805/4805 4823/4823
f 4823/4823 4805/4805 4802/4802
f 3138/3138 3136/3136 3135/3135
f 4318/4318 4317/4317 4319/4319
f 3135/3135 3136/3136 3137/3137
f 4817/4817 4834/4834 4813/4813
f 754/754 789/789 812/812
f 756/756 789/789 754/754
f 738/738 757/757 739/739
f 757/757 759/759 739/739
f 768/768 758/758 736/736
f 4573/4573 4575/4575 4578/4578
f 4578/4578 4579/4579 4556/4556
f 4556/4556 4579/4579 4554/4554
f 4540/4540 4537/4537 4536/4536
f 4537/4537 4532/4532 4536/4536
f 4536/4536 4532/4532 4531/4531
f 4530/4530 4551/4551 4552/4552
f 422/422 420/420 409/409
f 388/388 521/521 462/462
f 462/462 455/455 454/454
f 455/455 460/460 453/453
f 1861/1861 1862/1862 1860/1860
f 1236/1236 1243/1243 1233/1233
f 2779/2779 2784/2784 2785/2785
f 3200/3200 3199/3199 3201/3201
f 2501/2501 2498/2498 2514/2514
f 970/970 968/968 965/965
f 965/965 961/961 986/986
f 4802/4802 4803/4803 4798/4798
f 3138/3138 3140/3140 3136/3136
f 4318/4318 4315/4315 4317/4317
f 756/756 845/845 789/789
f 739/739 845/845 756/756
f 775/775 783/783 768/768
f 852/852 783/783 775/775
f 4563/4563 4560/4560 4568/4568
f 4568/4568 4560/4560 4567/4567
f 4575/4575 4579/4579 4578/4578
f 4542/4542 4539/4539 4540/4540
f 4540/4540 4539/4539 4537/4537
f 4537/4537 4533/4533 4532/4532
f 4530/4530 4533/4533 4551/4551
f 4551/4551 4550/4550 4552/4552
f 422/422 421/421 420/420
f 405/405 404/404 403/403
f 404/404 400/400 403/403
f 403/403 400/400 402/402
f 402/402 400/400 401/401
f 401/401 400/400 392/392
f 140/140 151/151 215/215
f 398/398 388/388 392/392
f 3952/3952 4018/4018 4020/4020
f 462/462 487/487 455/455
f 3193/3193 3191/3191 3192/3192
f 1243/1243 1247/1247 1246/1246
f 3280/3280 3288/3288 3286/3286
f 1245/1245 1243/1243 1236/1236
f 3200/3200 3198/3198 3199/3199
f 1960/1960 1959/1959 1954/1954
f 3208/3208 3213/3213 3209/3209
f 2498/2498 2490/2490 2514/2514
f 4803/4803 4806/4806 4807/4807
f 4802/4802 4804/4804 4803/4803
f 1175/1175 1184/1184 1170/1170
f 4815/4815 4820/4820 4805/4805
f 4800/4800 4819/4819 4815/4815
f 4813/4813 4834/4834 4818/4818
f 759/759 844/844 739/739
f 758/758 770/770 757/757
f 768/768 770/770 758/758
f 783/783 784/784 768/768
f 2453/2453 2459/2459 2460/2460
f 2460/2460 2459/2459 2471/2471
f 4537/4537 4538/4538 4533/4533
f 4533/4533 4538/4538 4550/4550
f 421/421 418/418 420/420
f 420/420 418/418 409/409
f 409/409 406/406 405/405
f 400/400 398/398 392/392
f 3952/3952 3950/3950 4018/4018
f 455/455 482/482 460/460
f 1862/1862 1863/1863 1860/1860
f 1860/1860 1863/1863 1865/1865
f 3191/3191 3190/3190 3192/3192
f 3190/3190 3198/3198 3192/3192
f 3198/3198 3190/3190 3199/3199
f 1959/1959 1957/1957 1954/1954
f 971/971 967/967 968/968
f 968/968 964/964 965/965
f 965/965 964/964 961/961
f 4805/4805 4804/4804 4802/4802
f 4819/4819 4820/4820 4815/4815
f 4820/4820 4824/4824 4805/4805
f 4818/4818 4819/4819 4800/4800
f 757/757 760/760 759/759
f 2443/2443 2455/2455 2439/2439
f 4586/4586 4581/4581 4584/4584
f 4581/4581 4562/4562 4566/4566
f 4566/4566 4562/4562 4563/4563
f 4563/4563 4562/4562 4560/4560
f 4542/4542 4543/4543 4539/4539
f 4537/4537 4539/4539 4538/4538
f 406/406 404/404 405/405
f 215/215 232/232 246/246
f 150/150 149/149 242/242
f 398/398 399/399 388/388
f 388/388 399/399 521/521
f 462/462 521/521 491/491
f 455/455 486/486 482/482
f 460/460 482/482 520/520
f 4483/4483 4477/4477 4476/4476
f 3908/3908 3917/3917 3927/3927
f 1962/1962 1961/1961 1960/1960
f 1960/1960 1961/1961 1959/1959
f 1292/1292 1365/1365 1364/1364
f 1292/1292 1364/1364 1306/1306
f 2498/2498 2489/2489 2490/2490
f 4804/4804 4806/4806 4803/4803
f 967/967 964/964 968/968
f 961/961 964/964 959/959
f 961/961 959/959 960/960
f 1184/1184 1183/1183 1170/1170
f 4820/4820 4826/4826 4824/4824
f 760/760 808/808 759/759
f 769/769 760/760 757/757
f 784/784 777/777 768/768
f 4560/4560 4559/4559 4567/4567
f 4567/4567 4559/4559 4573/4573
f 4573/4573 4574/4574 4575/4575
f 4575/4575 4576/4576 4579/4579
f 4579/4579 4576/4576 4554/4554
f 4554/4554 4576/4576 4545/4545
f 4554/4554 4545/4545 4542/4542
f 4538/4538 4539/4539 4541/4541
f 4538/4538 4541/4541 4550/4550
f 421/421 433/433 418/418
f 409/409 418/418 406/406
f 3949/3949 3961/3961 4018/4018
f 3950/3950 3949/3949 4018/4018
f 3191/3191 3187/3187 3190/3190
f 1959/1959 1968/1968 1957/1957
f 3259/3259 3260/3260 3265/3265
f 3917/3917 4026/4026 3928/3928
f 2509/2509 2513/2513 2508/2508
f 2499/2499 2496/2496 2489/2489
f 4804/4804 4808/4808 4806/4806
f 4821/4821 4804/4804 4805/4805
f 4826/4826 4821/4821 4824/4824
f 4824/4824 4821/4821 4805/4805
f 770/770 769/769 757/757
f 768/768 777/777 770/770
f 4586/4586 4582/4582 4581/4581
f 4581/4581 4564/4564 4562/4562
f 4559/4559 4569/4569 4573/4573
f 4575/4575 4574/4574 4576/4576
f 404/404 407/407 400/400
f 411/411 412/412 400/400
f 521/521 399/399 491/491
f 462/462 491/491 487/487
f 487/487 486/486 455/455
f 1865/1865 1866/1866 1867/1867
f 1863/1863 1866/1866 1865/1865
f 3187/3187 3184/3184 3190/3190
f 3262/3262 3257/3257 3261/3261
f 3257/3257 3256/3256 3261/3261
f 3261/3261 3256/3256 3255/3255
f 3261/3261 3255/3255 3263/3263
f 3263/3263 3255/3255 3258/3258
f 3258/3258 3255/3255 3250/3250
f 1957/1957 1968/1968 1964/1964
f 3258/3258 3250/3250 3259/3259
f 3259/3259 3250/3250 3252/3252
f 3259/3259 3252/3252 3260/3260
f 3260/3260 3254/3254 3264/3264
f 972/972 967/967 971/971
f 3148/3148 3149/3149 3146/3146
f 3147/3147 3148/3148 3146/3146
f 4809/4809 4808/4808 4804/4804
f 1183/1183 1166/1166 1170/1170
f 769/769 791/791 760/760
f 4582/4582 4564/4564 4581/4581
f 4573/4573 4569/4569 4574/4574
f 418/418 408/408 406/406
f 406/406 407/407 404/404
f 400/400 412/412 398/398
f 398/398 413/413 399/399
f 413/413 432/432 399/399
f 3181/3181 3183/3183 3187/3187
f 3187/3187 3183/3183 3184/3184
f 3262/3262 3245/3245 3257/3257
f 3245/3245 3256/3256 3257/3257
f 3245/3245 3246/3246 3256/3256
f 3256/3256 3246/3246 3255/3255
f 3246/3246 3249/3249 3255/3255
f 3255/3255 3249/3249 3250/3250
f 3248/3248 3251/3251 3250/3250
f 3249/3249 3248/3248 3250/3250
f 3250/3250 3251/3251 3252/3252
f 3251/3251 3253/3253 3252/3252
f 3252/3252 3253/3253 3254/3254
f 3246/3246 3247/3247 3249/3249
f 3247/3247 3248/3248 3249/3249
f 4822/4822 4809/4809 4804/4804
f 959/959 953/953 960/960
f 960/960 953/953 957/957
f 1170/1170 1166/1166 1167/1167
f 770/770 771/771 769/769
f 777/777 771/771 770/770
f 784/784 783/783 786/786
f 2459/2459 2458/2458 2474/2474
f 4562/4562 4564/4564 4557/4557
f 4543/4543 4544/4544 4539/4539
f 4544/4544 4541/4541 4539/4539
f 419/419 408/408 418/418
f 406/406 408/408 407/407
f 407/407 410/410 400/400
f 252/252 242/242 229/229
f 5161/5161 5163/5163 5162/5162
f 400/400 410/410 411/411
f 3949/3949 3945/3945 3961/3961
f 399/399 496/496 491/491
f 491/491 489/489 487/487
f 487/487 488/488 486/486
f 1863/1863 1874/1874 1866/1866
f 3183/3183 3181/3181 3182/3182
f 1862/1862 1864/1864 1863/1863
f 3182/3182 3184/3184 3183/3183
f 3184/3184 3182/3182 3180/3180
f 3184/3184 3180/3180 3185/3185
f 588/588 587/587 590/590
f 3185/3185 3186/3186 3184/3184
f 599/599 588/588 600/600
f 3243/3243 3244/3244 3245/3245
f 3245/3245 3244/3244 3246/3246
f 3246/3246 3244/3244 3247/3247
f 3244/3244 3248/3248 3247/3247
f 2515/2515 2517/2517 2523/2523
f 4809/4809 4816/4816 4808/4808
f 972/972 969/969 967/967
f 967/967 966/966 964/964
f 964/964 966/966 963/963
f 964/964 963/963 959/959
f 959/959 952/952 953/953
f 1167/1167 1166/1166 1165/1165
f 953/953 956/956 957/957
f 1166/1166 1163/1163 1165/1165
f 769/769 792/792 791/791
f 769/769 771/771 792/792
f 783/783 864/864 786/786
f 4545/4545 4576/4576 4549/4549
f 4545/4545 4549/4549 4543/4543
f 5161/5161 5162/5162 5159/5159
f 398/398 412/412 413/413
f 432/432 496/496 399/399
f 488/488 495/495 486/486
f 495/495 518/518 486/486
f 486/486 518/518 482/482
f 3170/3170 3178/3178 3181/3181
f 3178/3178 3182/3182 3181/3181
f 3178/3178 3180/3180 3182/3182
f 3178/3178 3179/3179 3180/3180
f 588/588 585/585 587/587
f 598/598 589/589 599/599
f 599/599 589/589 588/588
f 644/644 591/591 598/598
f 941/941 939/939 942/942
f 969/969 966/966 967/967
f 1165/1165 1163/1163 1162/1162
f 1163/1163 1159/1159 1162/1162
f 786/786 785/785 777/777
f 4558/4558 4569/4569 4559/4559
f 4544/4544 4546/4546 4541/4541
f 433/433 431/431 418/418
f 224/224 179/179 223/223
f 496/496 489/489 491/491
f 489/489 490/490 487/487
f 487/487 490/490 488/488
f 3171/3171 3173/3173 3178/3178
f 3171/3171 3178/3178 3170/3170
f 589/589 585/585 588/588
f 591/591 576/576 598/598
f 576/576 589/589 598/598
f 941/941 940/940 939/939
f 942/942 939/939 938/938
f 956/956 953/953 955/955
f 1159/1159 1161/1161 1162/1162
f 4296/4296 4298/4298 4297/4297
f 2458/2458 2467/2467 2474/2474
f 4557/4557 4558/4558 4559/4559
f 431/431 419/419 418/418
f 111/111 161/161 218/218
f 248/248 190/190 226/226
f 410/410 412/412 411/411
f 432/432 494/494 496/496
f 494/494 489/489 496/496
f 3166/3166 3167/3167 3168/3168
f 3167/3167 3170/3170 3168/3168
f 3167/3167 3171/3171 3170/3170
f 585/585 581/581 587/587
f 3173/3173 3179/3179 3178/3178
f 3173/3173 3175/3175 3179/3179
f 963/963 952/952 959/959
f 952/952 950/950 953/953
f 953/953 947/947 955/955
f 955/955 947/947 958/958
f 1161/1161 1164/1164 1162/1162
f 1159/1159 1160/1160 1161/1161
f 2442/2442 2464/2464 2445/2445
f 4564/4564 4565/4565 4557/4557
f 4557/4557 4561/4561 4558/4558
f 4569/4569 4572/4572 4574/4574
f 4576/4576 4577/4577 4549/4549
f 4549/4549 4548/4548 4543/4543
f 4543/4543 4547/4547 4544/4544
f 4544/4544 4547/4547 4546/4546
f 238/238 237/237 240/240
f 3967/3967 3970/3970 3960/3960
f 410/410 532/532 412/412
f 413/413 412/412 536/536
f 413/413 536/536 537/537
f 413/413 537/537 432/432
f 494/494 493/493 489/489
f 489/489 493/493 490/490
f 490/490 492/492 488/488
f 3160/3160 3164/3164 3166/3166
f 3164/3164 3167/3167 3166/3166
f 3164/3164 3172/3172 3171/3171
f 3164/3164 3162/3162 3172/3172
f 3164/3164 3171/3171 3167/3167
f 576/576 575/575 589/589
f 940/940 937/937 939/939
f 939/939 937/937 938/938
f 950/950 947/947 953/953
f 1161/1161 1160/1160 1164/1164
f 2461/2461 2467/2467 2458/2458
f 4583/4583 4565/4565 4582/4582
f 4582/4582 4565/4565 4564/4564
f 1055/1055 1040/1040 1056/1056
f 4565/4565 4561/4561 4557/4557
f 4569/4569 4570/4570 4572/4572
f 4574/4574 4572/4572 4576/4576
f 4576/4576 4572/4572 4577/4577
f 5157/5157 5160/5160 5159/5159
f 5157/5157 5159/5159 5158/5158
f 4374/4374 4340/4340 4341/4341
f 4262/4262 4249/4249 4261/4261
f 4341/4341 4340/4340 4328/4328
f 4261/4261 4245/4245 4260/4260
f 4341/4341 4328/4328 4357/4357
f 4260/4260 4243/4243 4265/4265
f 4265/4265 4243/4243 4241/4241
f 3362/3362 3357/3357 3364/3364
f 638/638 624/624 630/630
f 638/638 630/630 647/647
f 3959/3959 3973/3973 3971/3971
f 3362/3362 3358/3358 3357/3357
f 3358/3358 3360/3360 3359/3359
f 3357/3357 3358/3358 3359/3359
f 490/490 493/493 492/492
f 3162/3162 3176/3176 3172/3172
f 3172/3172 3173/3173 3171/3171
f 3172/3172 3174/3174 3173/3173
f 3173/3173 3174/3174 3175/3175
f 575/575 578/578 585/585
f 937/937 936/936 938/938
f 947/947 946/946 958/958
f 958/958 946/946 975/975
f 1160/1160 1187/1187 1169/1169
f 1056/1056 1040/1040 1039/1039
f 4558/4558 4570/4570 4569/4569
f 4266/4266 4256/4256 4264/4264
f 5164/5164 5160/5160 5157/5157
f 4264/4264 4256/4256 4263/4263
f 4330/4330 4363/4363 4357/4357
f 4363/4363 4330/4330 4365/4365
f 3358/3358 3363/3363 3360/3360
f 3359/3359 3360/3360 3361/3361
f 3161/3161 3159/3159 3160/3160
f 3160/3160 3162/3162 3164/3164
f 3363/3363 3361/3361 3360/3360
f 3162/3162 3158/3158 3176/3176
f 3176/3176 3174/3174 3172/3172
f 574/574 575/575 576/576
f 963/963 962/962 952/952
f 950/950 944/944 947/947
f 1160/1160 1169/1169 1168/1168
f 4558/4558 4571/4571 4570/4570
f 4268/4268 4269/4269 4267/4267
f 5167/5167 5157/5157 5155/5155
f 4266/4266 4267/4267 4256/4256
f 5227/5227 5228/5228 5229/5229
f 5167/5167 5165/5165 5157/5157
f 4338/4338 4326/4326 4340/4340
f 4340/4340 4326/4326 4328/4328
f 623/623 618/618 622/622
f 624/624 622/622 630/630
f 4330/4330 4327/4327 4365/4365
f 4365/4365 4327/4327 4366/4366
f 3159/3159 3158/3158 3160/3160
f 3160/3160 3158/3158 3162/3162
f 3159/3159 3163/3163 3156/3156
f 3159/3159 3156/3156 3158/3158
f 3158/3158 3165/3165 3176/3176
f 3177/3177 3174/3174 3176/3176
f 3176/3176 3165/3165 3177/3177
f 643/643 573/573 594/594
f 594/594 573/573 593/593
f 952/952 951/951 950/950
f 947/947 944/944 946/946
f 975/975 946/946 974/974
f 975/975 974/974 976/976
f 4561/4561 4571/4571 4558/4558
f 4270/4270 4269/4269 4268/4268
f 5156/5156 5167/5167 5155/5155
f 5156/5156 5155/5155 5152/5152
f 5140/5140 5144/5144 5167/5167
f 5140/5140 5142/5142 5144/5144
f 4337/4337 4326/4326 4338/4338
f 4326/4326 4327/4327 4328/4328
f 3163/3163 3189/3189 3156/3156
f 3189/3189 3157/3157 3156/3156
f 3189/3189 3188/3188 3157/3157
f 3156/3156 3157/3157 3158/3158
f 577/577 579/579 578/578
f 3157/3157 3165/3165 3158/3158
f 643/643 635/635 573/573
f 936/936 935/935 934/934
f 962/962 951/951 952/952
f 950/950 951/951 944/944
f 946/946 954/954 974/974
f 1171/1171 1169/1169 1172/1172
f 1171/1171 1172/1172 1176/1176
f 1169/1169 1173/1173 1172/1172
f 954/954 977/977 974/974
f 974/974 977/977 976/976
f 1169/1169 1182/1182 1173/1173
f 4282/4282 4281/4281 4278/4278
f 4281/4281 4280/4280 4278/4278
f 4279/4279 4278/4278 4276/4276
f 4275/4275 4273/4273 4274/4274
f 5223/5223 5224/5224 5225/5225
f 5152/5152 5154/5154 5153/5153
f 5139/5139 5140/5140 5138/5138
f 5140/5140 5167/5167 5138/5138
f 5223/5223 5226/5226 5224/5224
f 3979/3979 3978/3978 3980/3980
f 5141/5141 5140/5140 5139/5139
f 5141/5141 5143/5143 5142/5142
f 5141/5141 5142/5142 5140/5140
f 5143/5143 5191/5191 5142/5142
f 618/618 621/621 622/622
f 4366/4366 4327/4327 4367/4367
f 4367/4367 4369/4369 4371/4371
f 570/570 577/577 575/575
f 3157/3157 3169/3169 3165/3165
f 3157/3157 3188/3188 3169/3169
f 3169/3169 3177/3177 3165/3165
f 944/944 945/945 946/946
f 945/945 954/954 946/946
f 1368/1368 1366/1366 1287/1287
f 1182/1182 1179/1179 1173/1173
f 1179/1179 1178/1178 1173/1173
f 5198/5198 5139/5139 5109/5109
f 5109/5109 5139/5139 5138/5138
f 5138/5138 5190/5190 5137/5137
f 5109/5109 5138/5138 5137/5137
f 5190/5190 5156/5156 5152/5152
f 249/249 236/236 235/235
f 5143/5143 5192/5192 5191/5191
f 4337/4337 4329/4329 4326/4326
f 4329/4329 4327/4327 4326/4326
f 4327/4327 4368/4368 4367/4367
f 4367/4367 4368/4368 4369/4369
f 4369/4369 4372/4372 4371/4371
f 4371/4371 4372/4372 4373/4373
f 935/935 933/933 934/934
f 934/934 933/933 930/930
f 951/951 949/949 944/944
f 954/954 945/945 978/978
f 978/978 977/977 954/954
f 1179/1179 1180/1180 1178/1178
f 979/979 980/980 977/977
f 5211/5211 5204/5204 5112/5112
f 5112/5112 5106/5106 5196/5196
f 5112/5112 5196/5196 5210/5210
f 5112/5112 5210/5210 5211/5211
f 5105/5105 5110/5110 5106/5106
f 5106/5106 5110/5110 5196/5196
f 5110/5110 5195/5195 5196/5196
f 5196/5196 5195/5195 5210/5210
f 5110/5110 5150/5150 5195/5195
f 5195/5195 5201/5201 5210/5210
f 5114/5114 5109/5109 5104/5104
f 5104/5104 5109/5109 5105/5105
f 5195/5195 5150/5150 5201/5201
f 5150/5150 5194/5194 5201/5201
f 5114/5114 5198/5198 5109/5109
f 5105/5105 5109/5109 5110/5110
f 5110/5110 5137/5137 5146/5146
f 5110/5110 5146/5146 5150/5150
f 5194/5194 5209/5209 5201/5201
f 5109/5109 5137/5137 5110/5110
f 5137/5137 5190/5190 5146/5146
f 5146/5146 5152/5152 5151/5151
f 5151/5151 5153/5153 5194/5194
f 5194/5194 5153/5153 5209/5209
f 5152/5152 5153/5153 5151/5151
f 5198/5198 5141/5141 5139/5139
f 5145/5145 5141/5141 5198/5198
f 5145/5145 5143/5143 5141/5141
f 4336/4336 4335/4335 4337/4337
f 5197/5197 5143/5143 5149/5149
f 4337/4337 4335/4335 4329/4329
f 4327/4327 4323/4323 4368/4368
f 602/602 639/639 568/568
f 651/651 639/639 602/602
f 930/930 933/933 931/931
f 930/930 931/931 932/932
f 948/948 945/945 944/944
f 949/949 948/948 944/944
f 1327/1327 1289/1289 1366/1366
f 979/979 977/977 978/978
f 1179/1179 1181/1181 1180/1180
f 979/979 981/981 980/980
f 1179/1179 1186/1186 1181/1181
f 5107/5107 5106/5106 5112/5112
f 5107/5107 5112/5112 5115/5115
f 5107/5107 5104/5104 5106/5106
f 5113/5113 5114/5114 5104/5104
f 5104/5104 5105/5105 5106/5106
f 5171/5171 5168/5168 5198/5198
f 5212/5212 5213/5213 5214/5214
f 5150/5150 5146/5146 5151/5151
f 5150/5150 5151/5151 5194/5194
f 5168/5168 5145/5145 5198/5198
f 5147/5147 5149/5149 5143/5143
f 5147/5147 5143/5143 5145/5145
f 4334/4334 4331/4331 4335/4335
f 557/557 556/556 550/550
f 559/559 558/558 557/557
f 639/639 640/640 568/568
f 945/945 948/948 973/973
f 973/973 978/978 945/945
f 982/982 981/981 979/979
f 5183/5183 5182/5182 5184/5184
f 5184/5184 5182/5182 5185/5185
f 5183/5183 5181/5181 5182/5182
f 5182/5182 5187/5187 5185/5185
f 5181/5181 5178/5178 5182/5182
f 5178/5178 5187/5187 5182/5182
f 5113/5113 5108/5108 5125/5125
f 5171/5171 5200/5200 5189/5189
f 5125/5125 5200/5200 5113/5113
f 5212/5212 5214/5214 5215/5215
f 5200/5200 5114/5114 5113/5113
f 5113/5113 5104/5104 5108/5108
f 5108/5108 5104/5104 5107/5107
f 5171/5171 5172/5172 5170/5170
f 5170/5170 5168/5168 5171/5171
f 5148/5148 5145/5145 5168/5168
f 5148/5148 5147/5147 5145/5145
f 5148/5148 5149/5149 5147/5147
f 4332/4332 4331/4331 4334/4334
f 4335/4335 4352/4352 4329/4329
f 4329/4329 4352/4352 4358/4358
f 547/547 552/552 553/553
f 558/558 560/560 556/556
f 558/558 556/556 557/557
f 933/933 929/929 931/931
f 931/931 929/929 932/932
f 932/932 928/928 943/943
f 2939/2939 2938/2938 2935/2935
f 973/973 984/984 978/978
f 984/984 983/983 978/978
f 978/978 983/983 979/979
f 983/983 982/982 979/979
f 5202/5202 5186/5186 5183/5183
f 5186/5186 5181/5181 5183/5183
f 5180/5180 5178/5178 5181/5181
f 5178/5178 5176/5176 5177/5177
f 5222/5222 5219/5219 5221/5221
f 5219/5219 5220/5220 5221/5221
f 5176/5176 5175/5175 5177/5177
f 5172/5172 5189/5189 5175/5175
f 5216/5216 5217/5217 5218/5218
f 5216/5216 5218/5218 5219/5219
f 2884/2884 2879/2879 2873/2873
f 5219/5219 5218/5218 5220/5220
f 5175/5175 5189/5189 5200/5200
f 5172/5172 5171/5171 5189/5189
f 5204/5204 5211/5211 5120/5120
f 5169/5169 5168/5168 5170/5170
f 5169/5169 5148/5148 5168/5168
f 4331/4331 4332/4332 4333/4333
f 4331/4331 4352/4352 4335/4335
f 4352/4352 4359/4359 4358/4358
f 929/929 928/928 932/932
f 2938/2938 2936/2936 2935/2935
f 2935/2935 2933/2933 2934/2934
f 987/987 982/982 983/983
f 5203/5203 5186/5186 5202/5202
f 5186/5186 5180/5180 5181/5181
f 5180/5180 5179/5179 5178/5178
f 5188/5188 5176/5176 5179/5179
f 5188/5188 5174/5174 5176/5176
f 5179/5179 5176/5176 5178/5178
f 5174/5174 5175/5175 5176/5176
f 5174/5174 5173/5173 5172/5172
f 5174/5174 5172/5172 5175/5175
f 2873/2873 2878/2878 2874/2874
f 5173/5173 5170/5170 5172/5172
f 5126/5126 5108/5108 5116/5116
f 5111/5111 5204/5204 5120/5120
f 4343/4343 4342/4342 4333/4333
f 4333/4333 4342/4342 4339/4339
f 4333/4333 4339/4339 4331/4331
f 626/626 642/642 628/628
f 4420/4420 4422/4422 4425/4425
f 4426/4426 4416/4416 4419/4419
f 628/628 650/650 627/627
f 4411/4411 4414/4414 4423/4423
f 4423/4423 4414/4414 4416/4416
f 4423/4423 4416/4416 4426/4426
f 4410/4410 4411/4411 4424/4424
f 4404/4404 4406/4406 4407/4407
f 4406/4406 4410/4410 4407/4407
f 4355/4355 4356/4356 4352/4352
f 4352/4352 4360/4360 4359/4359
f 560/560 561/561 556/556
f 2935/2935 2936/2936 2933/2933
f 2934/2934 2933/2933 2932/2932
f 2930/2930 2932/2932 2931/2931
f 4347/4347 4344/4344 4345/4345
f 1345/1345 1335/1335 1334/1334
f 4339/4339 4354/4354 4331/4331
f 1376/1376 1372/1372 1377/1377
f 4421/4421 4422/4422 4420/4420
f 4416/4416 4418/4418 4419/4419
f 4414/4414 4415/4415 4416/4416
f 1377/1377 1378/1378 1386/1386
f 4411/4411 4413/4413 4414/4414
f 4405/4405 4408/4408 4406/4406
f 4404/4404 4405/4405 4406/4406
f 4410/4410 4406/4406 4409/4409
f 4409/4409 4412/4412 4411/4411
f 4410/4410 4409/4409 4411/4411
f 1912/1912 1913/1913 1909/1909
f 1912/1912 1909/1909 1908/1908
f 1908/1908 1909/1909 1910/1910
f 4356/4356 4360/4360 4352/4352
f 554/554 567/567 566/566
f 552/552 555/555 554/554
f 2933/2933 2931/2931 2932/2932
f 2930/2930 2931/2931 2927/2927
f 2930/2930 2927/2927 2926/2926
f 2926/2926 2927/2927 2928/2928
f 2926/2926 2928/2928 2929/2929
f 2929/2929 2928/2928 2937/2937
f 4362/4362 4351/4351 4361/4361
f 4350/4350 4349/4349 4347/4347
f 4349/4349 4348/4348 4347/4347
f 5205/5205 5126/5126 5116/5116
f 4343/4343 4344/4344 4342/4342
f 1379/1379 1370/1370 1376/1376
f 1381/1381 1379/1379 1376/1376
f 4344/4344 4346/4346 4342/4342
f 4429/4429 4431/4431 4418/4418
f 4420/4420 4418/4418 4421/4421
f 4418/4418 4431/4431 4421/4421
f 4416/4416 4415/4415 4417/4417
f 4415/4415 4427/4427 4417/4417
f 4416/4416 4417/4417 4418/4418
f 4427/4427 4429/4429 4417/4417
f 4414/4414 4413/4413 4415/4415
f 4413/4413 4427/4427 4415/4415
f 4406/4406 4408/4408 4409/4409
f 4409/4409 4442/4442 4412/4412
f 4442/4442 4413/4413 4412/4412
f 5010/5010 5011/5011 5012/5012
f 1/1 2/2 3/3
f 564/564 563/563 555/555
f 1382/1382 1379/1379 1383/1383
f 5205/5205 5116/5116 5124/5124
f 1383/1383 1379/1379 1381/1381
f 1376/1376 1370/1370 1372/1372
f 1372/1372 1375/1375 1377/1377
f 1377/1377 1375/1375 1378/1378
f 4429/4429 4430/4430 4431/4431
f 4431/4431 4440/4440 4421/4421
f 4437/4437 4428/4428 4413/4413
f 4413/4413 4428/4428 4427/4427
f 4405/4405 4438/4438 4408/4408
f 4409/4409 4408/4408 4437/4437
f 4409/4409 4437/4437 4442/4442
f 5233/5233 5236/5236 5231/5231
f 5231/5231 5232/5232 5233/5233
f 5205/5205 5124/5124 5206/5206
f 4428/4428 4430/4430 4429/4429
f 5124/5124 5117/5117 5123/5123
f 5123/5123 5117/5117 5119/5119
f 4430/4430 4441/4441 4440/4440
f 4431/4431 4430/4430 4440/4440
f 4408/4408 4438/4438 4437/4437
f 1022/1022 1019/1019 1021/1021
f 5127/5127 5119/5119 5131/5131
f 1382/1382 1384/1384 1380/1380
f 1382/1382 1380/1380 1379/1379
f 5133/5133 5119/5119 5132/5132
f 1379/1379 1374/1374 1370/1370
f 4430/4430 4432/4432 4441/4441
f 4428/4428 4432/4432 4430/4430
f 4437/4437 4433/4433 4428/4428
f 4438/4438 4433/4433 4437/4437
f 4405/4405 4451/4451 4438/4438
f 1020/1020 1010/1010 1019/1019
f 5129/5129 5128/5128 5127/5127
f 5129/5129 5127/5127 5131/5131
f 5119/5119 5133/5133 5199/5199
f 1385/1385 1384/1384 1382/1382
f 1374/1374 1371/1371 1370/1370
f 1370/1370 1371/1371 1372/1372
f 4428/4428 4433/4433 4434/4434
f 4434/4434 4432/4432 4428/4428
f 4451/4451 4439/4439 4438/4438
f 5199/5199 5133/5133 5135/5135
f 5135/5135 5133/5133 5134/5134
f 5135/5135 5134/5134 5136/5136
f 1380/1380 1374/1374 1379/1379
f 1371/1371 1373/1373 1372/1372
f 4432/4432 4435/4435 4436/4436
f 4432/4432 4436/4436 4441/4441
f 1372/1372 1373/1373 1375/1375
f 4434/4434 4435/4435 4432/4432
f 4438/4438 4439/4439 4433/4433
f 1373/1373 1388/1388 1375/1375
f 4451/4451 4452/4452 4439/4439
f 4439/4439 4447/4447 4434/4434
f 1385/1385 1387/1387 1384/1384
f 1384/1384 1387/1387 1380/1380
f 1632/1632 1630/1630 1631/1631
f 1611/1611 1615/1615 1612/1612
f 1380/1380 1387/1387 1374/1374
f 1617/1617 1618/1618 1628/1628
f 1628/1628 1618/1618 1629/1629
f 1618/1618 1623/1623 1630/1630
f 1629/1629 1618/1618 1630/1630
f 2209/2209 2214/2214 2204/2204
f 1479/1479 1480/1480 1478/1478
f 1476/1476 1479/1479 1478/1478
f 2203/2203 2208/2208 2202/2202
f 2199/2199 2198/2198 2200/2200
f 2202/2202 2208/2208 2209/2209
f 2559/2559 2560/2560 2550/2550
f 1499/1499 1496/1496 1472/1472
f 1472/1472 1496/1496 1479/1479
f 1472/1472 1479/1479 1476/1476
f 1476/1476 1478/1478 1477/1477
f 1478/1478 1480/1480 1477/1477
f 1477/1477 1480/1480 1481/1481
f 2528/2528 2530/2530 2531/2531
f 2202/2202 2198/2198 2195/2195
f 2195/2195 2198/2198 2197/2197
f 2197/2197 2198/2198 2199/2199
f 1472/1472 1476/1476 1475/1475
f 1473/1473 1472/1472 1475/1475
f 2527/2527 2529/2529 2528/2528
f 1475/1475 1476/1476 1477/1477
f 2528/2528 2531/2531 2532/2532
f 2528/2528 2532/2532 2533/2533
f 2192/2192 2194/2194 2190/2190
f 2546/2546 2550/2550 2545/2545
f 1471/1471 1474/1474 1472/1472
f 1471/1471 1472/1472 1473/1473
f 1485/1485 1473/1473 1475/1475
f 2206/2206 2194/2194 2192/2192
f 2189/2189 2190/2190 2186/2186
f 2186/2186 2188/2188 2187/2187
f 2196/2196 2195/2195 2197/2197
f 1895/1895 1896/1896 1892/1892
f 2551/2551 2546/2546 2547/2547
f 1492/1492 1516/1516 1491/1491
f 1492/1492 1491/1491 1490/1490
f 1490/1490 1491/1491 1486/1486
f 1486/1486 1488/1488 1471/1471
f 2525/2525 2527/2527 2526/2526
f 1483/1483 1471/1471 1482/1482
f 1471/1471 1473/1473 1482/1482
f 1482/1482 1473/1473 1485/1485
f 1482/1482 1485/1485 1495/1495
f 2526/2526 2527/2527 2528/2528
f 2534/2534 2528/2528 2533/2533
f 2217/2217 2219/2219 2206/2206
f 2191/2191 2192/2192 2190/2190
f 2191/2191 2190/2190 2189/2189
f 2185/2185 2186/2186 2187/2187
f 2188/2188 2195/2195 2187/2187
f 2187/2187 2195/2195 2196/2196
f 2196/2196 2197/2197 2201/2201
f 2201/2201 2197/2197 2199/2199
f 1899/1899 1896/1896 1895/1895
f 1504/1504 1511/1511 1494/1494
f 1494/1494 1492/1492 1493/1493
f 1493/1493 1492/1492 1490/1490
f 1490/1490 1486/1486 1487/1487
f 2524/2524 2525/2525 2526/2526
f 1487/1487 1486/1486 1484/1484
f 1486/1486 1471/1471 1484/1484
f 1484/1484 1471/1471 1483/1483
f 2526/2526 2528/2528 2534/2534
f 3657/3657 3690/3690 3691/3691
f 2205/2205 2206/2206 2192/2192
f 2193/2193 2192/2192 2191/2191
f 1895/1895 1892/1892 1891/1891
f 2548/2548 2553/2553 2549/2549
f 1505/1505 1506/1506 1504/1504
f 1504/1504 1494/1494 1503/1503
f 1503/1503 1494/1494 1502/1502
f 1494/1494 1493/1493 1501/1501
f 1502/1502 1494/1494 1501/1501
f 1493/1493 1490/1490 1487/1487
f 2526/2526 2534/2534 2567/2567
f 2535/2535 2526/2526 2567/2567
f 1543/1543 1540/1540 1541/1541
f 2193/2193 2205/2205 2192/2192
f 1906/1906 1895/1895 1905/1905
f 1891/1891 1892/1892 1893/1893
f 1897/1897 1900/1900 1898/1898
f 1898/1898 1900/1900 1902/1902
f 1509/1509 1506/1506 1508/1508
f 1508/1508 1506/1506 1505/1505
f 1505/1505 1504/1504 1503/1503
f 1503/1503 1502/1502 1507/1507
f 5063/5063 5064/5064 5065/5065
f 3481/3481 3482/3482 3483/3483
f 3483/3483 3482/3482 3502/3502
f 3483/3483 3502/3502 3509/3509
f 3472/3472 3481/3481 3500/3500
f 3500/3500 3481/3481 3483/3483
f 3668/3668 3681/3681 3679/3679
f 3506/3506 3472/3472 3500/3500
f 1667/1667 1668/1668 1669/1669
f 1684/1684 1678/1678 1686/1686
f 1684/1684 1686/1686 1687/1687
f 1905/1905 1895/1895 1891/1891
f 1892/1892 1897/1897 1894/1894
f 1893/1893 1892/1892 1894/1894
f 1898/1898 1902/1902 1903/1903
f 2542/2542 2543/2543 2540/2540
f 2585/2585 2638/2638 2586/2586
f 2540/2540 2524/2524 2537/2537
f 1510/1510 1509/1509 1508/1508
f 3482/3482 3497/3497 3502/3502
f 3470/3470 3478/3478 3472/3472
f 3478/3478 3480/3480 3472/3472
f 3472/3472 3480/3480 3481/3481
f 3481/3481 3480/3480 3482/3482
f 3470/3470 3472/3472 3471/3471
f 3509/3509 3502/3502 3519/3519
f 3473/3473 3471/3471 3472/3472
f 3506/3506 3473/3473 3472/3472
f 4911/4911 4912/4912 4913/4913
f 2220/2220 2217/2217 2218/2218
f 1664/1664 1668/1668 1667/1667
f 2222/2222 2221/2221 2220/2220
f 1677/1677 1669/1669 1679/1679
f 1669/1669 1677/1677 1667/1667
f 1677/1677 1679/1679 1678/1678
f 1677/1677 1678/1678 1676/1676
f 1676/1676 1678/1678 1680/1680
f 1680/1680 1678/1678 1684/1684
f 1684/1684 1687/1687 1688/1688
f 1687/1687 1689/1689 1688/1688
f 1688/1688 1689/1689 1690/1690
f 1891/1891 1893/1893 1907/1907
f 1894/1894 1897/1897 1898/1898
f 2566/2566 2543/2543 2542/2542
f 1514/1514 1513/1513 1512/1512
f 3484/3484 3485/3485 3480/3480
f 3480/3480 3485/3485 3497/3497
f 3488/3488 3484/3484 3478/3478
f 3480/3480 3497/3497 3482/3482
f 3479/3479 3488/3488 3478/3478
f 3469/3469 3467/3467 3479/3479
f 3478/3478 3484/3484 3480/3480
f 2537/2537 2524/2524 2536/2536
f 3470/3470 3469/3469 3479/3479
f 3470/3470 3479/3479 3478/3478
f 1529/1529 1530/1530 1535/1535
f 3468/3468 3469/3469 3470/3470
f 3502/3502 3497/3497 3516/3516
f 3502/3502 3516/3516 3520/3520
f 3502/3502 3520/3520 3519/3519
f 3474/3474 3468/3468 3471/3471
f 3471/3471 3468/3468 3470/3470
f 3474/3474 3471/3471 3473/3473
f 3508/3508 3474/3474 3473/3473
f 1663/1663 1664/1664 1662/1662
f 1683/1683 1680/1680 1684/1684
f 1683/1683 1684/1684 1685/1685
f 1685/1685 1684/1684 1688/1688
f 4237/4237 4236/4236 4233/4233
f 4236/4236 4235/4235 4233/4233
f 1901/1901 1893/1893 1894/1894
f 2807/2807 2814/2814 2818/2818
f 2542/2542 2540/2540 2541/2541
f 2541/2541 2540/2540 2539/2539
f 3485/3485 3499/3499 3497/3497
f 3497/3497 3499/3499 3515/3515
f 2539/2539 2540/2540 2537/2537
f 1522/1522 1520/1520 1521/1521
f 1521/1521 1520/1520 1515/1515
f 1515/1515 1513/1513 1514/1514
f 3516/3516 3497/3497 3515/3515
f 2539/2539 2537/2537 2538/2538
f 3266/3266 3271/3271 3267/3267
f 3271/3271 3272/3272 3267/3267
f 3267/3267 3272/3272 3275/3275
f 3467/3467 3488/3488 3479/3479
f 3270/3270 3278/3278 3266/3266
f 3516/3516 3515/3515 3521/3521
f 3464/3464 3467/3467 3469/3469
f 2538/2538 2537/2537 2536/2536
f 3520/3520 3516/3516 3521/3521
f 3468/3468 3464/3464 3469/3469
f 1558/1558 1535/1535 1530/1530
f 3475/3475 3468/3468 3474/3474
f 3477/3477 3475/3475 3474/3474
f 3477/3477 3474/3474 3508/3508
f 3490/3490 3477/3477 3508/3508
f 2226/2226 2225/2225 2220/2220
f 1671/1671 1677/1677 1676/1676
f 4233/4233 4235/4235 4234/4234
f 1685/1685 1688/1688 1691/1691
f 1691/1691 1688/1688 1690/1690
f 1901/1901 1907/1907 1893/1893
f 4232/4232 4237/4237 4233/4233
f 3511/3511 3513/3513 3505/3505
f 3505/3505 3513/3513 3501/3501
f 3501/3501 3513/3513 3514/3514
f 2807/2807 2818/2818 2808/2808
f 2566/2566 2542/2542 2565/2565
f 2565/2565 2542/2542 2544/2544
f 3485/3485 3495/3495 3498/3498
f 3486/3486 3495/3495 3485/3485
f 3485/3485 3498/3498 3499/3499
f 3499/3499 3498/3498 3510/3510
f 3487/3487 3486/3486 3484/3484
f 3484/3484 3486/3486 3485/3485
f 3499/3499 3510/3510 3515/3515
f 3463/3463 3487/3487 3488/3488
f 3467/3467 3451/3451 3453/3453
f 3453/3453 3463/3463 3467/3467
f 3467/3467 3463/3463 3488/3488
f 3449/3449 3451/3451 3467/3467
f 3456/3456 3449/3449 3467/3467
f 3270/3270 3266/3266 3268/3268
f 3266/3266 3267/3267 3268/3268
f 3268/3268 3267/3267 3269/3269
f 3267/3267 3275/3275 3269/3269
f 3458/3458 3456/3456 3467/3467
f 3458/3458 3467/3467 3464/3464
f 3521/3521 3522/3522 3520/3520
f 3458/3458 3464/3464 3460/3460
f 3476/3476 3464/3464 3468/3468
f 3476/3476 3468/3468 3475/3475
f 3476/3476 3475/3475 3477/3477
f 3491/3491 3476/3476 3490/3490
f 3490/3490 3476/3476 3477/3477
f 3665/3665 3682/3682 3673/3673
f 1661/1661 1663/1663 1662/1662
f 1662/1662 1664/1664 1660/1660
f 1660/1660 1664/1664 1667/1667
f 1667/1667 1677/1677 1671/1671
f 4188/4188 4233/4233 4234/4234
f 4232/4232 4233/4233 4188/4188
f 1680/1680 1683/1683 1681/1681
f 1681/1681 1683/1683 1685/1685
f 4182/4182 4237/4237 4232/4232
f 3495/3495 3501/3501 3514/3514
f 3495/3495 3514/3514 3507/3507
f 3514/3514 3512/3512 3507/3507
f 1685/1685 1691/1691 1704/1704
f 3504/3504 3511/3511 3503/3503
f 3503/3503 3511/3511 3505/3505
f 3498/3498 3495/3495 3507/3507
f 3498/3498 3507/3507 3510/3510
f 2807/2807 2808/2808 2809/2809
f 3503/3503 3505/3505 3489/3489
f 3489/3489 3505/3505 3501/3501
f 3486/3486 3501/3501 3495/3495
f 3504/3504 3503/3503 3494/3494
f 3494/3494 3503/3503 3489/3489
f 3489/3489 3501/3501 3486/3486
f 2544/2544 2542/2542 2541/2541
f 3494/3494 3489/3489 3493/3493
f 3493/3493 3489/3489 3487/3487
f 1653/1653 1654/1654 1652/1652
f 3463/3463 3493/3493 3487/3487
f 3515/3515 3525/3525 3523/3523
f 3521/3521 3515/3515 3523/3523
f 3521/3521 3523/3523 3522/3522
f 3268/3268 3269/3269 3274/3274
f 3465/3465 3460/3460 3464/3464
f 4059/4059 4058/4058 4057/4057
f 3466/3466 3465/3465 3464/3464
f 4057/4057 4054/4054 4053/4053
f 3492/3492 3466/3466 3476/3476
f 3466/3466 3464/3464 3476/3476
f 3496/3496 3492/3492 3491/3491
f 4053/4053 4054/4054 4055/4055
f 3491/3491 3492/3492 3476/3476
f 3674/3674 3656/3656 3665/3665
f 3665/3665 3656/3656 3682/3682
f 3671/3671 3674/3674 3665/3665
f 4115/4115 4114/4114 4112/4112
f 4114/4114 4113/4113 4112/4112
f 4112/4112 4113/4113 4109/4109
f 1659/1659 1661/1661 1657/1657
f 1657/1657 1661/1661 1662/1662
f 2227/2227 2225/2225 2226/2226
f 1660/1660 1667/1667 1670/1670
f 5082/5082 5081/5081 5080/5080
f 4230/4230 4231/4231 4189/4189
f 1670/1670 1667/1667 1671/1671
f 4182/4182 4232/4232 4188/4188
f 1674/1674 1676/1676 1680/1680
f 1649/1649 1681/1681 1685/1685
f 1649/1649 1685/1685 1704/1704
f 3510/3510 3507/3507 3512/3512
f 1894/1894 1898/1898 1904/1904
f 3510/3510 3512/3512 3524/3524
f 1649/1649 1704/1704 1644/1644
f 3510/3510 3524/3524 3525/3525
f 3517/3517 3504/3504 3494/3494
f 3518/3518 3517/3517 3494/3494
f 3515/3515 3510/3510 3525/3525
f 3493/3493 3518/3518 3494/3494
f 1645/1645 1653/1653 1652/1652
f 4050/4050 4045/4045 4047/4047
f 3273/3273 3268/3268 3274/3274
f 3276/3276 3270/3270 3273/3273
f 3273/3273 3270/3270 3268/3268
f 4064/4064 4062/4062 4063/4063
f 4060/4060 4057/4057 4053/4053
f 4090/4090 4094/4094 4091/4091
f 4056/4056 4053/4053 4055/4055
f 3675/3675 3654/3654 3674/3674
f 4105/4105 4102/4102 4103/4103
f 4115/4115 4112/4112 4116/4116
f 4116/4116 4112/4112 4111/4111
f 4111/4111 4112/4112 4110/4110
f 4465/4465 4466/4466 4464/4464
f 3855/3855 3856/3856 3857/3857
f 1656/1656 1659/1659 1657/1657
f 1660/1660 1657/1657 1662/1662
f 1655/1655 1656/1656 1657/1657
f 5080/5080 5079/5079 5083/5083
f 2275/2275 2276/2276 2301/2301
f 2280/2280 2292/2292 2276/2276
f 1674/1674 1671/1671 1676/1676
f 1674/1674 1680/1680 1651/1651
f 1680/1680 1681/1681 1651/1651
f 1651/1651 1681/1681 1649/1649
f 3524/3524 3526/3526 3525/3525
f 1645/1645 1652/1652 1639/1639
f 1644/1644 1645/1645 1639/1639
f 3276/3276 3273/3273 3277/3277
f 3655/3655 3654/3654 3675/3675
f 3676/3676 3700/3700 3677/3677
f 3676/3676 3677/3677 3675/3675
f 3677/3677 3655/3655 3675/3675
f 4111/4111 4105/4105 4107/4107
f 4115/4115 4116/4116 4117/4117
f 4465/4465 4464/4464 4463/4463
f 3855/3855 3859/3859 3875/3875
f 2268/2268 2273/2273 2271/2271
f 1658/1658 1657/1657 1660/1660
f 1665/1665 1655/1655 1658/1658
f 1666/1666 1660/1660 1670/1670
f 1670/1670 1671/1671 1673/1673
f 1673/1673 1671/1671 1674/1674
f 1651/1651 1649/1649 1638/1638
f 1638/1638 1649/1649 1644/1644
f 1639/1639 1638/1638 1644/1644
f 4050/4050 4047/4047 4048/4048
f 4047/4047 4046/4046 4048/4048
f 4046/4046 4049/4049 4048/4048
f 3882/3882 3858/3858 3880/3880
f 4107/4107 4105/4105 4097/4097
f 3880/3880 3858/3858 3876/3876
f 4117/4117 4116/4116 4118/4118
f 4118/4118 4116/4116 4121/4121
f 4121/4121 4116/4116 4120/4120
f 4116/4116 4111/4111 4120/4120
f 3876/3876 3858/3858 3855/3855
f 4467/4467 4465/4465 4460/4460
f 4463/4463 4464/4464 4462/4462
f 4460/4460 4465/4465 4463/4463
f 3876/3876 3855/3855 3875/3875
f 1658/1658 1660/1660 1666/1666
f 1666/1666 1670/1670 1672/1672
f 4914/4914 4915/4915 4916/4916
f 3069/3069 3068/3068 3041/3041
f 1672/1672 1670/1670 1675/1675
f 1675/1675 1670/1670 1673/1673
f 3047/3047 3069/3069 3041/3041
f 3047/3047 3041/3041 3039/3039
f 3053/3053 3047/3047 3052/3052
f 3052/3052 3047/3047 3039/3039
f 3037/3037 3034/3034 3050/3050
f 3030/3030 3034/3034 3037/3037
f 3037/3037 3050/3050 3036/3036
f 3036/3036 3050/3050 3059/3059
f 3035/3035 3031/3031 3030/3030
f 3035/3035 3030/3030 3036/3036
f 3030/3030 3037/3037 3036/3036
f 3036/3036 3059/3059 3060/3060
f 1692/1692 1674/1674 1651/1651
f 3058/3058 3053/3053 3052/3052
f 3057/3057 3035/3035 3036/3036
f 1635/1635 1638/1638 1639/1639
f 4073/4073 4124/4124 4089/4089
f 4390/4390 4391/4391 4382/4382
f 3883/3883 3882/3882 3880/3880
f 4121/4121 4120/4120 4108/4108
f 3879/3879 3880/3880 3876/3876
f 4457/4457 4460/4460 4458/4458
f 4119/4119 4117/4117 4118/4118
f 4467/4467 4460/4460 4457/4457
f 693/693 695/695 712/712
f 4460/4460 4463/4463 4458/4458
f 3876/3876 3875/3875 3872/3872
f 3872/3872 3875/3875 3873/3873
f 3875/3875 3859/3859 3873/3873
f 3859/3859 3881/3881 3873/3873
f 4924/4924 4921/4921 4919/4919
f 4917/4917 4919/4919 4918/4918
f 3042/3042 3046/3046 3045/3045
f 3042/3042 3045/3045 3043/3043
f 2263/2263 2285/2285 2300/2300
f 2299/2299 2263/2263 2300/2300
f 1658/1658 1666/1666 1682/1682
f 1763/1763 1658/1658 1682/1682
f 3042/3042 3043/3043 3038/3038
f 3043/3043 3054/3054 3044/3044
f 3038/3038 3043/3043 3044/3044
f 1682/1682 1666/1666 1672/1672
f 3041/3041 3042/3042 3038/3038
f 3038/3038 3044/3044 3033/3033
f 3041/3041 3038/3038 3039/3039
f 3038/3038 3033/3033 3032/3032
f 3032/3032 3033/3033 3026/3026
f 3026/3026 3028/3028 3029/3029
f 3039/3039 3038/3038 3032/3032
f 3030/3030 3026/3026 3029/3029
f 3032/3032 3026/3026 3031/3031
f 3026/3026 3030/3030 3031/3031
f 3030/3030 3029/3029 3034/3034
f 3035/3035 3032/3032 3031/3031
f 3040/3040 3039/3039 3032/3032
f 3040/3040 3032/3032 3035/3035
f 3049/3049 3052/3052 3039/3039
f 3039/3039 3040/3040 3049/3049
f 3057/3057 3040/3040 3035/3035
f 1698/1698 1694/1694 1693/1693
f 1694/1694 1692/1692 1693/1693
f 1693/1693 1692/1692 1648/1648
f 1692/1692 1651/1651 1648/1648
f 1648/1648 1651/1651 1638/1638
f 1709/1709 1707/1707 1706/1706
f 1707/1707 1705/1705 1706/1706
f 1706/1706 1705/1705 1702/1702
f 1702/1702 1705/1705 1701/1701
f 1702/1702 1701/1701 1700/1700
f 1700/1700 1701/1701 1698/1698
f 1712/1712 1709/1709 1711/1711
f 1711/1711 1709/1709 1706/1706
f 1648/1648 1638/1638 1637/1637
f 1637/1637 1638/1638 1635/1635
f 3883/3883 3880/3880 3879/3879
f 3879/3879 3876/3876 3877/3877
f 4457/4457 4458/4458 4459/4459
f 4459/4459 4458/4458 4461/4461
f 4458/4458 4462/4462 4461/4461
f 3874/3874 3877/3877 3876/3876
f 3872/3872 3874/3874 3876/3876
f 3873/3873 3881/3881 3870/3870
f 2253/2253 2269/2269 2281/2281
f 4919/4919 4921/4921 4920/4920
f 3046/3046 3051/3051 3048/3048
f 3046/3046 3048/3048 3045/3045
f 3045/3045 3048/3048 3056/3056
f 3045/3045 3056/3056 3055/3055
f 3043/3043 3045/3045 3055/3055
f 3043/3043 3055/3055 3054/3054
f 2264/2264 2263/2263 2298/2298
f 2298/2298 2263/2263 2299/2299
f 3054/3054 3055/3055 3062/3062
f 3054/3054 3062/3062 3044/3044
f 3044/3044 3062/3062 3033/3033
f 3026/3026 3027/3027 3028/3028
f 1700/1700 1698/1698 1699/1699
f 1699/1699 1698/1698 1695/1695
f 1698/1698 1693/1693 1695/1695
f 1695/1695 1693/1693 1648/1648
f 1708/1708 1706/1706 1702/1702
f 1711/1711 1706/1706 1715/1715
f 1715/1715 1706/1706 1708/1708
f 1713/1713 1712/1712 1711/1711
f 1713/1713 1711/1711 1714/1714
f 1714/1714 1711/1711 1715/1715
f 1637/1637 1635/1635 1634/1634
f 1633/1633 1635/1635 1636/1636
f 1724/1724 1722/1722 1725/1725
f 1633/1633 1636/1636 1641/1641
f 1726/1726 1734/1734 1728/1728
f 4375/4375 4376/4376 4377/4377
f 4382/4382 4381/4381 4377/4377
f 3867/3867 3872/3872 3873/3873
f 3867/3867 3873/3873 3870/3870
f 3867/3867 3870/3870 3864/3864
f 2973/2973 2971/2971 2972/2972
f 3051/3051 3061/3061 3048/3048
f 3048/3048 3061/3061 3056/3056
f 3055/3055 3056/3056 3064/3064
f 3055/3055 3064/3064 3083/3083
f 3055/3055 3083/3083 3062/3062
f 2288/2288 2264/2264 2298/2298
f 3615/3615 3640/3640 3639/3639
f 3615/3615 3639/3639 3616/3616
f 3615/3615 3616/3616 3617/3617
f 3616/3616 3618/3618 3617/3617
f 3634/3634 3617/3617 3618/3618
f 1717/1717 1699/1699 1695/1695
f 1702/1702 1700/1700 1699/1699
f 1648/1648 1637/1637 1647/1647
f 1708/1708 1702/1702 1703/1703
f 1703/1703 1702/1702 1699/1699
f 1718/1718 1713/1713 1714/1714
f 1633/1633 1634/1634 1635/1635
f 1720/1720 1718/1718 1714/1714
f 1720/1720 1714/1714 1721/1721
f 1720/1720 1721/1721 1722/1722
f 1722/1722 1721/1721 1725/1725
f 1725/1725 1721/1721 1757/1757
f 1725/1725 1757/1757 1734/1734
f 1734/1734 1758/1758 1728/1728
f 1723/1723 1720/1720 1722/1722
f 1725/1725 1734/1734 1726/1726
f 1724/1724 1723/1723 1722/1722
f 1724/1724 1725/1725 1726/1726
f 1633/1633 1641/1641 1643/1643
f 1724/1724 1726/1726 1727/1727
f 1733/1733 1724/1724 1727/1727
f 1727/1727 1726/1726 1728/1728
f 1728/1728 1730/1730 1729/1729
f 1730/1730 1731/1731 1729/1729
f 1729/1729 1731/1731 1732/1732
f 1731/1731 1735/1735 1732/1732
f 1735/1735 1736/1736 1732/1732
f 1729/1729 1727/1727 1728/1728
f 1740/1740 1729/1729 1732/1732
f 4378/4378 4375/4375 4377/4377
f 712/712 708/708 711/711
f 3925/3925 3877/3877 3874/3874
f 3872/3872 3867/3867 3866/3866
f 3874/3874 3872/3872 3866/3866
f 3866/3866 3867/3867 3864/3864
f 3864/3864 3870/3870 3861/3861
f 4929/4929 4928/4928 4925/4925
f 4925/4925 4926/4926 4923/4923
f 4922/4922 4925/4925 4923/4923
f 2277/2277 2267/2267 2287/2287
f 2267/2267 2266/2266 2286/2286
f 3061/3061 3066/3066 3064/3064
f 3064/3064 3066/3066 3071/3071
f 2286/2286 2266/2266 2288/2288
f 3064/3064 3071/3071 3083/3083
f 3620/3620 3638/3638 3640/3640
f 3620/3620 3640/3640 3615/3615
f 3634/3634 3619/3619 3617/3617
f 3617/3617 3619/3619 3615/3615
f 1695/1695 1648/1648 1647/1647
f 1699/1699 1717/1717 1716/1716
f 1710/1710 1708/1708 1703/1703
f 1714/1714 1708/1708 1710/1710
f 1721/1721 1714/1714 1710/1710
f 1721/1721 1710/1710 1757/1757
f 1757/1757 1710/1710 1758/1758
f 1634/1634 1633/1633 1642/1642
f 1728/1728 1758/1758 1730/1730
f 1758/1758 1759/1759 1730/1730
f 1730/1730 1759/1759 1731/1731
f 1731/1731 1759/1759 1760/1760
f 1731/1731 1760/1760 1735/1735
f 1642/1642 1633/1633 1650/1650
f 1736/1736 1633/1633 1739/1739
f 1739/1739 1633/1633 1643/1643
f 1723/1723 1724/1724 1733/1733
f 1732/1732 1736/1736 1737/1737
f 1736/1736 1739/1739 1738/1738
f 1737/1737 1736/1736 1738/1738
f 1741/1741 1727/1727 1729/1729
f 1741/1741 1729/1729 1740/1740
f 1737/1737 1740/1740 1732/1732
f 4377/4377 4381/4381 4380/4380
f 4380/4380 4383/4383 4385/4385
f 3877/3877 3925/3925 3956/3956
f 3913/3913 3874/3874 3866/3866
f 3865/3865 3864/3864 3861/3861
f 4931/4931 4930/4930 4929/4929
f 3074/3074 3072/3072 3080/3080
f 2277/2277 2239/2239 2236/2236
f 3080/3080 3072/3072 3065/3065
f 2239/2239 2287/2287 2290/2290
f 2290/2290 2287/2287 2289/2289
f 3063/3063 3065/3065 3061/3061
f 2289/2289 2287/2287 2286/2286
f 3635/3635 3638/3638 3625/3625
f 3625/3625 3638/3638 3620/3620
f 3621/3621 3622/3622 3620/3620
f 3619/3619 3621/3621 3620/3620
f 1697/1697 1717/1717 1695/1695
f 1696/1696 1695/1695 1647/1647
f 1696/1696 1647/1647 1640/1640
f 1703/1703 1699/1699 1716/1716
f 1647/1647 1637/1637 1640/1640
f 1640/1640 1637/1637 1634/1634
f 1710/1710 1703/1703 1751/1751
f 1751/1751 1703/1703 1719/1719
f 1751/1751 1719/1719 1759/1759
f 1759/1759 1719/1719 1760/1760
f 212/212 256/256 211/211
f 1735/1735 1760/1760 1761/1761
f 208/208 211/211 95/95
f 1743/1743 1723/1723 1733/1733
f 1743/1743 1733/1733 1744/1744
f 1733/1733 1727/1727 1744/1744
f 1740/1740 1737/1737 1746/1746
f 1747/1747 1737/1737 1742/1742
f 1737/1737 1738/1738 1742/1742
f 1744/1744 1727/1727 1741/1741
f 1741/1741 1740/1740 1745/1745
f 1745/1745 1740/1740 1746/1746
f 2731/2731 2734/2734 2723/2723
f 3863/3863 3866/3866 3864/3864
f 3863/3863 3864/3864 3865/3865
f 3865/3865 3861/3861 3860/3860
f 3860/3860 3861/3861 3862/3862
f 2245/2245 2248/2248 2247/2247
f 4933/4933 4932/4932 4931/4931
f 4931/4931 4932/4932 4930/4930
f 3074/3074 3073/3073 3072/3072
f 3065/3065 3013/3013 3061/3061
f 3061/3061 3013/3013 3067/3067
f 3061/3061 3067/3067 3066/3066
f 3066/3066 3067/3067 3071/3071
f 3623/3623 3624/3624 3620/3620
f 3624/3624 3625/3625 3620/3620
f 3622/3622 3623/3623 3620/3620
f 1716/1716 1717/1717 1697/1697
f 1697/1697 1695/1695 1696/1696
f 1719/1719 1703/1703 1716/1716
f 1719/1719 1716/1716 1697/1697
f 1640/1640 1634/1634 1646/1646
f 1646/1646 1634/1634 1642/1642
f 1761/1761 1760/1760 1762/1762
f 212/212 211/211 210/210
f 1762/1762 1642/1642 1650/1650
f 74/74 83/83 81/81
f 5254/5254 5256/5256 5249/5249
f 1746/1746 1737/1737 1747/1747
f 5249/5249 5250/5250 5251/5251
f 2752/2752 2753/2753 2755/2755
f 1745/1745 1744/1744 1741/1741
f 4389/4389 4379/4379 4380/4380
f 4386/4386 4385/4385 4392/4392
f 3956/3956 3925/3925 3957/3957
f 3957/3957 3925/3925 3923/3923
f 3923/3923 3925/3925 3874/3874
f 692/692 711/711 706/706
f 3866/3866 3863/3863 3913/3913
f 3863/3863 3865/3865 3860/3860
f 3075/3075 3076/3076 3073/3073
f 3073/3073 3003/3003 3072/3072
f 3072/3072 3001/3001 3065/3065
f 2236/2236 2239/2239 2238/2238
f 3005/3005 3065/3065 3001/3001
f 3606/3606 3607/3607 3608/3608
f 3067/3067 3013/3013 3070/3070
f 3608/3608 3607/3607 3609/3609
f 3608/3608 3609/3609 3611/3611
f 3611/3611 3609/3609 3612/3612
f 3629/3629 3635/3635 3626/3626
f 3624/3624 3626/3626 3625/3625
f 3626/3626 3635/3635 3625/3625
f 3623/3623 3633/3633 3624/3624
f 1133/1133 1143/1143 1121/1121
f 1121/1121 1143/1143 1130/1130
f 1760/1760 1696/1696 1640/1640
f 1130/1130 1144/1144 1129/1129
f 1760/1760 1640/1640 1762/1762
f 1762/1762 1640/1640 1646/1646
f 1762/1762 1646/1646 1642/1642
f 210/210 208/208 209/209
f 209/209 208/208 87/87
f 87/87 208/208 95/95
f 921/921 908/908 912/912
f 74/74 81/81 68/68
f 68/68 81/81 82/82
f 5255/5255 5254/5254 5252/5252
f 3355/3355 3306/3306 3354/3354
f 5069/5069 5070/5070 5071/5071
f 5069/5069 5071/5071 5072/5072
f 1748/1748 1743/1743 1744/1744
f 84/84 173/173 172/172
f 172/172 173/173 174/174
f 1749/1749 1748/1748 1744/1744
f 1747/1747 1742/1742 1752/1752
f 1749/1749 1744/1744 1745/1745
f 201/201 207/207 183/183
f 185/185 201/201 183/183
f 183/183 207/207 193/193
f 193/193 207/207 213/213
f 193/193 213/213 197/197
f 5027/5027 5029/5029 5028/5028
f 2760/2760 2722/2722 2724/2724
f 3991/3991 3957/3957 3923/3923
f 2109/2109 2118/2118 2106/2106
f 2106/2106 2118/2118 2107/2107
f 2107/2107 2118/2118 2119/2119
f 2107/2107 2119/2119 2100/2100
f 2100/2100 2119/2119 2101/2101
f 3913/3913 3863/3863 3868/3868
f 3868/3868 3863/3863 3860/3860
f 2244/2244 2248/2248 2245/2245
f 3076/3076 3002/3002 3073/3073
f 3076/3076 3075/3075 3079/3079
f 3073/3073 3002/3002 3003/3003
f 3072/3072 3003/3003 3001/3001
f 2232/2232 2235/2235 2234/2234
f 2235/2235 2236/2236 2234/2234
f 2234/2234 2236/2236 2237/2237
f 2237/2237 2236/2236 2238/2238
f 3613/3613 3606/3606 3608/3608
f 3630/3630 3636/3636 3629/3629
f 3643/3643 3650/3650 3649/3649
f 3624/3624 3627/3627 3626/3626
f 3752/3752 3751/3751 3755/3755
f 3755/3755 3751/3751 3756/3756
f 1108/1108 1141/1141 1132/1132
f 1132/1132 1134/1134 1104/1104
f 1134/1134 1133/1133 1104/1104
f 1104/1104 1133/1133 1109/1109
f 1109/1109 1133/1133 1121/1121
f 1121/1121 1130/1130 1117/1117
f 1117/1117 1130/1130 1129/1129
f 1117/1117 1129/1129 1123/1123
f 87/87 95/95 75/75
f 75/75 74/74 52/52
f 2962/2962 2960/2960 2948/2948
f 2960/2960 2953/2953 2948/2948
f 2948/2948 2953/2953 2943/2943
f 2943/2943 2953/2953 2954/2954
f 2943/2943 2954/2954 2950/2950
f 68/68 82/82 84/84
f 84/84 172/172 85/85
f 1750/1750 1748/1748 1749/1749
f 172/172 174/174 177/177
f 197/197 213/213 214/214
f 197/197 214/214 204/204
f 4387/4387 4380/4380 4386/4386
f 4387/4387 4386/4386 4388/4388
f 5026/5026 5027/5027 5028/5028
f 3741/3741 3743/3743 3744/3744
f 3741/3741 3744/3744 3749/3749
f 2104/2104 2109/2109 2106/2106
f 3923/3923 3874/3874 3913/3913
f 2767/2767 2774/2774 2766/2766
f 3913/3913 3868/3868 3906/3906
f 3862/3862 3884/3884 3878/3878
f 3860/3860 3862/3862 3878/3878
f 4709/4709 4712/4712 4719/4719
f 2249/2249 2248/2248 2244/2244
f 3079/3079 3078/3078 3076/3076
f 3078/3078 3077/3077 3076/3076
f 3076/3076 3077/3077 3002/3002
f 3096/3096 3081/3081 3079/3079
f 3002/3002 2996/2996 3003/3003
f 2228/2228 2235/2235 2232/2232
f 3003/3003 2996/2996 2999/2999
f 3001/3001 3003/3003 2999/2999
f 3614/3614 3606/3606 3613/3613
f 3628/3628 3630/3630 3629/3629
f 3626/3626 3628/3628 3629/3629
f 4519/4519 4512/4512 4526/4526
f 3627/3627 3628/3628 3626/3626
f 1106/1106 1141/1141 1105/1105
f 1105/1105 1141/1141 1108/1108
f 1108/1108 1132/1132 1104/1104
f 1109/1109 1121/1121 1102/1102
f 1102/1102 1121/1121 1117/1117
f 87/87 75/75 57/57
f 57/57 75/75 52/52
f 2961/2961 2962/2962 2948/2948
f 52/52 74/74 68/68
f 2947/2947 2943/2943 2950/2950
f 2950/2950 2963/2963 2952/2952
f 2947/2947 2950/2950 2952/2952
f 68/68 84/84 85/85
f 85/85 172/172 177/177
f 177/177 174/174 187/187
f 1756/1756 1755/1755 1754/1754
f 1754/1754 1755/1755 1750/1750
f 1754/1754 1750/1750 1753/1753
f 1750/1750 1749/1749 1753/1753
f 200/200 201/201 185/185
f 186/186 185/185 184/184
f 185/185 183/183 184/184
f 204/204 221/221 194/194
f 3742/3742 3746/3746 3747/3747
f 3742/3742 3747/3747 3748/3748
f 3745/3745 3746/3746 3742/3742
f 3745/3745 3742/3742 3741/3741
f 2120/2120 2110/2110 2108/2108
f 3741/3741 3742/3742 3743/3743
f 2108/2108 2110/2110 2104/2104
f 3749/3749 3745/3745 3741/3741
f 3992/3992 3991/3991 3923/3923
f 2104/2104 2106/2106 2098/2098
f 2106/2106 2107/2107 2098/2098
f 3923/3923 3913/3913 3924/3924
f 2098/2098 2107/2107 2100/2100
f 2100/2100 2101/2101 2099/2099
f 2098/2098 2100/2100 2099/2099
f 2099/2099 2101/2101 2102/2102
f 2763/2763 2765/2765 2768/2768
f 3860/3860 3878/3878 3871/3871
f 2260/2260 2256/2256 2251/2251
f 4699/4699 4711/4711 4709/4709
f 3078/3078 2991/2991 3077/3077
f 2244/2244 2245/2245 2228/2228
f 3081/3081 3078/3078 3079/3079
f 3077/3077 2988/2988 3002/3002
f 3002/3002 2988/2988 2996/2996
f 3597/3597 3598/3598 3596/3596
f 3631/3631 3637/3637 3632/3632
f 3596/3596 3598/3598 3599/3599
f 3012/3012 3005/3005 3006/3006
f 3603/3603 3602/3602 3599/3599
f 3630/3630 3631/3631 3632/3632
f 3012/3012 3025/3025 3015/3015
f 3628/3628 3631/3631 3630/3630
f 837/837 855/855 856/856
f 1137/1137 1113/1113 1086/1086
f 1136/1136 1137/1137 1086/1086
f 1086/1086 1113/1113 1106/1106
f 1086/1086 1106/1106 1080/1080
f 1080/1080 1106/1106 1105/1105
f 1105/1105 1108/1108 1078/1078
f 1078/1078 1108/1108 1104/1104
f 1078/1078 1104/1104 1079/1079
f 1079/1079 1104/1104 1092/1092
f 1092/1092 1104/1104 1109/1109
f 1092/1092 1109/1109 1102/1102
f 1120/1120 1117/1117 1123/1123
f 3562/3562 3566/3566 3567/3567
f 2957/2957 2962/2962 2961/2961
f 52/52 68/68 49/49
f 2941/2941 2943/2943 2947/2947
f 85/85 177/177 153/153
f 200/200 185/185 186/186
f 183/183 193/193 181/181
f 181/181 193/193 197/197
f 181/181 197/197 195/195
f 2123/2123 2120/2120 2108/2108
f 2844/2844 2833/2833 2843/2843
f 4388/4388 4397/4397 4393/4393
f 2105/2105 2108/2108 2104/2104
f 4393/4393 4397/4397 4398/4398
f 2105/2105 2104/2104 2103/2103
f 2103/2103 2104/2104 2098/2098
f 2099/2099 2102/2102 2112/2112
f 2766/2766 2765/2765 2762/2762
f 2767/2767 2766/2766 2762/2762
f 2762/2762 2765/2765 2763/2763
f 3868/3868 3860/3860 3869/3869
f 2246/2246 2249/2249 2244/2244
f 4710/4710 4711/4711 4699/4699
f 3077/3077 2991/2991 2988/2988
f 3081/3081 3084/3084 3078/3078
f 2988/2988 2989/2989 2996/2996
f 2996/2996 2989/2989 2999/2999
f 2231/2231 2228/2228 2232/2232
f 2233/2233 2232/2232 2234/2234
f 3602/3602 3596/3596 3599/3599
f 850/850 831/831 828/828
f 828/828 831/831 830/830
f 831/831 837/837 830/830
f 1136/1136 1086/1086 1083/1083
f 1083/1083 1086/1086 1080/1080
f 1080/1080 1105/1105 1078/1078
f 57/57 52/52 50/50
f 2957/2957 2961/2961 2948/2948
f 2940/2940 2948/2948 2943/2943
f 2940/2940 2943/2943 2941/2941
f 68/68 85/85 69/69
f 187/187 200/200 186/186
f 194/194 221/221 192/192
f 4387/4387 4388/4388 4393/4393
f 192/192 221/221 255/255
f 2103/2103 2098/2098 2097/2097
f 3963/3963 3992/3992 3923/3923
f 2097/2097 2098/2098 2099/2099
f 2773/2773 2767/2767 2762/2762
f 3913/3913 3906/3906 3912/3912
f 3912/3912 3906/3906 3909/3909
f 3909/3909 3906/3906 3899/3899
f 3906/3906 3868/3868 3899/3899
f 3899/3899 3868/3868 3869/3869
f 3869/3869 3860/3860 3871/3871
f 4699/4699 4709/4709 4698/4698
f 2251/2251 2249/2249 2246/2246
f 3078/3078 3084/3084 2991/2991
f 3085/3085 3084/3084 3081/3081
f 3093/3093 3085/3085 3092/3092
f 3085/3085 3081/3081 3092/3092
f 2229/2229 2228/2228 2231/2231
f 2231/2231 2232/2232 2233/2233
f 3004/3004 3007/3007 3006/3006
f 3595/3595 3596/3596 3602/3602
f 4636/4636 4646/4646 4645/4645
f 4651/4651 4656/4656 4647/4647
f 832/832 837/837 848/848
f 837/837 856/856 848/848
f 848/848 856/856 858/858
f 1135/1135 1136/1136 1083/1083
f 1091/1091 1079/1079 1092/1092
f 1102/1102 1117/1117 1107/1107
f 1107/1107 1117/1117 1118/1118
f 1118/1118 1117/1117 1120/1120
f 2959/2959 2957/2957 2940/2940
f 2957/2957 2948/2948 2940/2940
f 2941/2941 2947/2947 2949/2949
f 2947/2947 2952/2952 2951/2951
f 2949/2949 2947/2947 2951/2951
f 5086/5086 5087/5087 5084/5084
f 85/85 153/153 86/86
f 177/177 187/187 156/156
f 153/153 177/177 156/156
f 184/184 183/183 182/182
f 197/197 204/204 194/194
f 195/195 197/197 194/194
f 2123/2123 2108/2108 2111/2111
f 2111/2111 2108/2108 2105/2105
f 3963/3963 3923/3923 3924/3924
f 2097/2097 2099/2099 2114/2114
f 2099/2099 2112/2112 2113/2113
f 2114/2114 2099/2099 2113/2113
f 2763/2763 2768/2768 2769/2769
f 2260/2260 2251/2251 2254/2254
f 2254/2254 2251/2251 2250/2250
f 2250/2250 2251/2251 2246/2246
f 4697/4697 4710/4710 4699/4699
f 2990/2990 3084/3084 3089/3089
f 3087/3087 3086/3086 3085/3085
f 3093/3093 3087/3087 3085/3085
f 2989/2989 2982/2982 2997/2997
f 2261/2261 2231/2231 2233/2233
f 3592/3592 3597/3597 3596/3596
f 4636/4636 4645/4645 4635/4635
f 836/836 854/854 850/850
f 836/836 850/850 828/828
f 4647/4647 4636/4636 4634/4634
f 1083/1083 1080/1080 1081/1081
f 1081/1081 1080/1080 1075/1075
f 1075/1075 1080/1080 1078/1078
f 1077/1077 1078/1078 1079/1079
f 1095/1095 1091/1091 1092/1092
f 1095/1095 1092/1092 1102/1102
f 1095/1095 1102/1102 1107/1107
f 52/52 49/49 50/50
f 49/49 68/68 69/69
f 69/69 85/85 86/86
f 156/156 187/187 165/165
f 187/187 186/186 165/165
f 183/183 181/181 182/182
f 192/192 255/255 178/178
f 2111/2111 2105/2105 2103/2103
f 2103/2103 2097/2097 2117/2117
f 2117/2117 2097/2097 2116/2116
f 2116/2116 2097/2097 2115/2115
f 2115/2115 2097/2097 2114/2114
f 3924/3924 3913/3913 3912/3912
f 2113/2113 2112/2112 2121/2121
f 2776/2776 2773/2773 2762/2762
f 2776/2776 2762/2762 2761/2761
f 2761/2761 2762/2762 2763/2763
f 4698/4698 4709/4709 4708/4708
f 4700/4700 4698/4698 4708/4708
f 2250/2250 2246/2246 2241/2241
f 4697/4697 4699/4699 4698/4698
f 2246/2246 2244/2244 2241/2241
f 2241/2241 2244/2244 2230/2230
f 3086/3086 3089/3089 3084/3084
f 2229/2229 2231/2231 2261/2261
f 3595/3595 3592/3592 3596/3596
f 4635/4635 4650/4650 4641/4641
f 1075/1075 1078/1078 1077/1077
f 1077/1077 1079/1079 1091/1091
f 2940/2940 2941/2941 2942/2942
f 2942/2942 2941/2941 2949/2949
f 86/86 153/153 112/112
f 157/157 186/186 184/184
f 175/175 184/184 182/182
f 181/181 195/195 180/180
f 180/180 195/195 194/194
f 163/163 194/194 192/192
f 3963/3963 3924/3924 3912/3912
f 2114/2114 2113/2113 2122/2122
f 2128/2128 2114/2114 2122/2122
f 2122/2122 2113/2113 2121/2121
f 3916/3916 3912/3912 3914/3914
f 2761/2761 2763/2763 2764/2764
f 3914/3914 3912/3912 3909/3909
f 2764/2764 2763/2763 2770/2770
f 2770/2770 2763/2763 2769/2769
f 4696/4696 4697/4697 4698/4698
f 3089/3089 3086/3086 3090/3090
f 3087/3087 3088/3088 3086/3086
f 3088/3088 3087/3087 3094/3094
f 3591/3591 3592/3592 3595/3595
f 826/826 854/854 836/836
f 4634/4634 4636/4636 4635/4635
f 1085/1085 1135/1135 1083/1083
f 1085/1085 1083/1083 1081/1081
f 1124/1124 1120/1120 1123/1123
f 57/57 50/50 51/51
f 3554/3554 3561/3561 3560/3560
f 50/50 49/49 48/48
f 2949/2949 2951/2951 2964/2964
f 112/112 153/153 156/156
f 165/165 186/186 157/157
f 163/163 192/192 178/178
f 4505/4505 4506/4506 4504/4504
f 1221/1221 1195/1195 1205/1205
f 5088/5088 5089/5089 5090/5090
f 529/529 545/545 540/540
f 2124/2124 2122/2122 2121/2121
f 2776/2776 2761/2761 2777/2777
f 2777/2777 2761/2761 2764/2764
f 704/704 697/697 680/680
f 3869/3869 3871/3871 3922/3922
f 1810/1810 1809/1809 1808/1808
f 4700/4700 4708/4708 4705/4705
f 2255/2255 2254/2254 2250/2250
f 4696/4696 4698/4698 4700/4700
f 2241/2241 2230/2230 2240/2240
f 2230/2230 2229/2229 2240/2240
f 3589/3589 3593/3593 3592/3592
f 3591/3591 3589/3589 3592/3592
f 3014/3014 3016/3016 3009/3009
f 4635/4635 4641/4641 4637/4637
f 825/825 875/875 853/853
f 838/838 832/832 848/848
f 849/849 848/848 858/858
f 1138/1138 1135/1135 1085/1085
f 1119/1119 1118/1118 1120/1120
f 1119/1119 1120/1120 1124/1124
f 87/87 57/57 58/58
f 58/58 57/57 51/51
f 2958/2958 2959/2959 2940/2940
f 2958/2958 2940/2940 2944/2944
f 2940/2940 2942/2942 2944/2944
f 69/69 86/86 78/78
f 86/86 112/112 78/78
f 112/112 156/156 165/165
f 182/182 181/181 175/175
f 180/180 194/194 163/163
f 1221/1221 1205/1205 1209/1209
f 4017/4017 3912/3912 3916/3916
f 2127/2127 2124/2124 2125/2125
f 2125/2125 2124/2124 2121/2121
f 2125/2125 2121/2121 2126/2126
f 2181/2181 2184/2184 2148/2148
f 2777/2777 2764/2764 2771/2771
f 2764/2764 2770/2770 2771/2771
f 2771/2771 2770/2770 2772/2772
f 2770/2770 2769/2769 2772/2772
f 3894/3894 3899/3899 3893/3893
f 3893/3893 3899/3899 3869/3869
f 3893/3893 3869/3869 3922/3922
f 4713/4713 4705/4705 4708/4708
f 2258/2258 2254/2254 2255/2255
f 2255/2255 2250/2250 2243/2243
f 4695/4695 4697/4697 4696/4696
f 2241/2241 2240/2240 2242/2242
f 3091/3091 3090/3090 3088/3088
f 4735/4735 4736/4736 4737/4737
f 3591/3591 3590/3590 3589/3589
f 4641/4641 4642/4642 4637/4637
f 876/876 875/875 825/825
f 4648/4648 4651/4651 4634/4634
f 849/849 838/838 848/848
f 849/849 858/858 866/866
f 1081/1081 1075/1075 1074/1074
f 1075/1075 1077/1077 1076/1076
f 1090/1090 1077/1077 1091/1091
f 1094/1094 1090/1090 1091/1091
f 1094/1094 1091/1091 1095/1095
f 1094/1094 1095/1095 1101/1101
f 1101/1101 1095/1095 1107/1107
f 97/97 87/87 58/58
f 51/51 50/50 48/48
f 2956/2956 2958/2958 2944/2944
f 2944/2944 2942/2942 2945/2945
f 2945/2945 2942/2942 2946/2946
f 2942/2942 2949/2949 2946/2946
f 3428/3428 3426/3426 3425/3425
f 3425/3425 3426/3426 3427/3427
f 49/49 69/69 55/55
f 112/112 165/165 157/157
f 157/157 184/184 175/175
f 4503/4503 4505/4505 4504/4504
f 4016/4016 4017/4017 3916/3916
f 2145/2145 2181/2181 2148/2148
f 2149/2149 2148/2148 2184/2184
f 2151/2151 2149/2149 2160/2160
f 2153/2153 2151/2151 2160/2160
f 2173/2173 2153/2153 2160/2160
f 3909/3909 3899/3899 3896/3896
f 4701/4701 4700/4700 4705/4705
f 2255/2255 2243/2243 2257/2257
f 4701/4701 4696/4696 4700/4700
f 4670/4670 4695/4695 4696/4696
f 2243/2243 2241/2241 2242/2242
f 4667/4667 4672/4672 4670/4670
f 4667/4667 4723/4723 4672/4672
f 3583/3583 3589/3589 3588/3588
f 4735/4735 4737/4737 4760/4760
f 3018/3018 3019/3019 3017/3017
f 3590/3590 3588/3588 3589/3589
f 821/821 876/876 825/825
f 821/821 825/825 823/823
f 1074/1074 1075/1075 1076/1076
f 1090/1090 1076/1076 1077/1077
f 1110/1110 1101/1101 1107/1107
f 1110/1110 1107/1107 1118/1118
f 71/71 58/58 51/51
f 2956/2956 2944/2944 2955/2955
f 2955/2955 2944/2944 2945/2945
f 3356/3356 3302/3302 3349/3349
f 4732/4732 4731/4731 4729/4729
f 55/55 69/69 78/78
f 175/175 181/181 167/167
f 181/181 180/180 167/167
f 167/167 180/180 166/166
f 166/166 180/180 163/163
f 4503/4503 4504/4504 4502/4502
f 4454/4454 4453/4453 4456/4456
f 2145/2145 2143/2143 2182/2182
f 535/535 534/534 528/528
f 2179/2179 2162/2162 2155/2155
f 2182/2182 2181/2181 2145/2145
f 2179/2179 2155/2155 2167/2167
f 2146/2146 2145/2145 2148/2148
f 2167/2167 2155/2155 2150/2150
f 2146/2146 2148/2148 2149/2149
f 2167/2167 2150/2150 2153/2153
f 2146/2146 2149/2149 2151/2151
f 2150/2150 2146/2146 2151/2151
f 2153/2153 2150/2150 2151/2151
f 3914/3914 3909/3909 3896/3896
f 705/705 680/680 686/686
f 705/705 686/686 690/690
f 1814/1814 1815/1815 1813/1813
f 1813/1813 1815/1815 1798/1798
f 3893/3893 3922/3922 3926/3926
f 2259/2259 2258/2258 2255/2255
f 4671/4671 4670/4670 4702/4702
f 4702/4702 4670/4670 4696/4696
f 3581/3581 3582/3582 3583/3583
f 4756/4756 4759/4759 4763/4763
f 3587/3587 3583/3583 3588/3588
f 4637/4637 4642/4642 4597/4597
f 4642/4642 4595/4595 4597/4597
f 818/818 874/874 876/876
f 4634/4634 4635/4635 4631/4631
f 838/838 849/849 846/846
f 1138/1138 1085/1085 1084/1084
f 1084/1084 1085/1085 1081/1081
f 1115/1115 1118/1118 1119/1119
f 97/97 58/58 98/98
f 254/254 58/58 71/71
f 76/76 71/71 51/51
f 76/76 51/51 53/53
f 53/53 51/51 48/48
f 5017/5017 5018/5018 5019/5019
f 5056/5056 5057/5057 5058/5058
f 4729/4729 4731/4731 4730/4730
f 4728/4728 4729/4729 4730/4730
f 3556/3556 3555/3555 3557/3557
f 3556/3556 3557/3557 3559/3559
f 2175/2175 2174/2174 2176/2176
f 142/142 157/157 164/164
f 157/157 175/175 164/164
f 2139/2139 2142/2142 2141/2141
f 2141/2141 2142/2142 2143/2143
f 2155/2155 2162/2162 2152/2152
f 2144/2144 2141/2141 2143/2143
f 2144/2144 2143/2143 2145/2145
f 2155/2155 2140/2140 2150/2150
f 4016/4016 3916/3916 3966/3966
f 3966/3966 3916/3916 3915/3915
f 2141/2141 2144/2144 2150/2150
f 2150/2150 2144/2144 2146/2146
f 2144/2144 2145/2145 2146/2146
f 3916/3916 3914/3914 3915/3915
f 3896/3896 3899/3899 3894/3894
f 1815/1815 1793/1793 1792/1792
f 1815/1815 1792/1792 1798/1798
f 4704/4704 4701/4701 4705/4705
f 4714/4714 4705/4705 4713/4713
f 2259/2259 2255/2255 2257/2257
f 4702/4702 4696/4696 4701/4701
f 3573/3573 3582/3582 3581/3581
f 4601/4601 4637/4637 4597/4597
f 1139/1139 1138/1138 1084/1084
f 1084/1084 1081/1081 1082/1082
f 1082/1082 1081/1081 1074/1074
f 1089/1089 1076/1076 1090/1090
f 1094/1094 1101/1101 1100/1100
f 1122/1122 1119/1119 1127/1127
f 1127/1127 1119/1119 1124/1124
f 191/191 76/76 77/77
f 77/77 76/76 53/53
f 3301/3301 3325/3325 3350/3350
f 2168/2168 2177/2177 2178/2178
f 3533/3533 3527/3527 3537/3537
f 4728/4728 4730/4730 4733/4733
f 4734/4734 4728/4728 4733/4733
f 2183/2183 2164/2164 2163/2163
f 2175/2175 2177/2177 2168/2168
f 48/48 49/49 43/43
f 2175/2175 2168/2168 2174/2174
f 43/43 49/49 55/55
f 2174/2174 2168/2168 2132/2132
f 2158/2158 2174/2174 2132/2132
f 56/56 78/78 112/112
f 2137/2137 2147/2147 2139/2139
f 2138/2138 2137/2137 2139/2139
f 2147/2147 2159/2159 2139/2139
f 112/112 157/157 147/147
f 2138/2138 2139/2139 2140/2140
f 164/164 175/175 167/167
f 2171/2171 2156/2156 2169/2169
f 2157/2157 2156/2156 2129/2129
f 2129/2129 2131/2131 2162/2162
f 2157/2157 2129/2129 2162/2162
f 2162/2162 2131/2131 2152/2152
f 2152/2152 2138/2138 2140/2140
f 2142/2142 2172/2172 2143/2143
f 163/163 178/178 132/132
f 4507/4507 4505/4505 4503/4503
f 2169/2169 2156/2156 2157/2157
f 2170/2170 2157/2157 2162/2162
f 2140/2140 2139/2139 2141/2141
f 2155/2155 2152/2152 2140/2140
f 2150/2150 2140/2140 2141/2141
f 2713/2713 2720/2720 2706/2706
f 2710/2710 2713/2713 2706/2706
f 3893/3893 3926/3926 3891/3891
f 4704/4704 4705/4705 4714/4714
f 4714/4714 4713/4713 4722/4722
f 4703/4703 4702/4702 4701/4701
f 3584/3584 3581/3581 3583/3583
f 3022/3022 3023/3023 3020/3020
f 3584/3584 3583/3583 3587/3587
f 4594/4594 4596/4596 4598/4598
f 817/817 859/859 818/818
f 814/814 819/819 820/820
f 4631/4631 4637/4637 4632/4632
f 849/849 866/866 867/867
f 1074/1074 1076/1076 1087/1087
f 1100/1100 1101/1101 1110/1110
f 1115/1115 1110/1110 1118/1118
f 1115/1115 1119/1119 1122/1122
f 91/91 97/97 98/98
f 91/91 98/98 93/93
f 93/93 254/254 191/191
f 90/90 191/191 77/77
f 2166/2166 2165/2165 2134/2134
f 2168/2168 2166/2166 2134/2134
f 2134/2134 2165/2165 2133/2133
f 2133/2133 2165/2165 2163/2163
f 2164/2164 2154/2154 2136/2136
f 2163/2163 2164/2164 2136/2136
f 2132/2132 2168/2168 2134/2134
f 2133/2133 2163/2163 2135/2135
f 2135/2135 2163/2163 2136/2136
f 2132/2132 2134/2134 2133/2133
f 2132/2132 2133/2133 2130/2130
f 2133/2133 2135/2135 2130/2130
f 2154/2154 2161/2161 2137/2137
f 2136/2136 2154/2154 2137/2137
f 2130/2130 2135/2135 2131/2131
f 2135/2135 2136/2136 2131/2131
f 2131/2131 2136/2136 2137/2137
f 2158/2158 2132/2132 2156/2156
f 2156/2156 2132/2132 2129/2129
f 2132/2132 2130/2130 2129/2129
f 2129/2129 2130/2130 2131/2131
f 2131/2131 2137/2137 2138/2138
f 507/507 505/505 517/517
f 4500/4500 4503/4503 4502/4502
f 522/522 501/501 476/476
f 3965/3965 3966/3966 3915/3915
f 2706/2706 2720/2720 2719/2719
f 2706/2706 2719/2719 2707/2707
f 2710/2710 2706/2706 2709/2709
f 2711/2711 2710/2710 2709/2709
f 3894/3894 3893/3893 3892/3892
f 1799/1799 1794/1794 1797/1797
f 4674/4674 4673/4673 4671/4671
f 4703/4703 4701/4701 4704/4704
f 4671/4671 4702/4702 4703/4703
f 3579/3579 3573/3573 3581/3581
f 3581/3581 3584/3584 3579/3579
f 4667/4667 4669/4669 4668/4668
f 4603/4603 4602/4602 4717/4717
f 4600/4600 4596/4596 4602/4602
f 3818/3818 3822/3822 3821/3821
f 4632/4632 4637/4637 4601/4601
f 834/834 833/833 838/838
f 841/841 838/838 846/846
f 857/857 849/849 867/867
f 1087/1087 1082/1082 1074/1074
f 1089/1089 1087/1087 1076/1076
f 1089/1089 1090/1090 1093/1093
f 1093/1093 1090/1090 1094/1094
f 1093/1093 1094/1094 1100/1100
f 91/91 93/93 90/90
f 90/90 93/93 191/191
f 77/77 53/53 54/54
f 54/54 53/53 48/48
f 56/56 112/112 99/99
f 99/99 112/112 147/147
f 147/147 157/157 142/142
f 164/164 167/167 134/134
f 134/134 167/167 166/166
f 4507/4507 4503/4503 4500/4500
f 4500/4500 4502/4502 4501/4501
f 2707/2707 2719/2719 2718/2718
f 2706/2706 2707/2707 2708/2708
f 2707/2707 2718/2718 2712/2712
f 2708/2708 2707/2707 2712/2712
f 2709/2709 2706/2706 2708/2708
f 2715/2715 2711/2711 2714/2714
f 2711/2711 2709/2709 2714/2714
f 1789/1789 1777/1777 1794/1794
f 1795/1795 1794/1794 1782/1782
f 3892/3892 3893/3893 3891/3891
f 4714/4714 4722/4722 4720/4720
f 3570/3570 3572/3572 3573/3573
f 3570/3570 3573/3573 3579/3579
f 4675/4675 4673/4673 4674/4674
f 4674/4674 4671/4671 4703/4703
f 4703/4703 4704/4704 4706/4706
f 3585/3585 3594/3594 3604/3604
f 4659/4659 4666/4666 4610/4610
f 4603/4603 4717/4717 4718/4718
f 4600/4600 4602/4602 4603/4603
f 4747/4747 4742/4742 4760/4760
f 3817/3817 3818/3818 3819/3819
f 4598/4598 4596/4596 4599/4599
f 3819/3819 3818/3818 3821/3821
f 4652/4652 4657/4657 4648/4648
f 1139/1139 1084/1084 1088/1088
f 1088/1088 1084/1084 1082/1082
f 1096/1096 1082/1082 1087/1087
f 1097/1097 1087/1087 1089/1089
f 1100/1100 1110/1110 1111/1111
f 1111/1111 1110/1110 1112/1112
f 1112/1112 1110/1110 1115/1115
f 91/91 90/90 92/92
f 90/90 77/77 54/54
f 92/92 90/90 54/54
f 38/38 54/54 48/48
f 55/55 78/78 56/56
f 134/134 166/166 133/133
f 133/133 166/166 163/163
f 133/133 163/163 131/131
f 163/163 132/132 131/131
f 3964/3964 3965/3965 3915/3915
f 2718/2718 2721/2721 2712/2712
f 2716/2716 2708/2708 2712/2712
f 2716/2716 2712/2712 2717/2717
f 1446/1446 1452/1452 1442/1442
f 1452/1452 1450/1450 1442/1442
f 1442/1442 1450/1450 1440/1440
f 2709/2709 2708/2708 2716/2716
f 1440/1440 1450/1450 1444/1444
f 4675/4675 4674/4674 4677/4677
f 4715/4715 4704/4704 4714/4714
f 4676/4676 4673/4673 4675/4675
f 3551/3551 3550/3550 3549/3549
f 3549/3549 3550/3550 3544/3544
f 4707/4707 4703/4703 4706/4706
f 3570/3570 3579/3579 3580/3580
f 4747/4747 4764/4764 4836/4836
f 4601/4601 4604/4604 4640/4640
f 4632/4632 4601/4601 4640/4640
f 4633/4633 4631/4631 4630/4630
f 4649/4649 4648/4648 4633/4633
f 4652/4652 4648/4648 4649/4649
f 857/857 867/867 868/868
f 1140/1140 1139/1139 1088/1088
f 1088/1088 1082/1082 1096/1096
f 1096/1096 1087/1087 1098/1098
f 2058/2058 2054/2054 2057/2057
f 1098/1098 1087/1087 1097/1097
f 2059/2059 2058/2058 2057/2057
f 2059/2059 2057/2057 2060/2060
f 1097/1097 1089/1089 1099/1099
f 1099/1099 1089/1089 1093/1093
f 2059/2059 2061/2061 2062/2062
f 2063/2063 2059/2059 2062/2062
f 1099/1099 1093/1093 1100/1100
f 1099/1099 1100/1100 1103/1103
f 1103/1103 1100/1100 1111/1111
f 1112/1112 1115/1115 1116/1116
f 1115/1115 1122/1122 1116/1116
f 1116/1116 1122/1122 1125/1125
f 1125/1125 1122/1122 1126/1126
f 1122/1122 1127/1127 1126/1126
f 94/94 91/91 92/92
f 48/48 43/43 17/17
f 99/99 147/147 79/79
f 142/142 164/164 134/134
f 4500/4500 4501/4501 4498/4498
f 3964/3964 3915/3915 3897/3897
f 3915/3915 3914/3914 3896/3896
f 3897/3897 3915/3915 3896/3896
f 1440/1440 1444/1444 1437/1437
f 1437/1437 1444/1444 1445/1445
f 3891/3891 3926/3926 3933/3933
f 3570/3570 3571/3571 3572/3572
f 4706/4706 4704/4704 4715/4715
f 3553/3553 3551/3551 3549/3549
f 1140/1140 1088/1088 1096/1096
f 1142/1142 1140/1140 1096/1096
f 2056/2056 2054/2054 2055/2055
f 1098/1098 1142/1142 1096/1096
f 2057/2057 2056/2056 2060/2060
f 2061/2061 2060/2060 2068/2068
f 2062/2062 2061/2061 2068/2068
f 2062/2062 2068/2068 2065/2065
f 2066/2066 2064/2064 2065/2065
f 1103/1103 1111/1111 1114/1114
f 2066/2066 2065/2065 2067/2067
f 1114/1114 1111/1111 1112/1112
f 1114/1114 1112/1112 1116/1116
f 43/43 55/55 13/13
f 56/56 99/99 79/79
f 147/147 142/142 79/79
f 132/132 152/152 124/124
f 4499/4499 4500/4500 4498/4498
f 1443/1443 1446/1446 1442/1442
f 4678/4678 4675/4675 4677/4677
f 1992/1992 1993/1993 1986/1986
f 3548/3548 3553/3553 3549/3549
f 4605/4605 4610/4610 4609/4609
f 4600/4600 4605/4605 4607/4607
f 4632/4632 4640/4640 4611/4611
f 4630/4630 4631/4631 4627/4627
f 4631/4631 4632/4632 4627/4627
f 2053/2053 2069/2069 2074/2074
f 865/865 857/857 868/868
f 2053/2053 2074/2074 2055/2055
f 2858/2858 2859/2859 2856/2856
f 2858/2858 2856/2856 2855/2855
f 2855/2855 2856/2856 2857/2857
f 2857/2857 2856/2856 2868/2868
f 2857/2857 2868/2868 2861/2861
f 1145/1145 1116/1116 1125/1125
f 2860/2860 2855/2855 2857/2857
f 2860/2860 2857/2857 2861/2861
f 1128/1128 1125/1125 1126/1126
f 1145/1145 1125/1125 1128/1128
f 2860/2860 2861/2861 2862/2862
f 1128/1128 1126/1126 1131/1131
f 94/94 92/92 206/206
f 38/38 48/48 17/17
f 17/17 43/43 13/13
f 13/13 55/55 12/12
f 55/55 56/56 12/12
f 79/79 142/142 104/104
f 116/116 134/134 133/133
f 131/131 132/132 124/124
f 1443/1443 1442/1442 1439/1439
f 1439/1439 1442/1442 1440/1440
f 3896/3896 3894/3894 3895/3895
f 4679/4679 4675/4675 4680/4680
f 4707/4707 4706/4706 4715/4715
f 4715/4715 4720/4720 4721/4721
f 3574/3574 3571/3571 3570/3570
f 3574/3574 3570/3570 3580/3580
f 3585/3585 3574/3574 3580/3580
f 4607/4607 4605/4605 4609/4609
f 4608/4608 4600/4600 4607/4607
f 4606/4606 4599/4599 4600/4600
f 4611/4611 4604/4604 4606/4606
f 4644/4644 4633/4633 4630/4630
f 841/841 846/846 842/842
f 865/865 846/846 857/857
f 2053/2053 2045/2045 2069/2069
f 2863/2863 2861/2861 2865/2865
f 2863/2863 2865/2865 2866/2866
f 2863/2863 2866/2866 2867/2867
f 206/206 92/92 88/88
f 92/92 54/54 88/88
f 88/88 54/54 37/37
f 37/37 54/54 36/36
f 54/54 38/38 36/36
f 56/56 79/79 12/12
f 109/109 142/142 134/134
f 134/134 116/116 115/115
f 116/116 133/133 119/119
f 133/133 131/131 119/119
f 131/131 124/124 119/119
f 1437/1437 1445/1445 1435/1435
f 1447/1447 1448/1448 1443/1443
f 1439/1439 1440/1440 1437/1437
f 3888/3888 3894/3894 3892/3892
f 4688/4688 4680/4680 4675/4675
f 4675/4675 4678/4678 4688/4688
f 4681/4681 4679/4679 4680/4680
f 1985/1985 1992/1992 1986/1986
f 3548/3548 3549/3549 3544/3544
f 4606/4606 4600/4600 4608/4608
f 4632/4632 4611/4611 4629/4629
f 4627/4627 4632/4632 4629/4629
f 2069/2069 2045/2045 2070/2070
f 3220/3220 3222/3222 3217/3217
f 104/104 142/142 109/109
f 2354/2354 2359/2359 2355/2355
f 1443/1443 1439/1439 1441/1441
f 1438/1438 1439/1439 1437/1437
f 3238/3238 3237/3237 3242/3242
f 3895/3895 3894/3894 3888/3888
f 5239/5239 5242/5242 5240/5240
f 4688/4688 4678/4678 4692/4692
f 1989/1989 1992/1992 1985/1985
f 3544/3544 3545/3545 3538/3538
f 3538/3538 3545/3545 3539/3539
f 3576/3576 3571/3571 3575/3575
f 3575/3575 3571/3571 3574/3574
f 4739/4739 4754/4754 4743/4743
f 2038/2038 2042/2042 2045/2045
f 2045/2045 2042/2042 2070/2070
f 176/176 88/88 37/37
f 36/36 38/38 28/28
f 38/38 17/17 28/28
f 3216/3216 3217/3217 3218/3218
f 3217/3217 3222/3222 3221/3221
f 3218/3218 3217/3217 3221/3221
f 3221/3221 3222/3222 3223/3223
f 3220/3220 3217/3217 3216/3216
f 12/12 79/79 70/70
f 70/70 79/79 104/104
f 115/115 109/109 134/134
f 119/119 124/124 120/120
f 4499/4499 4498/4498 4496/4496
f 2683/2683 2678/2678 2682/2682
f 1436/1436 1437/1437 1435/1435
f 3897/3897 3896/3896 3895/3895
f 1441/1441 1439/1439 1438/1438
f 1438/1438 1437/1437 1436/1436
f 1447/1447 1441/1441 1456/1456
f 3110/3110 3102/3102 3101/3101
f 5237/5237 5239/5239 5240/5240
f 3888/3888 3892/3892 3891/3891
f 3891/3891 3933/3933 3937/3937
f 3889/3889 3891/3891 3937/3937
f 1982/1982 1989/1989 1985/1985
f 3548/3548 3544/3544 3546/3546
f 3538/3538 3539/3539 3540/3540
f 4608/4608 4607/4607 4614/4614
f 4630/4630 4627/4627 4628/4628
f 2038/2038 2041/2041 2042/2042
f 42/42 176/176 37/37
f 17/17 13/13 16/16
f 104/104 109/109 103/103
f 2685/2685 2682/2682 2681/2681
f 4496/4496 4498/4498 4497/4497
f 2681/2681 2682/2682 2678/2678
f 2671/2671 2678/2678 2675/2675
f 3932/3932 3897/3897 3898/3898
f 3898/3898 3897/3897 3895/3895
f 1457/1457 1438/1438 1468/1468
f 4863/4863 4871/4871 4864/4864
f 4864/4864 4871/4871 4869/4869
f 1455/1455 1456/1456 1441/1441
f 1455/1455 1441/1441 1438/1438
f 1455/1455 1438/1438 1457/1457
f 3102/3102 3100/3100 3101/3101
f 3888/3888 3891/3891 3889/3889
f 1984/1984 1989/1989 1982/1982
f 3546/3546 3544/3544 3541/3541
f 3541/3541 3544/3544 3538/3538
f 3577/3577 3578/3578 3576/3576
f 3577/3577 3576/3576 3575/3575
f 4614/4614 4607/4607 4615/4615
f 4612/4612 4606/4606 4608/4608
f 4629/4629 4611/4611 4613/4613
f 800/800 807/807 797/797
f 4644/4644 4630/4630 4638/4638
f 3393/3393 3395/3395 3394/3394
f 42/42 37/37 30/30
f 30/30 37/37 36/36
f 28/28 17/17 16/16
f 16/16 13/13 8/8
f 3219/3219 3216/3216 3218/3218
f 13/13 12/12 8/8
f 8/8 12/12 5/5
f 70/70 104/104 47/47
f 118/118 119/119 120/120
f 2681/2681 2678/2678 2671/2671
f 1411/1411 1435/1435 1461/1461
f 4866/4866 4865/4865 4864/4864
f 4866/4866 4864/4864 4867/4867
f 4867/4867 4864/4864 4868/4868
f 3101/3101 3100/3100 3097/3097
f 3100/3100 3098/3098 3097/3097
f 5241/5241 5238/5238 5237/5237
f 4682/4682 4680/4680 4683/4683
f 1982/1982 1985/1985 1983/1983
f 1985/1985 1986/1986 1983/1983
f 3552/3552 3548/3548 3546/3546
f 3541/3541 3538/3538 3540/3540
f 4612/4612 4608/4608 4616/4616
f 4638/4638 4630/4630 4628/4628
f 42/42 30/30 41/41
f 30/30 36/36 28/28
f 3219/3219 3218/3218 3224/3224
f 5/5 12/12 7/7
f 12/12 70/70 7/7
f 7/7 70/70 47/47
f 47/47 104/104 103/103
f 109/109 115/115 103/103
f 117/117 116/116 118/118
f 118/118 116/116 119/119
f 2670/2670 2681/2681 2671/2671
f 4873/4873 4872/4872 4866/4866
f 1409/1409 1435/1435 1411/1411
f 4866/4866 4867/4867 4868/4868
f 4868/4868 4869/4869 4870/4870
f 3098/3098 3104/3104 3103/3103
f 3098/3098 3103/3103 3099/3099
f 3097/3097 3098/3098 3099/3099
f 1889/1889 1890/1890 1878/1878
f 1889/1889 1878/1878 1875/1875
f 1881/1881 1889/1889 1875/1875
f 276/276 277/277 274/274
f 4680/4680 4688/4688 4683/4683
f 4684/4684 4682/4682 4683/4683
f 1984/1984 1982/1982 1979/1979
f 4616/4616 4608/4608 4618/4618
f 4613/4613 4611/4611 4612/4612
f 797/797 809/809 796/796
f 2039/2039 2078/2078 2043/2043
f 799/799 801/801 806/806
f 2038/2038 2039/2039 2040/2040
f 2038/2038 2040/2040 2041/2041
f 2041/2041 2040/2040 2076/2076
f 2695/2695 2702/2702 2701/2701
f 47/47 103/103 100/100
f 115/115 116/116 113/113
f 113/113 116/116 117/117
f 1401/1401 1458/1458 1408/1408
f 1407/1407 1408/1408 1409/1409
f 4592/4592 4593/4593 4590/4590
f 3104/3104 3111/3111 3103/3103
f 3099/3099 3103/3103 3105/3105
f 1880/1880 1881/1881 1875/1875
f 1875/1875 1878/1878 1876/1876
f 1879/1879 1880/1880 1875/1875
f 1877/1877 1879/1879 1875/1875
f 1875/1875 1876/1876 1877/1877
f 1882/1882 1879/1879 1877/1877
f 1882/1882 1877/1877 1883/1883
f 2033/2033 2034/2034 2029/2029
f 1981/1981 1979/1979 1982/1982
f 1981/1981 1982/1982 1983/1983
f 3542/3542 3541/3541 3540/3540
f 4614/4614 4615/4615 4623/4623
f 803/803 839/839 802/802
f 4627/4627 4629/4629 4613/4613
f 4624/4624 4627/4627 4613/4613
f 4643/4643 4638/4638 4628/4628
f 3389/3389 3393/3393 3392/3392
f 2695/2695 2701/2701 2699/2699
f 113/113 103/103 115/115
f 1404/1404 1407/1407 1409/1409
f 1404/1404 1409/1409 1411/1411
f 1401/1401 1408/1408 1407/1407
f 3103/3103 3106/3106 3105/3105
f 3105/3105 3106/3106 3107/3107
f 4978/4978 4979/4979 4980/4980
f 4980/4980 4982/4982 4983/4983
f 1876/1876 1884/1884 1877/1877
f 1877/1877 1884/1884 1885/1885
f 1885/1885 1884/1884 1886/1886
f 1885/1885 1886/1886 1887/1887
f 3889/3889 3937/3937 3934/3934
f 1885/1885 1887/1887 1888/1888
f 312/312 361/361 275/275
f 3937/3937 4022/4022 3934/3934
f 274/274 312/312 275/275
f 1981/1981 1983/1983 1972/1972
f 3552/3552 3546/3546 3547/3547
f 3547/3547 3546/3546 3541/3541
f 3541/3541 3542/3542 3543/3543
f 4643/4643 4628/4628 4639/4639
f 779/779 794/794 793/793
f 100/100 103/103 113/113
f 2670/2670 2671/2671 2672/2672
f 2671/2671 2675/2675 2674/2674
f 2675/2675 2677/2677 2676/2676
f 2674/2674 2675/2675 2676/2676
f 1401/1401 1407/1407 1393/1393
f 1393/1393 1407/1407 1404/1404
f 3898/3898 3895/3895 3900/3900
f 3106/3106 3112/3112 3108/3108
f 3107/3107 3106/3106 3108/3108
f 3895/3895 3888/3888 3886/3886
f 3901/3901 3895/3895 3886/3886
f 2031/2031 2029/2029 2025/2025
f 4684/4684 4683/4683 4685/4685
f 3832/3832 3833/3833 3834/3834
f 4613/4613 4612/4612 4624/4624
f 2039/2039 2043/2043 2040/2040
f 158/158 41/41 32/32
f 6/6 5/5 7/7
f 4496/4496 4497/4497 4494/4494
f 4495/4495 4496/4496 4494/4494
f 1404/1404 1411/1411 1406/1406
f 1400/1400 1401/1401 1393/1393
f 3709/3709 3710/3710 3711/3711
f 1391/1391 1454/1454 1400/1400
f 4950/4950 4941/4941 4938/4938
f 5044/5044 5049/5049 5045/5045
f 2021/2021 2031/2031 2025/2025
f 2025/2025 2029/2029 2026/2026
f 4687/4687 4684/4684 4685/4685
f 1979/1979 1981/1981 1971/1971
f 1972/1972 1996/1996 1973/1973
f 1973/1973 1996/1996 1997/1997
f 4618/4618 4614/4614 4623/4623
f 4739/4739 4749/4749 4752/4752
f 4626/4626 4627/4627 4624/4624
f 4628/4628 4627/4627 4626/4626
f 2043/2043 2044/2044 2040/2040
f 2040/2040 2044/2044 2071/2071
f 170/170 158/158 32/32
f 32/32 41/41 30/30
f 29/29 30/30 28/28
f 7/7 47/47 45/45
f 47/47 100/100 45/45
f 118/118 120/120 121/121
f 2672/2672 2671/2671 2673/2673
f 2673/2673 2671/2671 2674/2674
f 1400/1400 1393/1393 1391/1391
f 3900/3900 3895/3895 3901/3901
f 3886/3886 3888/3888 3889/3889
f 2026/2026 2029/2029 2028/2028
f 1978/1978 1980/1980 1979/1979
f 1971/1971 1981/1981 1972/1972
f 4616/4616 4618/4618 4619/4619
f 2044/2044 2043/2043 2046/2046
f 32/32 30/30 29/29
f 16/16 8/8 14/14
f 6/6 7/7 45/45
f 117/117 118/118 122/122
f 414/414 391/391 389/389
f 1391/1391 1393/1393 1392/1392
f 5040/5040 5047/5047 5044/5044
f 5044/5044 5045/5045 5041/5041
f 4977/4977 4974/4974 4976/4976
f 5041/5041 5045/5045 5046/5046
f 3890/3890 3889/3889 3934/3934
f 3890/3890 3934/3934 3935/3935
f 2019/2019 2032/2032 2036/2036
f 2036/2036 2020/2020 2019/2019
f 2086/2086 2088/2088 2089/2089
f 1978/1978 1979/1979 1971/1971
f 1971/1971 1972/1972 1973/1973
f 1971/1971 1973/1973 1974/1974
f 2000/2000 1973/1973 1997/1997
f 4617/4617 4612/4612 4616/4616
f 779/779 782/782 796/796
f 3388/3388 3389/3389 3390/3390
f 14/14 28/28 16/16
f 114/114 113/113 117/117
f 2680/2680 2672/2672 2679/2679
f 2679/2679 2672/2672 2673/2673
f 1394/1394 1393/1393 1404/1404
f 1394/1394 1404/1404 1406/1406
f 5040/5040 5044/5044 5041/5041
f 5037/5037 5050/5050 5040/5040
f 2016/2016 2032/2032 2012/2012
f 2012/2012 2032/2032 2019/2019
f 2012/2012 2019/2019 2013/2013
f 2013/2013 2019/2019 2015/2015
f 2015/2015 2019/2019 2020/2020
f 2015/2015 2020/2020 2021/2021
f 2015/2015 2021/2021 2025/2025
f 2025/2025 2026/2026 2024/2024
f 4618/4618 4623/4623 4620/4620
f 4619/4619 4618/4618 4620/4620
f 4748/4748 4749/4749 4739/4739
f 4625/4625 4626/4626 4624/4624
f 2046/2046 2048/2048 2047/2047
f 2044/2044 2046/2046 2047/2047
f 2044/2044 2047/2047 2072/2072
f 29/29 28/28 14/14
f 14/14 8/8 9/9
f 8/8 5/5 4/4
f 4/4 5/5 6/6
f 45/45 100/100 101/101
f 114/114 100/100 113/113
f 114/114 117/117 122/122
f 122/122 118/118 121/121
f 1454/1454 1391/1391 1390/1390
f 1390/1390 1391/1391 1392/1392
f 5040/5040 5041/5041 5039/5039
f 3886/3886 3889/3889 3890/3890
f 3890/3890 3935/3935 3936/3936
f 2015/2015 2025/2025 2024/2024
f 1975/1975 1971/1971 1974/1974
f 4655/4655 4620/4620 4653/4653
f 1974/1974 1973/1973 1977/1977
f 1973/1973 2000/2000 1977/1977
f 4621/4621 4616/4616 4619/4619
f 4622/4622 4616/4616 4621/4621
f 4617/4617 4616/4616 4622/4622
f 4625/4625 4624/4624 4617/4617
f 2047/2047 2048/2048 2049/2049
f 2047/2047 2049/2049 2050/2050
f 724/724 779/779 727/727
f 169/169 170/170 32/32
f 9/9 8/8 4/4
f 101/101 100/100 114/114
f 1852/1852 1848/1848 1850/1850
f 2674/2674 2679/2679 2673/2673
f 1453/1453 1454/1454 1390/1390
f 5039/5039 5041/5041 5043/5043
f 5037/5037 5040/5040 5039/5039
f 5034/5034 5037/5037 5035/5035
f 5035/5035 5037/5037 5038/5038
f 5038/5038 5037/5037 5039/5039
f 3433/3433 3438/3438 3429/3429
f 3429/3429 3430/3430 3431/3431
f 3433/3433 3429/3429 3431/3431
f 2016/2016 2012/2012 2011/2011
f 2011/2011 2012/2012 2013/2013
f 2014/2014 2013/2013 2015/2015
f 2027/2027 2024/2024 2026/2026
f 2027/2027 2026/2026 2028/2028
f 2027/2027 2028/2028 2030/2030
f 2406/2406 2407/2407 2408/2408
f 4654/4654 4620/4620 4655/4655
f 2449/2449 2465/2465 2448/2448
f 4495/4495 4494/4494 4492/4492
f 1575/1575 1584/1584 1579/1579
f 1578/1578 1575/1575 1579/1579
f 1578/1578 1579/1579 1580/1580
f 1578/1578 1580/1580 1581/1581
f 1578/1578 1581/1581 1582/1582
f 1578/1578 1582/1582 1586/1586
f 5042/5042 5039/5039 5043/5043
f 3430/3430 3437/3437 3436/3436
f 3429/3429 3432/3432 3430/3430
f 5013/5013 5014/5014 5015/5015
f 5034/5034 5035/5035 5036/5036
f 3430/3430 3436/3436 3434/3434
f 3431/3431 3434/3434 3435/3435
f 304/304 293/293 302/302
f 293/293 304/304 297/297
f 2003/2003 2002/2002 2009/2009
f 2003/2003 2009/2009 2010/2010
f 2017/2017 2016/2016 2011/2011
f 2011/2011 2013/2013 2014/2014
f 2014/2014 2015/2015 2018/2018
f 2018/2018 2015/2015 2023/2023
f 2023/2023 2015/2015 2024/2024
f 1976/1976 1978/1978 1971/1971
f 1976/1976 1971/1971 1975/1975
f 1974/1974 1977/1977 1987/1987
f 2410/2410 2427/2427 2406/2406
f 2450/2450 2448/2448 2451/2451
f 750/750 761/761 753/753
f 169/169 32/32 40/40
f 1564/1564 1565/1565 1567/1567
f 1564/1564 1567/1567 1570/1570
f 125/125 122/122 121/121
f 1564/1564 1570/1570 1573/1573
f 1564/1564 1573/1573 1569/1569
f 1573/1573 1583/1583 1575/1575
f 1569/1569 1573/1573 1574/1574
f 1574/1574 1573/1573 1575/1575
f 3903/3903 3898/3898 3900/3900
f 1574/1574 1575/1575 1578/1578
f 1402/1402 1406/1406 1463/1463
f 1831/1831 1847/1847 1838/1838
f 1394/1394 1406/1406 1402/1402
f 1453/1453 1390/1390 1395/1395
f 1395/1395 1390/1390 1392/1392
f 5094/5094 5095/5095 5092/5092
f 5092/5092 5095/5095 5093/5093
f 3930/3930 3890/3890 3936/3936
f 304/304 302/302 303/303
f 2017/2017 2011/2011 2022/2022
f 2022/2022 2011/2011 2014/2014
f 2037/2037 2014/2014 2018/2018
f 1975/1975 1974/1974 1987/1987
f 2410/2410 2406/2406 2409/2409
f 1987/1987 1977/1977 1988/1988
f 2450/2450 2451/2451 2424/2424
f 2424/2424 2451/2451 2425/2425
f 728/728 869/869 872/872
f 1572/1572 1577/1577 1576/1576
f 1572/1572 1576/1576 1571/1571
f 1571/1571 1585/1585 1565/1565
f 6/6 45/45 46/46
f 1568/1568 1572/1572 1571/1571
f 1568/1568 1571/1571 1565/1565
f 1566/1566 1568/1568 1565/1565
f 1563/1563 1566/1566 1565/1565
f 1563/1563 1565/1565 1564/1564
f 1562/1562 1563/1563 1564/1564
f 1562/1562 1564/1564 1569/1569
f 1395/1395 1392/1392 1396/1396
f 1392/1392 1394/1394 1396/1396
f 1396/1396 1394/1394 1402/1402
f 1453/1453 1395/1395 1397/1397
f 5096/5096 5094/5094 5092/5092
f 5096/5096 5092/5092 5097/5097
f 2022/2022 2014/2014 2037/2037
f 2329/2329 2342/2342 2331/2331
f 2331/2331 2342/2342 2341/2341
f 2331/2331 2341/2341 2334/2334
f 2341/2341 2344/2344 2334/2334
f 2327/2327 2329/2329 2320/2320
f 2334/2334 2344/2344 2336/2336
f 2330/2330 2331/2331 2332/2332
f 2332/2332 2331/2331 2334/2334
f 2330/2330 2332/2332 2333/2333
f 1976/1976 1975/1975 1990/1990
f 2796/2796 2802/2802 2797/2797
f 2347/2347 2319/2319 2321/2321
f 2347/2347 2321/2321 2346/2346
f 2346/2346 2321/2321 2330/2330
f 2346/2346 2330/2330 2340/2340
f 2330/2330 2333/2333 2340/2340
f 1990/1990 1975/1975 1998/1998
f 2388/2388 2390/2390 2389/2389
f 1991/1991 1975/1975 1987/1987
f 40/40 32/32 31/31
f 31/31 32/32 29/29
f 3366/3366 3368/3368 3371/3371
f 4/4 6/6 11/11
f 45/45 101/101 102/102
f 102/102 101/101 114/114
f 123/123 114/114 122/122
f 1397/1397 1395/1395 1396/1396
f 1771/1771 1764/1764 1766/1766
f 1764/1764 1767/1767 1765/1765
f 1764/1764 1765/1765 1766/1766
f 3887/3887 3886/3886 3890/3890
f 2017/2017 2022/2022 2035/2035
f 2326/2326 2328/2328 2325/2325
f 2325/2325 2328/2328 2327/2327
f 2323/2323 2325/2325 2320/2320
f 2325/2325 2327/2327 2320/2320
f 2322/2322 2323/2323 2320/2320
f 2332/2332 2334/2334 2335/2335
f 2335/2335 2334/2334 2336/2336
f 2324/2324 2323/2323 2319/2319
f 2323/2323 2322/2322 2319/2319
f 2322/2322 2320/2320 2319/2319
f 2319/2319 2320/2320 2321/2321
f 2343/2343 2332/2332 2335/2335
f 2488/2488 2497/2497 2386/2386
f 2335/2335 2336/2336 2337/2337
f 2324/2324 2319/2319 2345/2345
f 2333/2333 2332/2332 2343/2343
f 2335/2335 2337/2337 2338/2338
f 2348/2348 2335/2335 2338/2338
f 2338/2338 2337/2337 2339/2339
f 2378/2378 2388/2388 2387/2387
f 2387/2387 2388/2388 2389/2389
f 2411/2411 2410/2410 2409/2409
f 1994/1994 1987/1987 1988/1988
f 2415/2415 2417/2417 2410/2410
f 2452/2452 2520/2520 2449/2449
f 253/253 169/169 162/162
f 162/162 169/169 40/40
f 3368/3368 3366/3366 3365/3365
f 3365/3365 3366/3366 3367/3367
f 11/11 6/6 46/46
f 46/46 45/45 102/102
f 123/123 122/122 126/126
f 126/126 122/122 125/125
f 1396/1396 1402/1402 1403/1403
f 1403/1403 1402/1402 1405/1405
f 3904/3904 3901/3901 3885/3885
f 3885/3885 3901/3901 3886/3886
f 1766/1766 1765/1765 1768/1768
f 1771/1771 1766/1766 1770/1770
f 1766/1766 1768/1768 1769/1769
f 1770/1770 1766/1766 1769/1769
f 1770/1770 1769/1769 1772/1772
f 1769/1769 1773/1773 1772/1772
f 1772/1772 1773/1773 1774/1774
f 2323/2323 2326/2326 2325/2325
f 2324/2324 2326/2326 2323/2323
f 2385/2385 2386/2386 2378/2378
f 1991/1991 1987/1987 1994/1994
f 2411/2411 2409/2409 2412/2412
f 2424/2424 2425/2425 2415/2415
f 162/162 40/40 35/35
f 10/10 9/9 4/4
f 3365/3365 3367/3367 3369/3369
f 102/102 114/114 123/123
f 1402/1402 1463/1463 1462/1462
f 1398/1398 1397/1397 1396/1396
f 1451/1451 1453/1453 1397/1397
f 3890/3890 3930/3930 3929/3929
f 3887/3887 3890/3890 3929/3929
f 325/325 305/305 315/315
f 2483/2483 2484/2484 2488/2488
f 2488/2488 2386/2386 2385/2385
f 2482/2482 2484/2484 2483/2483
f 2378/2378 2387/2387 2384/2384
f 1995/1995 1994/1994 1988/1988
f 2414/2414 2410/2410 2411/2411
f 2440/2440 2448/2448 2450/2450
f 2438/2438 2449/2449 2448/2448
f 35/35 40/40 31/31
f 31/31 29/29 20/20
f 20/20 29/29 14/14
f 3365/3365 3369/3369 3370/3370
f 4490/4490 4492/4492 4491/4491
f 1399/1399 1398/1398 1396/1396
f 1399/1399 1396/1396 1403/1403
f 1451/1451 1397/1397 1398/1398
f 658/658 668/668 667/667
f 3885/3885 3886/3886 3887/3887
f 2483/2483 2488/2488 2385/2385
f 2377/2377 2385/2385 2378/2378
f 2389/2389 2392/2392 2391/2391
f 2387/2387 2389/2389 2391/2391
f 1995/1995 1988/1988 1999/1999
f 2440/2440 2450/2450 2424/2424
f 2438/2438 2448/2448 2440/2440
f 2438/2438 2452/2452 2449/2449
f 2446/2446 2472/2472 2452/2452
f 3409/3409 3410/3410 3406/3406
f 3410/3410 3403/3403 3406/3406
f 15/15 14/14 9/9
f 3290/3290 3294/3294 3291/3291
f 10/10 4/4 11/11
f 3290/3290 3291/3291 3292/3292
f 3292/3292 3291/3291 3293/3293
f 3295/3295 3290/3290 3292/3292
f 136/136 123/123 126/126
f 126/126 125/125 127/127
f 127/127 125/125 128/128
f 1414/1414 1451/1451 1398/1398
f 3902/3902 3900/3900 3901/3901
f 3728/3728 3727/3727 3735/3735
f 2483/2483 2385/2385 2377/2377
f 2377/2377 2378/2378 2379/2379
f 2379/2379 2378/2378 2384/2384
f 2387/2387 2391/2391 2393/2393
f 2391/2391 2394/2394 2393/2393
f 2413/2413 2411/2411 2412/2412
f 788/788 749/749 748/748
f 3409/3409 3406/3406 3411/3411
f 107/107 46/46 102/102
f 3903/3903 3900/3900 3902/3902
f 1410/1410 1399/1399 1403/1403
f 1410/1410 1403/1403 1405/1405
f 1414/1414 1398/1398 1412/1412
f 1398/1398 1399/1399 1412/1412
f 1420/1420 1432/1432 1414/1414
f 3902/3902 3901/3901 3904/3904
f 3734/3734 3730/3730 3738/3738
f 3929/3929 3948/3948 3931/3931
f 2384/2384 2387/2387 2393/2393
f 2393/2393 2394/2394 2405/2405
f 2414/2414 2411/2411 2413/2413
f 2438/2438 2446/2446 2452/2452
f 2473/2473 2472/2472 2446/2446
f 66/66 162/162 35/35
f 26/26 31/31 20/20
f 3411/3411 3406/3406 3404/3404
f 15/15 9/9 10/10
f 102/102 123/123 130/130
f 123/123 136/136 135/135
f 1414/1414 1412/1412 1413/1413
f 1413/1413 1412/1412 1410/1410
f 1419/1419 1420/1420 1414/1414
f 3904/3904 3885/3885 3918/3918
f 4032/4032 4031/4031 4030/4030
f 4030/4030 4031/4031 4029/4029
f 3887/3887 3929/3929 3919/3919
f 3919/3919 3929/3929 3931/3931
f 2483/2483 2377/2377 2380/2380
f 2440/2440 2424/2424 2441/2441
f 2424/2424 2428/2428 2441/2441
f 2438/2438 2440/2440 2437/2437
f 732/732 725/725 729/729
f 2447/2447 2473/2473 2446/2446
f 735/735 729/729 731/731
f 257/257 162/162 66/66
f 3412/3412 3411/3411 3404/3404
f 19/19 11/11 46/46
f 1433/1433 1420/1420 1419/1419
f 3918/3918 3885/3885 3887/3887
f 4030/4030 4029/4029 4033/4033
f 4033/4033 4029/4029 4028/4028
f 3918/3918 3887/3887 3919/3919
f 4030/4030 4033/4033 4034/4034
f 4034/4034 4033/4033 4035/4035
f 4034/4034 4035/4035 4036/4036
f 4037/4037 4036/4036 4039/4039
f 4039/4039 4036/4036 4042/4042
f 2482/2482 2483/2483 2480/2480
f 2380/2380 2377/2377 2379/2379
f 2423/2423 2415/2415 2414/2414
f 35/35 31/31 26/26
f 3407/3407 3412/3412 3404/3404
f 20/20 14/14 15/15
f 10/10 11/11 19/19
f 130/130 123/123 135/135
f 136/136 126/126 129/129
f 1851/1851 1849/1849 1857/1857
f 1419/1419 1414/1414 1418/1418
f 1418/1418 1414/1414 1415/1415
f 1414/1414 1413/1413 1415/1415
f 1413/1413 1410/1410 1416/1416
f 3902/3902 3904/3904 3905/3905
f 342/342 343/343 339/339
f 340/340 342/342 339/339
f 343/343 344/344 339/339
f 4025/4025 3919/3919 3931/3931
f 2480/2480 2483/2483 2380/2380
f 2379/2379 2384/2384 2381/2381
f 2413/2413 2412/2412 2419/2419
f 65/65 66/66 35/35
f 65/65 35/35 26/26
f 18/18 15/15 10/10
f 107/107 102/102 108/108
f 108/108 102/102 130/130
f 130/130 135/135 143/143
f 137/137 135/135 136/136
f 129/129 126/126 127/127
f 1434/1434 1433/1433 1419/1419
f 3905/3905 3904/3904 3918/3918
f 2393/2393 2400/2400 2398/2398
f 2397/2397 2393/2393 2398/2398
f 2398/2398 2400/2400 2401/2401
f 2396/2396 2384/2384 2393/2393
f 2481/2481 2482/2482 2480/2480
f 2381/2381 2384/2384 2403/2403
f 2403/2403 2384/2384 2396/2396
f 2437/2437 2440/2440 2433/2433
f 2436/2436 2446/2446 2438/2438
f 2447/2447 2446/2446 2436/2436
f 3412/3412 3407/3407 3413/3413
f 3414/3414 3412/3412 3413/3413
f 18/18 10/10 19/19
f 39/39 19/19 106/106
f 106/106 19/19 46/46
f 106/106 46/46 107/107
f 137/137 136/136 138/138
f 138/138 136/136 129/129
f 1415/1415 1413/1413 1416/1416
f 2396/2396 2393/2393 2397/2397
f 3842/3842 3843/3843 3844/3844
f 2380/2380 2379/2379 2381/2381
f 3844/3844 3843/3843 3845/3845
f 2444/2444 2447/2447 2436/2436
f 2454/2454 2447/2447 2444/2444
f 67/67 257/257 66/66
f 67/67 66/66 65/65
f 18/18 19/19 39/39
f 143/143 135/135 137/137
f 129/129 127/127 144/144
f 144/144 127/127 128/128
f 3903/3903 3902/3902 3905/3905
f 1434/1434 1419/1419 1425/1425
f 1425/1425 1419/1419 1418/1418
f 1415/1415 1416/1416 1417/1417
f 3905/3905 3918/3918 3921/3921
f 2480/2480 2380/2380 2382/2382
f 2476/2476 2481/2481 2480/2480
f 39/39 106/106 110/110
f 107/107 108/108 130/130
f 1421/1421 1416/1416 1459/1459
f 1431/1431 1434/1434 1425/1425
f 3918/3918 3919/3919 3920/3920
f 1593/1593 1602/1602 1603/1603
f 1593/1593 1603/1603 1596/1596
f 2396/2396 2397/2397 2399/2399
f 2399/2399 2397/2397 2398/2398
f 2382/2382 2380/2380 2381/2381
f 2403/2403 2396/2396 2399/2399
f 3849/3849 3848/3848 3845/3845
f 2418/2418 2413/2413 2419/2419
f 2416/2416 2413/2413 2418/2418
f 2416/2416 2414/2414 2413/2413
f 2422/2422 2414/2414 2416/2416
f 2422/2422 2423/2423 2414/2414
f 2436/2436 2438/2438 2437/2437
f 2436/2436 2437/2437 2433/2433
f 160/160 67/67 64/64
f 64/64 67/67 65/65
f 3415/3415 3413/3413 3416/3416
f 4485/4485 4490/4490 4482/4482
f 4482/4482 4490/4490 4491/4491
f 3903/3903 3905/3905 3907/3907
f 1424/1424 1415/1415 1417/1417
f 1417/1417 1416/1416 1421/1421
f 3921/3921 3918/3918 3920/3920
f 1597/1597 1601/1601 1605/1605
f 1593/1593 1596/1596 1589/1589
f 3851/3851 3848/3848 3849/3849
f 2383/2383 2382/2382 2381/2381
f 1600/1600 1604/1604 1595/1595
f 4831/4831 4797/4797 4798/4798
f 2383/2383 2381/2381 2395/2395
f 2395/2395 2381/2381 2403/2403
f 4801/4801 4774/4774 4785/4785
f 2441/2441 2428/2428 2422/2422
f 2430/2430 2433/2433 2441/2441
f 2457/2457 2454/2454 2444/2444
f 775/775 773/773 776/776
f 775/775 776/776 790/790
f 775/775 790/790 851/851
f 3418/3418 3415/3415 3416/3416
f 26/26 20/20 25/25
f 15/15 18/18 20/20
f 20/20 18/18 21/21
f 141/141 106/106 107/107
f 107/107 130/130 139/139
f 1424/1424 1417/1417 1423/1423
f 1594/1594 1588/1588 1598/1598
f 2502/2502 2519/2519 2503/2503
f 4828/4828 4829/4829 4827/4827
f 2485/2485 2382/2382 2383/2383
f 2395/2395 2403/2403 2404/2404
f 1607/1607 1604/1604 1600/1600
f 2478/2478 2480/2480 2382/2382
f 2478/2478 2382/2382 2485/2485
f 2420/2420 2416/2416 2418/2418
f 2430/2430 2441/2441 2422/2422
f 2439/2439 2444/2444 2436/2436
f 758/758 738/738 736/736
f 2453/2453 2457/2457 2444/2444
f 3793/3793 3760/3760 3759/3759
f 1065/1065 1071/1071 1066/1066
f 62/62 222/222 63/63
f 63/63 222/222 160/160
f 63/63 160/160 64/64
f 64/64 65/65 59/59
f 59/59 65/65 26/26
f 3785/3785 3787/3787 3781/3781
f 21/21 18/18 39/39
f 151/151 143/143 137/137
f 148/148 129/129 144/144
f 1426/1426 1431/1431 1425/1425
f 1425/1425 1424/1424 1423/1423
f 1929/1929 1955/1955 1958/1958
f 1929/1929 1958/1958 1928/1928
f 1922/1922 1929/1929 1924/1924
f 1924/1924 1929/1929 1928/1928
f 1924/1924 1928/1928 1925/1925
f 3990/3990 3921/3921 3920/3920
f 1943/1943 1925/1925 1944/1944
f 1949/1949 1944/1944 1952/1952
f 2501/2501 2519/2519 2502/2502
f 2485/2485 2383/2383 2395/2395
f 2476/2476 2480/2480 2478/2478
f 2420/2420 2418/2418 2466/2466
f 4320/4320 4321/4321 4322/4322
f 2426/2426 2416/2416 2421/2421
f 2422/2422 2416/2416 2426/2426
f 767/767 755/755 812/812
f 2433/2433 2434/2434 2436/2436
f 2439/2439 2436/2436 2434/2434
f 852/852 775/775 851/851
f 1064/1064 1057/1057 1044/1044
f 1044/1044 1057/1057 1037/1037
f 1037/1037 1057/1057 1041/1041
f 3793/3793 3759/3759 3790/3790
f 1045/1045 1042/1042 1047/1047
f 1047/1047 1070/1070 1053/1053
f 1058/1058 1071/1071 1065/1065
f 63/63 64/64 60/60
f 59/59 26/26 25/25
f 146/146 110/110 106/106
f 154/154 106/106 141/141
f 139/139 130/130 140/140
f 140/140 130/130 143/143
f 150/150 137/137 138/138
f 138/138 129/129 149/149
f 149/149 129/129 148/148
f 4486/4486 4485/4485 4484/4484
f 4484/4484 4485/4485 4482/4482
f 1426/1426 1425/1425 1423/1423
f 1933/1933 1955/1955 1929/1929
f 1920/1920 1933/1933 1930/1930
f 1933/1933 1929/1929 1930/1930
f 1930/1930 1929/1929 1922/1922
f 1923/1923 1922/1922 1924/1924
f 1925/1925 1923/1923 1924/1924
f 1943/1943 1923/1923 1925/1925
f 1946/1946 1943/1943 1944/1944
f 1949/1949 1946/1946 1944/1944
f 1950/1950 1946/1946 1949/1949
f 1606/1606 1590/1590 1591/1591
f 1598/1598 1587/1587 1590/1590
f 1147/1147 1156/1156 1153/1153
f 2485/2485 2395/2395 2491/2491
f 2395/2395 2404/2404 2491/2491
f 4807/4807 4827/4827 4798/4798
f 2477/2477 2476/2476 2478/2478
f 2466/2466 2476/2476 2477/2477
f 3135/3135 3139/3139 3155/3155
f 2421/2421 2420/2420 2462/2462
f 4321/4321 4320/4320 4319/4319
f 4319/4319 4320/4320 4318/4318
f 2429/2429 2422/2422 2426/2426
f 2430/2430 2422/2422 2429/2429
f 812/812 755/755 754/754
f 1062/1062 1064/1064 1044/1044
f 1041/1041 1054/1054 1031/1031
f 1037/1037 1041/1041 1031/1031
f 1031/1031 1042/1042 1026/1026
f 1026/1026 1042/1042 1024/1024
f 217/217 72/72 89/89
f 60/60 62/62 63/63
f 60/60 64/64 59/59
f 59/59 25/25 34/34
f 4530/4530 4535/4535 4531/4531
f 22/22 20/20 21/21
f 21/21 39/39 24/24
f 146/146 106/106 154/154
f 140/140 143/143 151/151
f 151/151 137/137 150/150
f 385/385 388/388 386/386
f 4484/4484 4482/4482 4479/4479
f 1427/1427 1426/1426 1423/1423
f 3903/3903 3907/3907 3908/3908
f 1423/1423 1417/1417 1422/1422
f 1417/1417 1421/1421 1422/1422
f 2779/2779 2782/2782 2783/2783
f 1233/1233 1243/1243 1234/1234
f 3907/3907 3905/3905 3910/3910
f 3910/3910 3905/3905 3911/3911
f 3208/3208 3203/3203 3215/3215
f 1935/1935 1960/1960 1953/1953
f 1941/1941 1936/1936 1937/1937
f 1936/1936 1935/1935 1934/1934
f 1935/1935 1953/1953 1933/1933
f 1934/1934 1935/1935 1933/1933
f 1934/1934 1933/1933 1920/1920
f 1926/1926 1934/1934 1920/1920
f 1920/1920 1930/1930 1922/1922
f 1921/1921 1920/1920 1922/1922
f 1921/1921 1922/1922 1923/1923
f 1918/1918 1921/1921 1946/1946
f 1946/1946 1921/1921 1943/1943
f 1921/1921 1923/1923 1943/1943
f 2507/2507 2510/2510 2511/2511
f 1157/1157 1152/1152 1146/1146
f 2507/2507 2503/2503 2510/2510
f 1152/1152 1151/1151 1146/1146
f 2500/2500 2502/2502 2503/2503
f 1151/1151 1147/1147 1146/1146
f 1146/1146 1147/1147 1148/1148
f 2500/2500 2501/2501 2502/2502
f 2498/2498 2501/2501 2500/2500
f 2429/2429 2426/2426 2421/2421
f 1037/1037 1031/1031 1033/1033
f 1033/1033 1031/1031 1023/1023
f 1031/1031 1026/1026 1023/1023
f 1023/1023 1026/1026 1024/1024
f 1052/1052 1053/1053 1058/1058
f 217/217 89/89 234/234
f 89/89 72/72 61/61
f 72/72 62/62 61/61
f 61/61 62/62 60/60
f 60/60 59/59 34/34
f 4530/4530 4531/4531 4532/4532
f 34/34 25/25 27/27
f 25/25 20/20 22/22
f 27/27 25/25 22/22
f 154/154 141/141 159/159
f 159/159 141/141 139/139
f 150/150 138/138 149/149
f 4487/4487 4486/4486 4484/4484
f 3947/3947 3903/3903 3908/3908
f 3927/3927 3947/3947 3908/3908
f 1428/1428 1426/1426 1427/1427
f 1431/1431 1426/1426 1428/1428
f 2783/2783 2782/2782 2786/2786
f 1423/1423 1422/1422 1430/1430
f 2784/2784 2779/2779 2783/2783
f 3908/3908 3907/3907 3910/3910
f 1938/1938 1963/1963 1941/1941
f 1963/1963 1960/1960 1941/1941
f 1941/1941 1960/1960 1935/1935
f 3213/3213 3208/3208 3215/3215
f 1938/1938 1937/1937 1932/1932
f 1939/1939 1938/1938 1932/1932
f 1938/1938 1941/1941 1937/1937
f 1937/1937 1936/1936 1926/1926
f 1937/1937 1926/1926 1927/1927
f 1936/1936 1934/1934 1926/1926
f 1919/1919 1926/1926 1920/1920
f 1918/1918 1919/1919 1920/1920
f 1918/1918 1920/1920 1921/1921
f 1948/1948 1919/1919 1947/1947
f 1919/1919 1918/1918 1947/1947
f 1947/1947 1918/1918 1946/1946
f 2507/2507 2511/2511 2512/2512
f 2500/2500 2503/2503 2504/2504
f 1148/1148 1147/1147 1150/1150
f 1150/1150 1147/1147 1153/1153
f 1150/1150 1153/1153 1155/1155
f 2490/2490 2491/2491 2514/2514
f 1153/1153 1185/1185 1155/1155
f 2485/2485 2491/2491 2486/2486
f 1155/1155 1185/1185 1175/1175
f 2487/2487 2478/2478 2486/2486
f 2479/2479 2478/2478 2493/2493
f 4818/4818 4800/4800 4813/4813
f 2430/2430 2429/2429 2431/2431
f 1044/1044 1037/1037 1038/1038
f 1038/1038 1037/1037 1033/1033
f 1058/1058 1065/1065 1059/1059
f 1059/1059 1065/1065 1066/1066
f 4530/4530 4532/4532 4533/4533
f 22/22 21/21 23/23
f 23/23 21/21 24/24
f 24/24 39/39 105/105
f 39/39 110/110 105/105
f 159/159 139/139 168/168
f 168/168 139/139 140/140
f 199/199 140/140 215/215
f 215/215 151/151 232/232
f 151/151 150/150 232/232
f 149/149 148/148 198/198
f 4488/4488 4486/4486 4487/4487
f 4478/4478 4484/4484 4479/4479
f 4478/4478 4479/4479 4476/4476
f 4479/4479 4482/4482 4476/4476
f 4476/4476 4482/4482 4483/4483
f 1428/1428 1427/1427 1429/1429
f 1427/1427 1423/1423 1430/1430
f 1429/1429 1427/1427 1430/1430
f 1465/1465 1430/1430 1422/1422
f 1465/1465 1422/1422 1466/1466
f 1243/1243 1246/1246 1244/1244
f 3283/3283 3280/3280 3286/3286
f 1963/1963 1962/1962 1960/1960
f 1932/1932 1937/1937 1927/1927
f 1932/1932 1927/1927 1931/1931
f 1931/1931 1927/1927 1919/1919
f 1919/1919 1927/1927 1926/1926
f 1945/1945 1931/1931 1919/1919
f 1945/1945 1919/1919 1948/1948
f 2503/2503 2507/2507 2504/2504
f 2486/2486 2491/2491 2490/2490
f 1155/1155 1175/1175 1170/1170
f 2493/2493 2478/2478 2492/2492
f 4315/4315 4316/4316 4317/4317
f 4314/4314 4316/4316 4315/4315
f 4292/4292 4314/4314 4315/4315
f 845/845 739/739 844/844
f 2443/2443 2439/2439 2434/2434
f 863/863 783/783 852/852
f 4584/4584 4581/4581 4566/4566
f 1062/1062 1044/1044 1043/1043
f 1043/1043 1044/1044 1038/1038
f 1024/1024 1045/1045 1028/1028
f 1045/1045 1047/1047 1028/1028
f 1047/1047 1053/1053 1052/1052
f 61/61 60/60 34/34
f 4551/4551 4533/4533 4550/4550
f 145/145 110/110 146/146
f 199/199 168/168 140/140
f 1467/1467 1428/1428 1464/1464
f 3284/3284 3279/3279 3282/3282
f 1464/1464 1428/1428 1429/1429
f 3279/3279 3289/3289 3280/3280
f 1465/1465 1429/1429 1430/1430
f 3282/3282 3279/3279 3281/3281
f 3279/3279 3280/3280 3281/3281
f 3281/3281 3280/3280 3283/3283
f 3908/3908 3910/3910 3917/3917
f 3285/3285 3284/3284 3282/3282
f 3282/3282 3281/3281 3287/3287
f 3285/3285 3282/3282 3287/3287
f 1954/1954 1957/1957 1956/1956
f 1942/1942 1939/1939 1940/1940
f 1939/1939 1932/1932 1940/1940
f 1942/1942 1940/1940 1932/1932
f 1942/1942 1932/1932 1931/1931
f 1942/1942 1931/1931 1945/1945
f 1942/1942 1945/1945 1951/1951
f 2504/2504 2507/2507 2508/2508
f 2499/2499 2498/2498 2500/2500
f 2487/2487 2486/2486 2489/2489
f 2489/2489 2486/2486 2490/2490
f 1155/1155 1170/1170 1174/1174
f 3140/3140 3142/3142 3136/3136
f 3136/3136 3142/3142 3143/3143
f 4314/4314 4293/4293 4316/4316
f 4290/4290 4293/4293 4292/4292
f 4293/4293 4314/4314 4292/4292
f 2432/2432 2430/2430 2431/2431
f 4291/4291 4290/4290 4292/4292
f 2432/2432 2433/2433 2430/2430
f 2434/2434 2433/2433 2432/2432
f 2455/2455 2453/2453 2439/2439
f 1063/1063 1062/1062 1043/1043
f 1033/1033 1023/1023 1032/1032
f 1027/1027 1024/1024 1028/1028
f 1059/1059 1066/1066 1067/1067
f 89/89 61/61 73/73
f 105/105 110/110 145/145
f 145/145 146/146 155/155
f 155/155 146/146 154/154
f 155/155 154/154 179/179
f 245/245 215/215 243/243
f 243/243 215/215 246/246
f 199/199 215/215 245/245
f 232/232 150/150 242/242
f 242/242 149/149 229/229
f 3950/3950 3952/3952 3951/3951
f 4473/4473 4478/4478 4476/4476
f 1962/1962 1970/1970 1965/1965
f 1957/1957 1964/1964 1956/1956
f 1956/1956 1964/1964 1969/1969
f 2507/2507 2512/2512 2509/2509
f 2508/2508 2507/2507 2509/2509
f 1154/1154 1146/1146 1149/1149
f 2505/2505 2504/2504 2508/2508
f 2505/2505 2500/2500 2504/2504
f 1146/1146 1148/1148 1149/1149
f 1365/1365 1292/1292 1299/1299
f 1292/1292 1306/1306 1283/1283
f 2492/2492 2478/2478 2487/2487
f 4826/4826 4820/4820 4819/4819
f 844/844 759/759 808/808
f 2459/2459 2453/2453 2455/2455
f 23/23 24/24 80/80
f 80/80 24/24 105/105
f 199/199 245/245 231/231
f 229/229 149/149 198/198
f 4508/4508 4488/4488 4489/4489
f 4489/4489 4488/4488 4487/4487
f 3950/3950 3951/3951 3946/3946
f 3949/3949 3950/3950 3946/3946
f 4474/4474 4473/4473 4476/4476
f 4474/4474 4476/4476 4477/4477
f 3928/3928 3927/3927 3917/3917
f 1965/1965 1961/1961 1962/1962
f 2506/2506 2500/2500 2505/2505
f 2506/2506 2499/2499 2500/2500
f 2498/2498 2499/2499 2489/2489
f 1292/1292 1283/1283 1282/1282
f 1282/1282 1283/1283 1280/1280
f 1174/1174 1170/1170 1167/1167
f 3143/3143 3142/3142 3144/3144
f 3144/3144 3146/3146 3145/3145
f 3143/3143 3144/3144 3145/3145
f 4289/4289 4290/4290 4291/4291
f 4288/4288 4290/4290 4289/4289
f 2435/2435 2434/2434 2432/2432
f 4289/4289 4291/4291 4294/4294
f 2442/2442 2434/2434 2435/2435
f 2442/2442 2443/2443 2434/2434
f 777/777 784/784 786/786
f 783/783 863/863 864/864
f 4560/4560 4562/4562 4557/4557
f 1023/1023 1024/1024 1025/1025
f 1025/1025 1024/1024 1027/1027
f 1028/1028 1047/1047 1046/1046
f 1046/1046 1047/1047 1052/1052
f 4542/4542 4545/4545 4543/4543
f 234/234 89/89 216/216
f 73/73 61/61 34/34
f 33/33 27/27 22/22
f 33/33 22/22 23/23
f 179/179 154/154 159/159
f 237/237 245/245 243/243
f 159/159 168/168 179/179
f 223/223 179/179 168/168
f 223/223 168/168 199/199
f 223/223 199/199 231/231
f 231/231 245/245 237/237
f 232/232 242/242 246/246
f 4509/4509 4508/4508 4489/4489
f 3944/3944 3949/3949 3946/3946
f 4472/4472 4473/4473 4474/4474
f 1965/1965 1970/1970 1967/1967
f 1965/1965 1967/1967 1961/1961
f 3260/3260 3252/3252 3254/3254
f 2513/2513 2505/2505 2508/2508
f 1360/1360 1362/1362 1364/1364
f 1365/1365 1360/1360 1364/1364
f 2515/2515 2499/2499 2506/2506
f 1302/1302 1360/1360 1299/1299
f 1360/1360 1365/1365 1299/1299
f 2496/2496 2499/2499 2515/2515
f 1302/1302 1299/1299 1293/1293
f 1299/1299 1292/1292 1293/1293
f 1293/1293 1292/1292 1282/1282
f 2495/2495 2489/2489 2496/2496
f 2495/2495 2487/2487 2489/2489
f 3146/3146 3144/3144 3147/3147
f 4822/4822 4804/4804 4821/4821
f 4287/4287 4288/4288 4289/4289
f 4287/4287 4289/4289 4294/4294
f 808/808 760/760 791/791
f 2458/2458 2459/2459 2455/2455
f 1038/1038 1033/1033 1035/1035
f 1033/1033 1032/1032 1035/1035
f 1032/1032 1023/1023 1025/1025
f 1052/1052 1058/1058 1059/1059
f 73/73 34/34 44/44
f 44/44 34/34 27/27
f 44/44 27/27 33/33
f 111/111 23/23 80/80
f 161/161 80/80 105/105
f 161/161 105/105 145/145
f 145/145 155/155 190/190
f 190/190 155/155 179/179
f 246/246 242/242 252/252
f 4474/4474 4477/4477 4475/4475
f 3927/3927 3928/3928 3938/3938
f 3939/3939 3927/3927 3938/3938
f 3938/3938 3928/3928 3953/3953
f 1361/1361 1363/1363 1362/1362
f 1360/1360 1361/1361 1362/1362
f 2506/2506 2505/2505 2513/2513
f 2516/2516 2506/2506 2513/2513
f 2515/2515 2506/2506 2516/2516
f 1360/1360 1302/1302 1359/1359
f 1303/1303 1359/1359 1302/1302
f 1301/1301 1303/1303 1302/1302
f 1301/1301 1302/1302 1293/1293
f 2522/2522 2495/2495 2496/2496
f 2442/2442 2435/2435 2463/2463
f 2445/2445 2443/2443 2442/2442
f 2458/2458 2455/2455 2456/2456
f 111/111 33/33 23/23
f 161/161 111/111 80/80
f 190/190 179/179 224/224
f 161/161 145/145 171/171
f 145/145 190/190 171/171
f 5159/5159 5162/5162 5166/5166
f 3960/3960 3961/3961 3945/3945
f 3945/3945 3949/3949 3944/3944
f 3942/3942 3944/3944 3946/3946
f 4472/4472 4474/4474 4475/4475
f 4472/4472 4475/4475 4480/4480
f 1874/1874 1863/1863 1864/1864
f 3940/3940 3927/3927 3939/3939
f 2516/2516 2513/2513 2518/2518
f 1359/1359 1361/1361 1360/1360
f 2517/2517 2515/2515 2516/2516
f 1359/1359 1303/1303 1369/1369
f 2496/2496 2515/2515 2523/2523
f 1369/1369 1303/1303 1304/1304
f 1300/1300 1301/1301 1293/1293
f 2522/2522 2496/2496 2523/2523
f 3149/3149 3148/3148 3150/3150
f 4816/4816 4809/4809 4822/4822
f 1174/1174 1167/1167 1165/1165
f 1279/1279 1280/1280 1278/1278
f 4287/4287 4294/4294 4295/4295
f 4287/4287 4295/4295 4296/4296
f 2456/2456 2443/2443 2445/2445
f 2455/2455 2443/2443 2456/2456
f 1063/1063 1043/1043 1055/1055
f 1043/1043 1038/1038 1040/1040
f 1040/1040 1038/1038 1035/1035
f 4560/4560 4557/4557 4559/4559
f 1025/1025 1027/1027 1028/1028
f 1048/1048 1052/1052 1059/1059
f 1059/1059 1067/1067 1068/1068
f 96/96 44/44 33/33
f 243/243 246/246 244/244
f 246/246 252/252 247/247
f 4472/4472 4480/4480 4481/4481
f 3942/3942 3946/3946 3940/3940
f 3941/3941 3940/3940 3939/3939
f 2516/2516 2518/2518 2517/2517
f 1369/1369 1304/1304 1358/1358
f 1303/1303 1301/1301 1300/1300
f 3148/3148 3152/3152 3151/3151
f 3148/3148 3151/3151 3150/3150
f 3150/3150 3151/3151 3153/3153
f 1279/1279 1282/1282 1280/1280
f 2442/2442 2463/2463 2469/2469
f 4297/4297 4287/4287 4296/4296
f 771/771 777/777 785/785
f 864/864 863/863 862/862
f 1055/1055 1043/1043 1040/1040
f 1048/1048 1046/1046 1052/1052
f 216/216 89/89 73/73
f 237/237 243/243 241/241
f 244/244 246/246 247/247
f 226/226 190/190 224/224
f 225/225 224/224 223/223
f 196/196 161/161 171/171
f 196/196 171/171 205/205
f 205/205 171/171 248/248
f 248/248 171/171 190/190
f 3945/3945 3944/3944 3943/3943
f 3943/3943 3944/3944 3942/3942
f 3152/3152 3154/3154 3151/3151
f 1300/1300 1358/1358 1304/1304
f 1300/1300 1304/1304 1303/1303
f 1293/1293 1282/1282 1279/1279
f 792/792 771/771 847/847
f 771/771 785/785 847/847
f 786/786 864/864 862/862
f 216/216 73/73 203/203
f 203/203 73/73 202/202
f 202/202 73/73 44/44
f 189/189 44/44 96/96
f 96/96 33/33 188/188
f 188/188 33/33 111/111
f 188/188 111/111 218/218
f 237/237 241/241 240/240
f 241/241 243/243 244/244
f 5160/5160 5161/5161 5159/5159
f 218/218 161/161 219/219
f 219/219 161/161 220/220
f 220/220 161/161 196/196
f 226/226 224/224 225/225
f 225/225 223/223 227/227
f 227/227 223/223 230/230
f 230/230 223/223 231/231
f 231/231 237/237 230/230
f 230/230 237/237 238/238
f 3958/3958 3960/3960 3945/3945
f 3967/3967 3960/3960 3958/3958
f 3958/3958 3945/3945 3943/3943
f 3942/3942 3940/3940 3941/3941
f 1300/1300 1293/1293 1279/1279
f 4298/4298 4296/4296 4299/4299
f 785/785 786/786 787/787
f 786/786 862/862 860/860
f 1025/1025 1028/1028 1029/1029
f 1028/1028 1046/1046 1029/1029
f 1029/1029 1046/1046 1048/1048
f 202/202 44/44 189/189
f 189/189 96/96 188/188
f 251/251 241/241 244/244
f 3977/3977 3960/3960 3970/3970
f 4246/4246 4253/4253 4242/4242
f 4252/4252 4258/4258 4239/4239
f 4239/4239 4258/4258 4259/4259
f 4253/4253 4251/4251 4242/4242
f 4242/4242 4251/4251 4238/4238
f 4251/4251 4252/4252 4238/4238
f 4238/4238 4252/4252 4239/4239
f 3967/3967 3958/3958 3968/3968
f 432/432 537/537 494/494
f 3968/3968 3958/3958 3971/3971
f 3958/3958 3943/3943 3959/3959
f 3971/3971 3958/3958 3959/3959
f 3943/3943 3942/3942 3941/3941
f 4019/4019 3941/3941 3939/3939
f 587/587 583/583 597/597
f 592/592 574/574 591/591
f 591/591 574/574 576/576
f 1297/1297 1300/1300 1279/1279
f 1279/1279 1278/1278 1277/1277
f 1168/1168 1164/1164 1160/1160
f 2464/2464 2442/2442 2469/2469
f 4299/4299 4296/4296 4300/4300
f 2461/2461 2458/2458 2456/2456
f 787/787 786/786 860/860
f 1039/1039 1040/1040 1035/1035
f 1035/1035 1032/1032 1034/1034
f 1034/1034 1032/1032 1025/1025
f 1029/1029 1048/1048 1049/1049
f 1048/1048 1059/1059 1051/1051
f 1051/1051 1059/1059 1060/1060
f 1060/1060 1059/1059 1068/1068
f 240/240 241/241 251/251
f 4249/4249 4250/4250 4248/4248
f 230/230 238/238 239/239
f 4248/4248 4247/4247 4245/4245
f 228/228 225/225 227/227
f 4247/4247 4246/4246 4245/4245
f 4245/4245 4246/4246 4242/4242
f 4243/4243 4242/4242 4241/4241
f 4241/4241 4242/4242 4238/4238
f 4238/4238 4239/4239 4240/4240
f 3969/3969 3967/3967 3968/3968
f 3969/3969 3968/3968 3971/3971
f 4241/4241 4238/4238 4240/4240
f 3959/3959 3943/3943 3955/3955
f 3955/3955 3943/3943 3941/3941
f 3955/3955 3941/3941 4019/4019
f 587/587 581/581 583/583
f 578/578 581/581 585/585
f 589/589 575/575 585/585
f 593/593 574/574 592/592
f 1277/1277 1278/1278 1275/1275
f 1277/1277 1275/1275 1274/1274
f 1274/1274 1275/1275 1276/1276
f 1281/1281 1276/1276 1284/1284
f 2445/2445 2464/2464 2468/2468
f 2456/2456 2445/2445 2468/2468
f 4301/4301 4299/4299 4300/4300
f 847/847 785/785 787/787
f 4301/4301 4300/4300 4302/4302
f 787/787 860/860 861/861
f 1039/1039 1035/1035 1036/1036
f 1035/1035 1034/1034 1036/1036
f 1034/1034 1025/1025 1030/1030
f 1030/1030 1025/1025 1029/1029
f 1049/1049 1048/1048 1050/1050
f 1050/1050 1048/1048 1051/1051
f 1060/1060 1068/1068 1069/1069
f 233/233 216/216 203/203
f 4543/4543 4548/4548 4547/4547
f 5227/5227 5230/5230 5228/5228
f 5165/5165 5164/5164 5157/5157
f 4254/4254 4250/4250 4249/4249
f 239/239 238/238 250/250
f 238/238 240/240 250/250
f 235/235 230/230 239/239
f 4249/4249 4248/4248 4245/4245
f 3975/3975 3970/3970 3969/3969
f 3969/3969 3970/3970 3967/3967
f 4262/4262 4263/4263 4255/4255
f 4262/4262 4255/4255 4249/4249
f 4244/4244 4245/4245 4242/4242
f 4261/4261 4249/4249 4245/4245
f 4260/4260 4245/4245 4244/4244
f 4244/4244 4242/4242 4243/4243
f 4330/4330 4357/4357 4328/4328
f 4260/4260 4244/4244 4243/4243
f 3972/3972 3971/3971 3973/3973
f 637/637 623/623 624/624
f 637/637 624/624 638/638
f 637/637 638/638 584/584
f 584/584 638/638 647/647
f 582/582 584/584 583/583
f 581/581 582/582 583/583
f 1297/1297 1279/1279 1277/1277
f 1274/1274 1276/1276 1281/1281
f 1171/1171 1168/1168 1169/1169
f 2470/2470 2456/2456 2468/2468
f 2461/2461 2456/2456 2470/2470
f 2467/2467 2461/2461 2470/2470
f 1056/1056 1039/1039 1072/1072
f 4313/4313 4257/4257 4256/4256
f 5155/5155 5157/5157 5154/5154
f 5154/5154 5157/5157 5158/5158
f 4256/4256 4257/4257 4254/4254
f 4266/4266 4268/4268 4267/4267
f 4256/4256 4254/4254 4255/4255
f 5142/5142 5193/5193 5144/5144
f 3978/3978 3977/3977 3970/3970
f 3976/3976 3970/3970 3975/3975
f 4255/4255 4254/4254 4249/4249
f 236/236 228/228 227/227
f 236/236 227/227 235/235
f 235/235 227/227 230/230
f 4263/4263 4256/4256 4255/4255
f 3974/3974 3975/3975 3969/3969
f 3974/3974 3969/3969 3972/3972
f 3969/3969 3971/3971 3972/3972
f 637/637 625/625 623/623
f 625/625 637/637 641/641
f 641/641 637/637 604/604
f 624/624 623/623 622/622
f 582/582 604/604 637/637
f 582/582 637/637 584/584
f 578/578 580/580 581/581
f 580/580 582/582 581/581
f 593/593 573/573 574/574
f 1296/1296 1297/1297 1277/1277
f 1288/1288 1277/1277 1274/1274
f 1168/1168 1171/1171 1188/1188
f 1281/1281 1284/1284 1285/1285
f 4286/4286 4301/4301 4302/4302
f 4286/4286 4302/4302 4303/4303
f 4286/4286 4303/4303 4304/4304
f 1036/1036 1034/1034 1030/1030
f 1030/1030 1029/1029 1061/1061
f 1061/1061 1029/1029 1049/1049
f 4310/4310 4311/4311 4273/4273
f 4269/4269 4312/4312 4313/4313
f 4267/4267 4313/4313 4256/4256
f 5152/5152 5155/5155 5154/5154
f 3979/3979 3977/3977 3978/3978
f 3976/3976 3978/3978 3970/3970
f 3974/3974 3976/3976 3975/3975
f 3976/3976 3974/3974 3982/3982
f 3982/3982 3974/3974 3972/3972
f 4330/4330 4328/4328 4327/4327
f 619/619 618/618 625/625
f 625/625 618/618 623/623
f 633/633 619/619 641/641
f 641/641 619/619 625/625
f 595/595 641/641 604/604
f 579/579 595/595 580/580
f 595/595 604/604 580/580
f 580/580 604/604 582/582
f 579/579 580/580 578/578
f 575/575 577/577 578/578
f 570/570 575/575 574/574
f 636/636 573/573 635/635
f 936/936 937/937 935/935
f 1286/1286 1281/1281 1285/1285
f 1188/1188 1171/1171 1176/1176
f 1172/1172 1173/1173 1177/1177
f 4284/4284 4285/4285 4286/4286
f 4283/4283 4285/4285 4284/4284
f 4284/4284 4286/4286 4304/4304
f 4283/4283 4284/4284 4281/4281
f 4282/4282 4283/4283 4281/4281
f 4284/4284 4304/4304 4305/4305
f 4284/4284 4305/4305 4280/4280
f 4280/4280 4305/4305 4306/4306
f 4280/4280 4306/4306 4277/4277
f 4277/4277 4306/4306 4307/4307
f 4273/4273 4309/4309 4310/4310
f 4272/4272 4274/4274 4273/4273
f 4272/4272 4273/4273 4271/4271
f 4273/4273 4311/4311 4271/4271
f 4271/4271 4311/4311 4312/4312
f 4270/4270 4272/4272 4271/4271
f 4271/4271 4312/4312 4269/4269
f 4270/4270 4271/4271 4269/4269
f 4269/4269 4313/4313 4267/4267
f 3987/3987 3979/3979 3980/3980
f 3982/3982 3972/3972 3984/3984
f 631/631 613/613 612/612
f 613/613 631/631 601/601
f 631/631 612/612 633/633
f 612/612 619/619 633/633
f 601/601 631/631 633/633
f 601/601 633/633 595/595
f 595/595 633/633 641/641
f 579/579 601/601 595/595
f 636/636 572/572 573/573
f 573/573 570/570 574/574
f 1274/1274 1281/1281 1286/1286
f 1368/1368 1367/1367 1317/1317
f 1177/1177 1173/1173 1178/1178
f 4281/4281 4284/4284 4280/4280
f 4278/4278 4280/4280 4277/4277
f 4276/4276 4278/4278 4277/4277
f 4276/4276 4277/4277 4275/4275
f 4277/4277 4307/4307 4275/4275
f 4275/4275 4307/4307 4308/4308
f 4276/4276 4275/4275 4274/4274
f 4275/4275 4308/4308 4309/4309
f 4275/4275 4309/4309 4273/4273
f 5190/5190 5152/5152 5146/5146
f 3978/3978 3976/3976 3982/3982
f 3981/3981 3978/3978 3982/3982
f 4337/4337 4338/4338 4336/4336
f 5197/5197 5192/5192 5143/5143
f 612/612 613/613 551/551
f 612/612 615/615 618/618
f 619/619 612/612 618/618
f 596/596 551/551 613/613
f 596/596 613/613 601/601
f 586/586 596/596 579/579
f 579/579 596/596 601/601
f 586/586 579/579 577/577
f 572/572 570/570 573/573
f 635/635 572/572 636/636
f 572/572 635/635 634/634
f 1295/1295 1296/1296 1277/1277
f 1295/1295 1277/1277 1288/1288
f 1295/1295 1288/1288 1291/1291
f 1288/1288 1274/1274 1290/1290
f 1286/1286 1285/1285 1287/1287
f 1286/1286 1287/1287 1289/1289
f 1317/1317 1366/1366 1368/1368
f 1313/1313 1317/1317 1367/1367
f 3981/3981 3980/3980 3978/3978
f 4335/4335 4336/4336 4334/4334
f 551/551 608/608 612/612
f 618/618 615/615 621/621
f 549/549 551/551 596/596
f 571/571 550/550 586/586
f 586/586 550/550 549/549
f 586/586 549/549 596/596
f 569/569 557/557 571/571
f 569/569 568/568 557/557
f 571/571 586/586 577/577
f 569/569 571/571 570/570
f 570/570 571/571 577/577
f 568/568 569/569 570/570
f 602/602 568/568 572/572
f 572/572 568/568 570/570
f 634/634 651/651 602/602
f 634/634 602/602 572/572
f 1291/1291 1288/1288 1290/1290
f 1290/1290 1274/1274 1286/1286
f 1289/1289 1287/1287 1366/1366
f 1316/1316 1327/1327 1317/1317
f 1327/1327 1366/1366 1317/1317
f 5204/5204 5115/5115 5112/5112
f 3994/3994 3996/3996 3997/3997
f 3994/3994 3997/3997 3989/3989
f 3980/3980 3985/3985 3987/3987
f 3980/3980 3981/3981 3983/3983
f 3981/3981 3982/3982 3983/3983
f 3983/3983 3982/3982 3984/3984
f 608/608 611/611 612/612
f 612/612 611/611 615/615
f 606/606 608/608 551/551
f 548/548 606/606 551/551
f 547/547 548/548 549/549
f 549/549 548/548 551/551
f 550/550 547/547 549/549
f 4327/4327 4329/4329 4323/4323
f 557/557 550/550 571/571
f 648/648 559/559 640/640
f 568/568 559/559 557/557
f 559/559 568/568 640/640
f 4369/4369 4368/4368 4370/4370
f 1290/1290 1286/1286 1289/1289
f 1313/1313 1316/1316 1317/1317
f 2888/2888 2887/2887 2886/2886
f 2887/2887 2882/2882 2886/2886
f 2882/2882 2875/2875 2877/2877
f 2884/2884 2881/2881 2879/2879
f 5108/5108 5107/5107 5111/5111
f 5107/5107 5115/5115 5111/5111
f 5111/5111 5115/5115 5204/5204
f 3995/3995 3996/3996 3994/3994
f 3993/3993 3994/3994 3989/3989
f 3988/3988 3989/3989 3985/3985
f 3985/3985 3980/3980 3983/3983
f 3986/3986 3985/3985 3983/3983
f 615/615 620/620 621/621
f 607/607 609/609 608/608
f 609/609 611/611 608/608
f 606/606 607/607 608/608
f 548/548 607/607 606/606
f 645/645 607/607 548/548
f 547/547 550/550 552/552
f 4329/4329 4358/4358 4324/4324
f 556/556 552/552 550/550
f 4323/4323 4329/4329 4324/4324
f 4323/4323 4324/4324 4325/4325
f 565/565 558/558 559/559
f 565/565 559/559 649/649
f 559/559 648/648 649/649
f 4368/4368 4323/4323 4325/4325
f 1298/1298 1295/1295 1291/1291
f 1298/1298 1291/1291 1294/1294
f 1294/1294 1291/1291 1290/1290
f 1290/1290 1289/1289 1327/1327
f 1310/1310 1327/1327 1316/1316
f 1310/1310 1316/1316 1313/1313
f 1311/1311 1310/1310 1313/1313
f 1311/1311 1313/1313 1314/1314
f 2886/2886 2882/2882 2883/2883
f 2883/2883 2882/2882 2877/2877
f 2877/2877 2875/2875 2876/2876
f 2873/2873 2879/2879 2878/2878
f 2878/2878 2879/2879 2880/2880
f 2880/2880 2879/2879 2881/2881
f 5108/5108 5111/5111 5116/5116
f 3993/3993 3989/3989 3988/3988
f 3988/3988 3985/3985 3986/3986
f 611/611 616/616 615/615
f 615/615 616/616 617/617
f 615/615 617/617 620/620
f 620/620 617/617 627/627
f 646/646 607/607 645/645
f 646/646 645/645 566/566
f 553/553 645/645 548/548
f 566/566 645/645 553/553
f 553/553 548/548 547/547
f 565/565 560/560 558/558
f 649/649 648/648 640/640
f 1298/1298 1294/1294 1305/1305
f 1294/1294 1290/1290 1327/1327
f 1307/1307 1294/1294 1327/1327
f 1307/1307 1327/1327 1310/1310
f 1309/1309 1307/1307 1310/1310
f 1311/1311 1314/1314 1315/1315
f 1318/1318 1311/1311 1315/1315
f 1318/1318 1315/1315 1319/1319
f 2883/2883 2877/2877 2876/2876
f 2876/2876 2875/2875 2872/2872
f 2872/2872 2875/2875 2873/2873
f 2872/2872 2873/2873 2874/2874
f 2878/2878 2880/2880 2885/2885
f 3995/3995 3994/3994 3993/3993
f 1334/1334 1335/1335 1333/1333
f 1336/1336 1335/1335 1337/1337
f 617/617 628/628 627/627
f 616/616 626/626 617/617
f 617/617 626/626 628/628
f 1335/1335 1344/1344 1341/1341
f 1341/1341 1344/1344 1343/1343
f 4411/4411 4423/4423 4424/4424
f 1338/1338 1336/1336 1337/1337
f 1341/1341 1337/1337 1335/1335
f 614/614 610/610 607/607
f 607/607 610/610 609/609
f 1338/1338 1339/1339 1350/1350
f 1338/1338 1337/1337 1339/1339
f 1339/1339 1337/1337 1340/1340
f 1340/1340 1337/1337 1341/1341
f 1341/1341 1343/1343 1342/1342
f 632/632 614/614 629/629
f 629/629 614/614 607/607
f 4352/4352 4331/4331 4355/4355
f 1914/1914 1913/1913 1912/1912
f 1340/1340 1341/1341 1342/1342
f 1909/1909 1911/1911 1910/1910
f 4403/4403 4400/4400 4399/4399
f 4399/4399 4400/4400 4401/4401
f 4399/4399 4401/4401 4402/4402
f 646/646 629/629 607/607
f 567/567 646/646 566/566
f 555/555 552/552 556/556
f 552/552 554/554 553/553
f 928/928 929/929 926/926
f 928/928 926/926 925/925
f 1305/1305 1294/1294 1307/1307
f 1309/1309 1310/1310 1308/1308
f 1320/1320 1318/1318 1319/1319
f 1329/1329 1348/1348 1331/1331
f 1331/1331 1348/1348 1346/1346
f 5208/5208 5126/5126 5205/5205
f 1345/1345 1331/1331 1346/1346
f 1334/1334 1331/1331 1345/1345
f 1333/1333 1331/1331 1334/1334
f 3995/3995 3993/3993 3998/3998
f 1336/1336 1333/1333 1335/1335
f 4009/4009 3993/3993 3988/3988
f 4009/4009 3988/3988 4012/4012
f 1347/1347 1333/1333 1336/1336
f 4012/4012 3988/3988 3986/3986
f 4420/4420 4419/4419 4418/4418
f 1347/1347 1336/1336 1338/1338
f 4355/4355 4331/4331 4354/4354
f 1353/1353 1347/1347 1349/1349
f 1349/1349 1347/1347 1338/1338
f 4413/4413 4411/4411 4412/4412
f 1352/1352 1353/1353 1349/1349
f 1349/1349 1338/1338 1350/1350
f 1351/1351 1352/1352 1349/1349
f 1351/1351 1349/1349 1350/1350
f 1912/1912 1916/1916 1914/1914
f 553/553 554/554 566/566
f 561/561 555/555 556/556
f 925/925 926/926 927/927
f 1308/1308 1305/1305 1307/1307
f 1308/1308 1307/1307 1309/1309
f 1308/1308 1310/1310 1311/1311
f 1321/1321 1311/1311 1318/1318
f 1321/1321 1318/1318 1320/1320
f 4351/4351 4350/4350 4361/4361
f 1322/1322 1320/1320 1319/1319
f 1323/1323 1322/1322 1319/1319
f 4349/4349 4350/4350 4351/4351
f 1326/1326 1322/1322 1323/1323
f 4344/4344 4347/4347 4348/4348
f 1330/1330 1329/1329 1331/1331
f 5124/5124 5116/5116 5117/5117
f 5118/5118 5111/5111 5120/5120
f 5118/5118 5120/5120 5121/5121
f 4343/4343 4345/4345 4344/4344
f 1333/1333 1330/1330 1331/1331
f 1355/1355 1357/1357 1333/1333
f 1357/1357 1330/1330 1333/1333
f 3998/3998 3993/3993 3999/3999
f 4339/4339 4342/4342 4346/4346
f 3993/3993 4009/4009 3999/3999
f 4339/4339 4346/4346 4353/4353
f 1354/1354 1355/1355 1347/1347
f 1347/1347 1355/1355 1333/1333
f 4354/4354 4339/4339 4353/4353
f 1353/1353 1354/1354 1347/1347
f 4429/4429 4418/4418 4417/4417
f 1908/1908 1910/1910 1915/1915
f 1917/1917 1916/1916 1912/1912
f 603/603 567/567 554/554
f 562/562 603/603 554/554
f 555/555 563/563 562/562
f 555/555 562/562 554/554
f 561/561 564/564 555/555
f 1312/1312 1308/1308 1311/1311
f 1312/1312 1311/1311 1321/1321
f 1325/1325 1312/1312 1321/1321
f 1325/1325 1321/1321 1324/1324
f 1324/1324 1321/1321 1320/1320
f 1322/1322 1324/1324 1320/1320
f 1329/1329 1322/1322 1326/1326
f 1332/1332 1322/1322 1330/1330
f 1330/1330 1322/1322 1329/1329
f 4344/4344 4348/4348 4364/4364
f 1356/1356 1332/1332 1330/1330
f 5207/5207 5205/5205 5206/5206
f 5208/5208 5205/5205 5207/5207
f 1357/1357 1356/1356 1330/1330
f 5117/5117 5116/5116 5111/5111
f 5117/5117 5111/5111 5118/5118
f 5118/5118 5121/5121 5122/5122
f 4344/4344 4364/4364 4346/4346
f 4009/4009 4012/4012 4002/4002
f 4012/4012 4021/4021 4014/4014
f 4002/4002 4012/4012 4014/4014
f 4437/4437 4413/4413 4442/4442
f 563/563 605/605 562/562
f 564/564 605/605 563/563
f 1328/1328 1324/1324 1322/1322
f 1328/1328 1322/1322 1332/1332
f 5234/5234 5233/5233 5232/5232
f 4010/4010 3998/3998 4000/4000
f 3998/3998 3999/3999 4000/4000
f 3999/3999 4009/4009 4002/4002
f 4427/4427 4428/4428 4429/4429
f 5235/5235 5233/5233 5234/5234
f 5123/5123 5119/5119 5127/5127
f 5119/5119 5117/5117 5118/5118
f 5119/5119 5118/5118 5132/5132
f 5118/5118 5122/5122 5132/5132
f 4008/4008 4010/4010 4000/4000
f 5128/5128 5130/5130 5123/5123
f 5128/5128 5123/5123 5127/5127
f 1385/1385 1382/1382 1389/1389
f 5133/5133 5132/5132 5134/5134
f 4001/4001 4000/4000 3999/3999
f 1022/1022 1020/1020 1019/1019
f 5131/5131 5119/5119 5199/5199
f 1018/1018 1021/1021 1019/1019
f 4001/4001 3999/3999 4002/4002
f 1010/1010 1017/1017 1007/1007
f 1007/1007 1017/1017 1012/1012
f 4008/4008 4000/4000 4005/4005
f 4005/4005 4000/4000 4001/4001
f 1009/1009 1019/1019 1010/1010
f 4005/4005 4001/4001 4004/4004
f 4436/4436 4443/4443 4441/4441
f 1009/1009 1010/1010 1007/1007
f 1007/1007 1012/1012 1011/1011
f 1011/1011 1012/1012 1013/1013
f 4007/4007 4005/4005 4006/4006
f 1018/1018 1019/1019 1009/1009
f 4006/4006 4005/4005 4004/4004
f 4003/4003 4001/4001 4002/4002
f 4003/4003 4002/4002 4011/4011
f 1014/1014 1013/1013 1015/1015
f 4007/4007 4006/4006 4013/4013
f 4435/4435 4445/4445 4436/4436
f 4439/4439 4434/4434 4433/4433
f 1011/1011 1013/1013 1014/1014
f 1006/1006 1018/1018 1009/1009
f 1006/1006 1009/1009 1007/1007
f 4015/4015 4013/4013 4006/4006
f 4004/4004 4001/4001 4003/4003
f 4445/4445 4444/4444 4436/4436
f 4452/4452 4447/4447 4439/4439
f 1011/1011 1014/1014 1016/1016
f 1006/1006 1007/1007 1008/1008
f 1008/1008 1007/1007 1011/1011
f 1610/1610 1611/1611 1612/1612
f 1610/1610 1612/1612 1624/1624
f 4024/4024 4003/4003 4011/4011
f 4436/4436 4444/4444 4443/4443
f 4434/4434 4446/4446 4435/4435
f 4435/4435 4446/4446 4445/4445
f 4447/4447 4446/4446 4434/4434
f 1614/1614 1609/1609 1613/1613
f 1610/1610 1609/1609 1611/1611
f 1609/1609 1615/1615 1611/1611
f 1613/1613 1609/1609 1608/1608
f 1608/1608 1609/1609 1610/1610
f 1613/1613 1608/1608 1619/1619
f 1608/1608 1610/1610 1621/1621
f 1621/1621 1610/1610 1624/1624
f 1625/1625 1621/1621 1624/1624
f 4445/4445 4449/4449 4444/4444
f 4446/4446 4449/4449 4445/4445
f 4447/4447 4448/4448 4446/4446
f 1630/1630 1623/1623 1631/1631
f 4450/4450 4448/4448 4447/4447
f 1614/1614 1626/1626 1616/1616
f 1614/1614 1616/1616 1615/1615
f 1609/1609 1614/1614 1615/1615
f 1617/1617 1614/1614 1613/1613
f 1618/1618 1617/1617 1613/1613
f 1618/1618 1613/1613 1619/1619
f 1619/1619 1608/1608 1620/1620
f 1620/1620 1608/1608 1621/1621
f 1618/1618 1619/1619 1622/1622
f 1623/1623 1618/1618 1622/1622
f 1622/1622 1619/1619 1620/1620
f 1622/1622 1620/1620 1627/1627
f 1620/1620 1621/1621 1627/1627
